2023-12-27 03:30:13,801 [Worker-8: Loading available Gradle versions] INFO  o.e.b.c.i.u.g.PublishedGradleVersions - Gradle version information cache is up-to-date. Trying to read.
2023-12-27 03:35:42,035 [Worker-0: Loading available Gradle versions] INFO  o.e.b.c.i.u.g.PublishedGradleVersions - Gradle version information cache is up-to-date. Trying to read.
2023-12-27 03:36:42,416 [Worker-0: Loading available Gradle versions] INFO  o.e.b.c.i.u.g.PublishedGradleVersions - Gradle version information cache is up-to-date. Trying to read.
2023-12-28 18:14:48,836 [Worker-5: Loading available Gradle versions] INFO  o.e.b.c.i.u.g.PublishedGradleVersions - Gradle version information cache is out-of-date. Trying to update.
2023-12-28 18:56:06,959 [Worker-35: Update Maven projects configuration] INFO  o.e.m.c.i.p.ProjectConfigurationManager - Update started
2023-12-28 18:56:08,087 [Worker-35: Update Maven projects configuration] INFO  o.e.m.c.i.l.LifecycleMappingFactory - Using org.eclipse.m2e.jdt.JarLifecycleMapping lifecycle mapping for MavenProject: com.example:ProyectoFinal:0.0.1-SNAPSHOT @ C:\Users\May\Downloads\ProyectoFinal\pom.xml.
2023-12-28 18:56:08,838 [Worker-35: Update Maven projects configuration] INFO  o.e.m.c.i.e.AbstractTransferListenerAdapter - Downloading https://repo.maven.apache.org/maven2/org/apache/maven/plugins/maven-surefire-plugin/3.1.2/maven-surefire-plugin-3.1.2.pom
2023-12-28 18:56:08,851 [Worker-35: Update Maven projects configuration] INFO  o.e.m.c.i.e.AbstractTransferListenerAdapter - Downloaded https://repo.maven.apache.org/maven2/org/apache/maven/plugins/maven-surefire-plugin/3.1.2/maven-surefire-plugin-3.1.2.pom
2023-12-28 18:56:08,868 [Worker-35: Update Maven projects configuration] INFO  o.e.m.c.i.e.AbstractTransferListenerAdapter - Downloading https://repo.maven.apache.org/maven2/org/apache/maven/surefire/surefire/3.1.2/surefire-3.1.2.pom
2023-12-28 18:56:08,884 [Worker-35: Update Maven projects configuration] INFO  o.e.m.c.i.e.AbstractTransferListenerAdapter - Downloaded https://repo.maven.apache.org/maven2/org/apache/maven/surefire/surefire/3.1.2/surefire-3.1.2.pom
2023-12-28 18:56:09,533 [Worker-35: Update Maven projects configuration] INFO  o.e.m.j.i.AbstractJavaProjectConfigurator - Adding source folder /ProyectoFinal/src/main/java
2023-12-28 18:56:09,534 [Worker-35: Update Maven projects configuration] INFO  o.e.m.j.i.AbstractJavaProjectConfigurator - Adding resource folder /ProyectoFinal/src/main/resources
2023-12-28 18:56:09,538 [Worker-35: Update Maven projects configuration] INFO  o.e.m.j.i.AbstractJavaProjectConfigurator - Adding resource folder /ProyectoFinal/src/main/resources
2023-12-28 18:56:09,544 [Worker-35: Update Maven projects configuration] INFO  o.e.m.j.i.AbstractJavaProjectConfigurator - Adding source folder /ProyectoFinal/src/test/java
2023-12-28 18:56:09,545 [Worker-35: Update Maven projects configuration] INFO  o.e.m.j.i.AbstractJavaProjectConfigurator - Adding resource folder /ProyectoFinal/src/test/resources
2023-12-28 18:56:10,297 [Worker-29: Download sources and javadoc] INFO  o.e.m.c.i.e.AbstractTransferListenerAdapter - Downloading https://repo.maven.apache.org/maven2/org/springframework/boot/spring-boot-starter-web/3.2.1/spring-boot-starter-web-3.2.1-sources.jar
2023-12-28 18:56:10,304 [Worker-29: Download sources and javadoc] INFO  o.e.m.c.i.e.AbstractTransferListenerAdapter - Downloaded https://repo.maven.apache.org/maven2/org/springframework/boot/spring-boot-starter-web/3.2.1/spring-boot-starter-web-3.2.1-sources.jar
2023-12-28 18:56:10,308 [Worker-29: Download sources and javadoc] INFO  o.e.m.j.internal.DownloadSourcesJob - Downloaded sources for org.springframework.boot:spring-boot-starter-web:3.2.1
2023-12-28 18:56:10,345 [Worker-29: Download sources and javadoc] INFO  o.e.m.c.i.e.AbstractTransferListenerAdapter - Downloading https://repo.maven.apache.org/maven2/org/springframework/boot/spring-boot-starter/3.2.1/spring-boot-starter-3.2.1-sources.jar
2023-12-28 18:56:10,351 [Worker-29: Download sources and javadoc] INFO  o.e.m.c.i.e.AbstractTransferListenerAdapter - Downloaded https://repo.maven.apache.org/maven2/org/springframework/boot/spring-boot-starter/3.2.1/spring-boot-starter-3.2.1-sources.jar
2023-12-28 18:56:10,355 [Worker-29: Download sources and javadoc] INFO  o.e.m.j.internal.DownloadSourcesJob - Downloaded sources for org.springframework.boot:spring-boot-starter:3.2.1
2023-12-28 18:56:10,358 [Worker-35: Update Maven projects configuration] INFO  o.e.m.c.i.p.ProjectConfigurationManager - Update completed for 1 poms: local refresh takes 0,00 sec, refresh facades takes 2,00 sec, update config takes 0,00 sec 
2023-12-28 18:56:10,396 [Worker-29: Download sources and javadoc] INFO  o.e.m.c.i.e.AbstractTransferListenerAdapter - Downloading https://repo.maven.apache.org/maven2/org/springframework/boot/spring-boot/3.2.1/spring-boot-3.2.1-sources.jar
2023-12-28 18:56:10,448 [Worker-29: Download sources and javadoc] INFO  o.e.m.c.i.e.AbstractTransferListenerAdapter - Downloaded https://repo.maven.apache.org/maven2/org/springframework/boot/spring-boot/3.2.1/spring-boot-3.2.1-sources.jar
2023-12-28 18:56:10,451 [Worker-29: Download sources and javadoc] INFO  o.e.m.j.internal.DownloadSourcesJob - Downloaded sources for org.springframework.boot:spring-boot:3.2.1
2023-12-28 18:56:10,485 [Worker-29: Download sources and javadoc] INFO  o.e.m.c.i.e.AbstractTransferListenerAdapter - Downloading https://repo.maven.apache.org/maven2/org/springframework/boot/spring-boot-autoconfigure/3.2.1/spring-boot-autoconfigure-3.2.1-sources.jar
2023-12-28 18:56:10,534 [Worker-29: Download sources and javadoc] INFO  o.e.m.c.i.e.AbstractTransferListenerAdapter - Downloaded https://repo.maven.apache.org/maven2/org/springframework/boot/spring-boot-autoconfigure/3.2.1/spring-boot-autoconfigure-3.2.1-sources.jar
2023-12-28 18:56:10,538 [Worker-29: Download sources and javadoc] INFO  o.e.m.j.internal.DownloadSourcesJob - Downloaded sources for org.springframework.boot:spring-boot-autoconfigure:3.2.1
2023-12-28 18:56:10,580 [Worker-29: Download sources and javadoc] INFO  o.e.m.c.i.e.AbstractTransferListenerAdapter - Downloading https://repo.maven.apache.org/maven2/org/springframework/boot/spring-boot-starter-logging/3.2.1/spring-boot-starter-logging-3.2.1-sources.jar
2023-12-28 18:56:10,583 [Worker-36: Building] INFO  o.a.m.s.f.DefaultMavenResourcesFiltering - Copying 1 resource from src\main\resources to target\classes
2023-12-28 18:56:10,585 [Worker-29: Download sources and javadoc] INFO  o.e.m.c.i.e.AbstractTransferListenerAdapter - Downloaded https://repo.maven.apache.org/maven2/org/springframework/boot/spring-boot-starter-logging/3.2.1/spring-boot-starter-logging-3.2.1-sources.jar
2023-12-28 18:56:10,589 [Worker-29: Download sources and javadoc] INFO  o.e.m.j.internal.DownloadSourcesJob - Downloaded sources for org.springframework.boot:spring-boot-starter-logging:3.2.1
2023-12-28 18:56:10,601 [Worker-36: Building] INFO  o.a.m.s.f.DefaultMavenResourcesFiltering - Copying 0 resource from src\main\resources to target\classes
2023-12-28 18:56:10,605 [Worker-36: Building] INFO  o.a.m.s.f.DefaultMavenResourcesFiltering - skip non existing resourceDirectory C:\Users\May\Downloads\ProyectoFinal\src\test\resources
2023-12-28 18:56:10,626 [Worker-29: Download sources and javadoc] INFO  o.e.m.c.i.e.AbstractTransferListenerAdapter - Downloading https://repo.maven.apache.org/maven2/ch/qos/logback/logback-classic/1.4.14/logback-classic-1.4.14-sources.jar
2023-12-28 18:56:10,654 [Worker-29: Download sources and javadoc] INFO  o.e.m.c.i.e.AbstractTransferListenerAdapter - Downloaded https://repo.maven.apache.org/maven2/ch/qos/logback/logback-classic/1.4.14/logback-classic-1.4.14-sources.jar
2023-12-28 18:56:10,657 [Worker-29: Download sources and javadoc] INFO  o.e.m.j.internal.DownloadSourcesJob - Downloaded sources for ch.qos.logback:logback-classic:1.4.14
2023-12-28 18:56:10,697 [Worker-29: Download sources and javadoc] INFO  o.e.m.c.i.e.AbstractTransferListenerAdapter - Downloading https://repo.maven.apache.org/maven2/ch/qos/logback/logback-core/1.4.14/logback-core-1.4.14-sources.jar
2023-12-28 18:56:10,730 [Worker-29: Download sources and javadoc] INFO  o.e.m.c.i.e.AbstractTransferListenerAdapter - Downloaded https://repo.maven.apache.org/maven2/ch/qos/logback/logback-core/1.4.14/logback-core-1.4.14-sources.jar
2023-12-28 18:56:10,735 [Worker-29: Download sources and javadoc] INFO  o.e.m.j.internal.DownloadSourcesJob - Downloaded sources for ch.qos.logback:logback-core:1.4.14
2023-12-28 18:56:10,777 [Worker-29: Download sources and javadoc] INFO  o.e.m.c.i.e.AbstractTransferListenerAdapter - Downloading https://repo.maven.apache.org/maven2/org/apache/logging/log4j/log4j-to-slf4j/2.21.1/log4j-to-slf4j-2.21.1-sources.jar
2023-12-28 18:56:10,784 [Worker-29: Download sources and javadoc] INFO  o.e.m.c.i.e.AbstractTransferListenerAdapter - Downloaded https://repo.maven.apache.org/maven2/org/apache/logging/log4j/log4j-to-slf4j/2.21.1/log4j-to-slf4j-2.21.1-sources.jar
2023-12-28 18:56:10,788 [Worker-29: Download sources and javadoc] INFO  o.e.m.j.internal.DownloadSourcesJob - Downloaded sources for org.apache.logging.log4j:log4j-to-slf4j:2.21.1
2023-12-28 18:56:10,822 [Worker-29: Download sources and javadoc] INFO  o.e.m.c.i.e.AbstractTransferListenerAdapter - Downloading https://repo.maven.apache.org/maven2/org/apache/logging/log4j/log4j-api/2.21.1/log4j-api-2.21.1-sources.jar
2023-12-28 18:56:10,850 [Worker-29: Download sources and javadoc] INFO  o.e.m.c.i.e.AbstractTransferListenerAdapter - Downloaded https://repo.maven.apache.org/maven2/org/apache/logging/log4j/log4j-api/2.21.1/log4j-api-2.21.1-sources.jar
2023-12-28 18:56:10,853 [Worker-29: Download sources and javadoc] INFO  o.e.m.j.internal.DownloadSourcesJob - Downloaded sources for org.apache.logging.log4j:log4j-api:2.21.1
2023-12-28 18:56:10,892 [Worker-29: Download sources and javadoc] INFO  o.e.m.c.i.e.AbstractTransferListenerAdapter - Downloading https://repo.maven.apache.org/maven2/org/slf4j/jul-to-slf4j/2.0.9/jul-to-slf4j-2.0.9-sources.jar
2023-12-28 18:56:10,896 [Worker-29: Download sources and javadoc] INFO  o.e.m.c.i.e.AbstractTransferListenerAdapter - Downloaded https://repo.maven.apache.org/maven2/org/slf4j/jul-to-slf4j/2.0.9/jul-to-slf4j-2.0.9-sources.jar
2023-12-28 18:56:10,899 [Worker-29: Download sources and javadoc] INFO  o.e.m.j.internal.DownloadSourcesJob - Downloaded sources for org.slf4j:jul-to-slf4j:2.0.9
2023-12-28 18:56:10,931 [Worker-29: Download sources and javadoc] INFO  o.e.m.c.i.e.AbstractTransferListenerAdapter - Downloading https://repo.maven.apache.org/maven2/jakarta/annotation/jakarta.annotation-api/2.1.1/jakarta.annotation-api-2.1.1-sources.jar
2023-12-28 18:56:10,949 [Worker-29: Download sources and javadoc] INFO  o.e.m.c.i.e.AbstractTransferListenerAdapter - Downloaded https://repo.maven.apache.org/maven2/jakarta/annotation/jakarta.annotation-api/2.1.1/jakarta.annotation-api-2.1.1-sources.jar
2023-12-28 18:56:10,952 [Worker-29: Download sources and javadoc] INFO  o.e.m.j.internal.DownloadSourcesJob - Downloaded sources for jakarta.annotation:jakarta.annotation-api:2.1.1
2023-12-28 18:56:10,986 [Worker-29: Download sources and javadoc] INFO  o.e.m.c.i.e.AbstractTransferListenerAdapter - Downloading https://repo.maven.apache.org/maven2/org/yaml/snakeyaml/2.2/snakeyaml-2.2-sources.jar
2023-12-28 18:56:11,008 [Worker-29: Download sources and javadoc] INFO  o.e.m.c.i.e.AbstractTransferListenerAdapter - Downloaded https://repo.maven.apache.org/maven2/org/yaml/snakeyaml/2.2/snakeyaml-2.2-sources.jar
2023-12-28 18:56:11,011 [Worker-29: Download sources and javadoc] INFO  o.e.m.j.internal.DownloadSourcesJob - Downloaded sources for org.yaml:snakeyaml:2.2
2023-12-28 18:56:11,052 [Worker-29: Download sources and javadoc] INFO  o.e.m.c.i.e.AbstractTransferListenerAdapter - Downloading https://repo.maven.apache.org/maven2/org/springframework/boot/spring-boot-starter-json/3.2.1/spring-boot-starter-json-3.2.1-sources.jar
2023-12-28 18:56:11,056 [Worker-29: Download sources and javadoc] INFO  o.e.m.c.i.e.AbstractTransferListenerAdapter - Downloaded https://repo.maven.apache.org/maven2/org/springframework/boot/spring-boot-starter-json/3.2.1/spring-boot-starter-json-3.2.1-sources.jar
2023-12-28 18:56:11,059 [Worker-29: Download sources and javadoc] INFO  o.e.m.j.internal.DownloadSourcesJob - Downloaded sources for org.springframework.boot:spring-boot-starter-json:3.2.1
2023-12-28 18:56:11,118 [Worker-29: Download sources and javadoc] INFO  o.e.m.c.i.e.AbstractTransferListenerAdapter - Downloading https://repo.maven.apache.org/maven2/com/fasterxml/jackson/core/jackson-databind/2.15.3/jackson-databind-2.15.3-sources.jar
2023-12-28 18:56:11,169 [Worker-29: Download sources and javadoc] INFO  o.e.m.c.i.e.AbstractTransferListenerAdapter - Downloaded https://repo.maven.apache.org/maven2/com/fasterxml/jackson/core/jackson-databind/2.15.3/jackson-databind-2.15.3-sources.jar
2023-12-28 18:56:11,172 [Worker-29: Download sources and javadoc] INFO  o.e.m.j.internal.DownloadSourcesJob - Downloaded sources for com.fasterxml.jackson.core:jackson-databind:2.15.3
2023-12-28 18:56:11,205 [Worker-29: Download sources and javadoc] INFO  o.e.m.c.i.e.AbstractTransferListenerAdapter - Downloading https://repo.maven.apache.org/maven2/com/fasterxml/jackson/core/jackson-annotations/2.15.3/jackson-annotations-2.15.3-sources.jar
2023-12-28 18:56:11,220 [Worker-29: Download sources and javadoc] INFO  o.e.m.c.i.e.AbstractTransferListenerAdapter - Downloaded https://repo.maven.apache.org/maven2/com/fasterxml/jackson/core/jackson-annotations/2.15.3/jackson-annotations-2.15.3-sources.jar
2023-12-28 18:56:11,224 [Worker-29: Download sources and javadoc] INFO  o.e.m.j.internal.DownloadSourcesJob - Downloaded sources for com.fasterxml.jackson.core:jackson-annotations:2.15.3
2023-12-28 18:56:11,259 [Worker-29: Download sources and javadoc] INFO  o.e.m.c.i.e.AbstractTransferListenerAdapter - Downloading https://repo.maven.apache.org/maven2/com/fasterxml/jackson/core/jackson-core/2.15.3/jackson-core-2.15.3-sources.jar
2023-12-28 18:56:11,289 [Worker-29: Download sources and javadoc] INFO  o.e.m.c.i.e.AbstractTransferListenerAdapter - Downloaded https://repo.maven.apache.org/maven2/com/fasterxml/jackson/core/jackson-core/2.15.3/jackson-core-2.15.3-sources.jar
2023-12-28 18:56:11,293 [Worker-29: Download sources and javadoc] INFO  o.e.m.j.internal.DownloadSourcesJob - Downloaded sources for com.fasterxml.jackson.core:jackson-core:2.15.3
2023-12-28 18:56:11,329 [Worker-29: Download sources and javadoc] INFO  o.e.m.c.i.e.AbstractTransferListenerAdapter - Downloading https://repo.maven.apache.org/maven2/com/fasterxml/jackson/datatype/jackson-datatype-jdk8/2.15.3/jackson-datatype-jdk8-2.15.3-sources.jar
2023-12-28 18:56:11,333 [Worker-29: Download sources and javadoc] INFO  o.e.m.c.i.e.AbstractTransferListenerAdapter - Downloaded https://repo.maven.apache.org/maven2/com/fasterxml/jackson/datatype/jackson-datatype-jdk8/2.15.3/jackson-datatype-jdk8-2.15.3-sources.jar
2023-12-28 18:56:11,336 [Worker-29: Download sources and javadoc] INFO  o.e.m.j.internal.DownloadSourcesJob - Downloaded sources for com.fasterxml.jackson.datatype:jackson-datatype-jdk8:2.15.3
2023-12-28 18:56:11,371 [Worker-29: Download sources and javadoc] INFO  o.e.m.c.i.e.AbstractTransferListenerAdapter - Downloading https://repo.maven.apache.org/maven2/com/fasterxml/jackson/datatype/jackson-datatype-jsr310/2.15.3/jackson-datatype-jsr310-2.15.3-sources.jar
2023-12-28 18:56:11,384 [Worker-29: Download sources and javadoc] INFO  o.e.m.c.i.e.AbstractTransferListenerAdapter - Downloaded https://repo.maven.apache.org/maven2/com/fasterxml/jackson/datatype/jackson-datatype-jsr310/2.15.3/jackson-datatype-jsr310-2.15.3-sources.jar
2023-12-28 18:56:11,387 [Worker-29: Download sources and javadoc] INFO  o.e.m.j.internal.DownloadSourcesJob - Downloaded sources for com.fasterxml.jackson.datatype:jackson-datatype-jsr310:2.15.3
2023-12-28 18:56:11,422 [Worker-29: Download sources and javadoc] INFO  o.e.m.c.i.e.AbstractTransferListenerAdapter - Downloading https://repo.maven.apache.org/maven2/com/fasterxml/jackson/module/jackson-module-parameter-names/2.15.3/jackson-module-parameter-names-2.15.3-sources.jar
2023-12-28 18:56:11,426 [Worker-29: Download sources and javadoc] INFO  o.e.m.c.i.e.AbstractTransferListenerAdapter - Downloaded https://repo.maven.apache.org/maven2/com/fasterxml/jackson/module/jackson-module-parameter-names/2.15.3/jackson-module-parameter-names-2.15.3-sources.jar
2023-12-28 18:56:11,430 [Worker-29: Download sources and javadoc] INFO  o.e.m.j.internal.DownloadSourcesJob - Downloaded sources for com.fasterxml.jackson.module:jackson-module-parameter-names:2.15.3
2023-12-28 18:56:11,462 [Worker-29: Download sources and javadoc] INFO  o.e.m.c.i.e.AbstractTransferListenerAdapter - Downloading https://repo.maven.apache.org/maven2/org/springframework/boot/spring-boot-starter-tomcat/3.2.1/spring-boot-starter-tomcat-3.2.1-sources.jar
2023-12-28 18:56:11,465 [Worker-29: Download sources and javadoc] INFO  o.e.m.c.i.e.AbstractTransferListenerAdapter - Downloaded https://repo.maven.apache.org/maven2/org/springframework/boot/spring-boot-starter-tomcat/3.2.1/spring-boot-starter-tomcat-3.2.1-sources.jar
2023-12-28 18:56:11,468 [Worker-29: Download sources and javadoc] INFO  o.e.m.j.internal.DownloadSourcesJob - Downloaded sources for org.springframework.boot:spring-boot-starter-tomcat:3.2.1
2023-12-28 18:56:11,557 [Worker-29: Download sources and javadoc] INFO  o.e.m.c.i.e.AbstractTransferListenerAdapter - Downloading https://repo.maven.apache.org/maven2/org/apache/tomcat/embed/tomcat-embed-core/10.1.17/tomcat-embed-core-10.1.17-sources.jar
2023-12-28 18:56:11,641 [Worker-29: Download sources and javadoc] INFO  o.e.m.c.i.e.AbstractTransferListenerAdapter - Downloaded https://repo.maven.apache.org/maven2/org/apache/tomcat/embed/tomcat-embed-core/10.1.17/tomcat-embed-core-10.1.17-sources.jar
2023-12-28 18:56:11,645 [Worker-29: Download sources and javadoc] INFO  o.e.m.j.internal.DownloadSourcesJob - Downloaded sources for org.apache.tomcat.embed:tomcat-embed-core:10.1.17
2023-12-28 18:56:11,678 [Worker-29: Download sources and javadoc] INFO  o.e.m.c.i.e.AbstractTransferListenerAdapter - Downloading https://repo.maven.apache.org/maven2/org/apache/tomcat/embed/tomcat-embed-el/10.1.17/tomcat-embed-el-10.1.17-sources.jar
2023-12-28 18:56:11,700 [Worker-29: Download sources and javadoc] INFO  o.e.m.c.i.e.AbstractTransferListenerAdapter - Downloaded https://repo.maven.apache.org/maven2/org/apache/tomcat/embed/tomcat-embed-el/10.1.17/tomcat-embed-el-10.1.17-sources.jar
2023-12-28 18:56:11,703 [Worker-29: Download sources and javadoc] INFO  o.e.m.j.internal.DownloadSourcesJob - Downloaded sources for org.apache.tomcat.embed:tomcat-embed-el:10.1.17
2023-12-28 18:56:11,739 [Worker-29: Download sources and javadoc] INFO  o.e.m.c.i.e.AbstractTransferListenerAdapter - Downloading https://repo.maven.apache.org/maven2/org/apache/tomcat/embed/tomcat-embed-websocket/10.1.17/tomcat-embed-websocket-10.1.17-sources.jar
2023-12-28 18:56:11,764 [Worker-29: Download sources and javadoc] INFO  o.e.m.c.i.e.AbstractTransferListenerAdapter - Downloaded https://repo.maven.apache.org/maven2/org/apache/tomcat/embed/tomcat-embed-websocket/10.1.17/tomcat-embed-websocket-10.1.17-sources.jar
2023-12-28 18:56:11,767 [Worker-29: Download sources and javadoc] INFO  o.e.m.j.internal.DownloadSourcesJob - Downloaded sources for org.apache.tomcat.embed:tomcat-embed-websocket:10.1.17
2023-12-28 18:56:11,821 [Worker-29: Download sources and javadoc] INFO  o.e.m.c.i.e.AbstractTransferListenerAdapter - Downloading https://repo.maven.apache.org/maven2/org/springframework/spring-web/6.1.2/spring-web-6.1.2-sources.jar
2023-12-28 18:56:11,890 [Worker-29: Download sources and javadoc] INFO  o.e.m.c.i.e.AbstractTransferListenerAdapter - Downloaded https://repo.maven.apache.org/maven2/org/springframework/spring-web/6.1.2/spring-web-6.1.2-sources.jar
2023-12-28 18:56:11,894 [Worker-29: Download sources and javadoc] INFO  o.e.m.j.internal.DownloadSourcesJob - Downloaded sources for org.springframework:spring-web:6.1.2
2023-12-28 18:56:11,929 [Worker-29: Download sources and javadoc] INFO  o.e.m.c.i.e.AbstractTransferListenerAdapter - Downloading https://repo.maven.apache.org/maven2/org/springframework/spring-beans/6.1.2/spring-beans-6.1.2-sources.jar
2023-12-28 18:56:11,966 [Worker-29: Download sources and javadoc] INFO  o.e.m.c.i.e.AbstractTransferListenerAdapter - Downloaded https://repo.maven.apache.org/maven2/org/springframework/spring-beans/6.1.2/spring-beans-6.1.2-sources.jar
2023-12-28 18:56:11,970 [Worker-29: Download sources and javadoc] INFO  o.e.m.j.internal.DownloadSourcesJob - Downloaded sources for org.springframework:spring-beans:6.1.2
2023-12-28 18:56:12,003 [Worker-29: Download sources and javadoc] INFO  o.e.m.c.i.e.AbstractTransferListenerAdapter - Downloading https://repo.maven.apache.org/maven2/io/micrometer/micrometer-observation/1.12.1/micrometer-observation-1.12.1-sources.jar
2023-12-28 18:56:12,013 [Worker-29: Download sources and javadoc] INFO  o.e.m.c.i.e.AbstractTransferListenerAdapter - Downloaded https://repo.maven.apache.org/maven2/io/micrometer/micrometer-observation/1.12.1/micrometer-observation-1.12.1-sources.jar
2023-12-28 18:56:12,017 [Worker-29: Download sources and javadoc] INFO  o.e.m.j.internal.DownloadSourcesJob - Downloaded sources for io.micrometer:micrometer-observation:1.12.1
2023-12-28 18:56:12,052 [Worker-29: Download sources and javadoc] INFO  o.e.m.c.i.e.AbstractTransferListenerAdapter - Downloading https://repo.maven.apache.org/maven2/io/micrometer/micrometer-commons/1.12.1/micrometer-commons-1.12.1-sources.jar
2023-12-28 18:56:12,063 [Worker-29: Download sources and javadoc] INFO  o.e.m.c.i.e.AbstractTransferListenerAdapter - Downloaded https://repo.maven.apache.org/maven2/io/micrometer/micrometer-commons/1.12.1/micrometer-commons-1.12.1-sources.jar
2023-12-28 18:56:12,066 [Worker-29: Download sources and javadoc] INFO  o.e.m.j.internal.DownloadSourcesJob - Downloaded sources for io.micrometer:micrometer-commons:1.12.1
2023-12-28 18:56:12,102 [Worker-29: Download sources and javadoc] INFO  o.e.m.c.i.e.AbstractTransferListenerAdapter - Downloading https://repo.maven.apache.org/maven2/org/springframework/spring-webmvc/6.1.2/spring-webmvc-6.1.2-sources.jar
2023-12-28 18:56:12,158 [Worker-29: Download sources and javadoc] INFO  o.e.m.c.i.e.AbstractTransferListenerAdapter - Downloaded https://repo.maven.apache.org/maven2/org/springframework/spring-webmvc/6.1.2/spring-webmvc-6.1.2-sources.jar
2023-12-28 18:56:12,161 [Worker-29: Download sources and javadoc] INFO  o.e.m.j.internal.DownloadSourcesJob - Downloaded sources for org.springframework:spring-webmvc:6.1.2
2023-12-28 18:56:12,196 [Worker-29: Download sources and javadoc] INFO  o.e.m.c.i.e.AbstractTransferListenerAdapter - Downloading https://repo.maven.apache.org/maven2/org/springframework/spring-aop/6.1.2/spring-aop-6.1.2-sources.jar
2023-12-28 18:56:12,225 [Worker-29: Download sources and javadoc] INFO  o.e.m.c.i.e.AbstractTransferListenerAdapter - Downloaded https://repo.maven.apache.org/maven2/org/springframework/spring-aop/6.1.2/spring-aop-6.1.2-sources.jar
2023-12-28 18:56:12,228 [Worker-29: Download sources and javadoc] INFO  o.e.m.j.internal.DownloadSourcesJob - Downloaded sources for org.springframework:spring-aop:6.1.2
2023-12-28 18:56:12,271 [Worker-29: Download sources and javadoc] INFO  o.e.m.c.i.e.AbstractTransferListenerAdapter - Downloading https://repo.maven.apache.org/maven2/org/springframework/spring-context/6.1.2/spring-context-6.1.2-sources.jar
2023-12-28 18:56:12,324 [Worker-29: Download sources and javadoc] INFO  o.e.m.c.i.e.AbstractTransferListenerAdapter - Downloaded https://repo.maven.apache.org/maven2/org/springframework/spring-context/6.1.2/spring-context-6.1.2-sources.jar
2023-12-28 18:56:12,326 [Worker-29: Download sources and javadoc] INFO  o.e.m.j.internal.DownloadSourcesJob - Downloaded sources for org.springframework:spring-context:6.1.2
2023-12-28 18:56:12,361 [Worker-29: Download sources and javadoc] INFO  o.e.m.c.i.e.AbstractTransferListenerAdapter - Downloading https://repo.maven.apache.org/maven2/org/springframework/spring-expression/6.1.2/spring-expression-6.1.2-sources.jar
2023-12-28 18:56:12,383 [Worker-29: Download sources and javadoc] INFO  o.e.m.c.i.e.AbstractTransferListenerAdapter - Downloaded https://repo.maven.apache.org/maven2/org/springframework/spring-expression/6.1.2/spring-expression-6.1.2-sources.jar
2023-12-28 18:56:12,386 [Worker-29: Download sources and javadoc] INFO  o.e.m.j.internal.DownloadSourcesJob - Downloaded sources for org.springframework:spring-expression:6.1.2
2023-12-28 18:56:12,421 [Worker-29: Download sources and javadoc] INFO  o.e.m.c.i.e.AbstractTransferListenerAdapter - Downloading https://repo.maven.apache.org/maven2/org/projectlombok/lombok/1.18.30/lombok-1.18.30-sources.jar
2023-12-28 18:56:12,463 [Worker-29: Download sources and javadoc] INFO  o.e.m.c.i.e.AbstractTransferListenerAdapter - Downloaded https://repo.maven.apache.org/maven2/org/projectlombok/lombok/1.18.30/lombok-1.18.30-sources.jar
2023-12-28 18:56:12,465 [Worker-29: Download sources and javadoc] INFO  o.e.m.j.internal.DownloadSourcesJob - Downloaded sources for org.projectlombok:lombok:1.18.30
2023-12-28 18:56:12,510 [Worker-29: Download sources and javadoc] INFO  o.e.m.c.i.e.AbstractTransferListenerAdapter - Downloading https://repo.maven.apache.org/maven2/org/springframework/boot/spring-boot-starter-test/3.2.1/spring-boot-starter-test-3.2.1-sources.jar
2023-12-28 18:56:12,514 [Worker-29: Download sources and javadoc] INFO  o.e.m.c.i.e.AbstractTransferListenerAdapter - Downloaded https://repo.maven.apache.org/maven2/org/springframework/boot/spring-boot-starter-test/3.2.1/spring-boot-starter-test-3.2.1-sources.jar
2023-12-28 18:56:12,516 [Worker-29: Download sources and javadoc] INFO  o.e.m.j.internal.DownloadSourcesJob - Downloaded sources for org.springframework.boot:spring-boot-starter-test:3.2.1
2023-12-28 18:56:12,557 [Worker-29: Download sources and javadoc] INFO  o.e.m.c.i.e.AbstractTransferListenerAdapter - Downloading https://repo.maven.apache.org/maven2/org/springframework/boot/spring-boot-test/3.2.1/spring-boot-test-3.2.1-sources.jar
2023-12-28 18:56:12,576 [Worker-29: Download sources and javadoc] INFO  o.e.m.c.i.e.AbstractTransferListenerAdapter - Downloaded https://repo.maven.apache.org/maven2/org/springframework/boot/spring-boot-test/3.2.1/spring-boot-test-3.2.1-sources.jar
2023-12-28 18:56:12,579 [Worker-29: Download sources and javadoc] INFO  o.e.m.j.internal.DownloadSourcesJob - Downloaded sources for org.springframework.boot:spring-boot-test:3.2.1
2023-12-28 18:56:12,615 [Worker-29: Download sources and javadoc] INFO  o.e.m.c.i.e.AbstractTransferListenerAdapter - Downloading https://repo.maven.apache.org/maven2/org/springframework/boot/spring-boot-test-autoconfigure/3.2.1/spring-boot-test-autoconfigure-3.2.1-sources.jar
2023-12-28 18:56:12,640 [Worker-29: Download sources and javadoc] INFO  o.e.m.c.i.e.AbstractTransferListenerAdapter - Downloaded https://repo.maven.apache.org/maven2/org/springframework/boot/spring-boot-test-autoconfigure/3.2.1/spring-boot-test-autoconfigure-3.2.1-sources.jar
2023-12-28 18:56:12,644 [Worker-29: Download sources and javadoc] INFO  o.e.m.j.internal.DownloadSourcesJob - Downloaded sources for org.springframework.boot:spring-boot-test-autoconfigure:3.2.1
2023-12-28 18:56:12,677 [Worker-29: Download sources and javadoc] INFO  o.e.m.c.i.e.AbstractTransferListenerAdapter - Downloading https://repo.maven.apache.org/maven2/com/jayway/jsonpath/json-path/2.8.0/json-path-2.8.0-sources.jar
2023-12-28 18:56:12,694 [Worker-29: Download sources and javadoc] INFO  o.e.m.c.i.e.AbstractTransferListenerAdapter - Downloaded https://repo.maven.apache.org/maven2/com/jayway/jsonpath/json-path/2.8.0/json-path-2.8.0-sources.jar
2023-12-28 18:56:12,697 [Worker-29: Download sources and javadoc] INFO  o.e.m.j.internal.DownloadSourcesJob - Downloaded sources for com.jayway.jsonpath:json-path:2.8.0
2023-12-28 18:56:12,733 [Worker-29: Download sources and javadoc] INFO  o.e.m.c.i.e.AbstractTransferListenerAdapter - Downloading https://repo.maven.apache.org/maven2/org/slf4j/slf4j-api/2.0.9/slf4j-api-2.0.9-sources.jar
2023-12-28 18:56:12,746 [Worker-29: Download sources and javadoc] INFO  o.e.m.c.i.e.AbstractTransferListenerAdapter - Downloaded https://repo.maven.apache.org/maven2/org/slf4j/slf4j-api/2.0.9/slf4j-api-2.0.9-sources.jar
2023-12-28 18:56:12,748 [Worker-29: Download sources and javadoc] INFO  o.e.m.j.internal.DownloadSourcesJob - Downloaded sources for org.slf4j:slf4j-api:2.0.9
2023-12-28 18:56:12,782 [Worker-29: Download sources and javadoc] INFO  o.e.m.c.i.e.AbstractTransferListenerAdapter - Downloading https://repo.maven.apache.org/maven2/jakarta/xml/bind/jakarta.xml.bind-api/4.0.1/jakarta.xml.bind-api-4.0.1-sources.jar
2023-12-28 18:56:12,802 [Worker-29: Download sources and javadoc] INFO  o.e.m.c.i.e.AbstractTransferListenerAdapter - Downloaded https://repo.maven.apache.org/maven2/jakarta/xml/bind/jakarta.xml.bind-api/4.0.1/jakarta.xml.bind-api-4.0.1-sources.jar
2023-12-28 18:56:12,805 [Worker-29: Download sources and javadoc] INFO  o.e.m.j.internal.DownloadSourcesJob - Downloaded sources for jakarta.xml.bind:jakarta.xml.bind-api:4.0.1
2023-12-28 18:56:12,837 [Worker-29: Download sources and javadoc] INFO  o.e.m.c.i.e.AbstractTransferListenerAdapter - Downloading https://repo.maven.apache.org/maven2/jakarta/activation/jakarta.activation-api/2.1.2/jakarta.activation-api-2.1.2-sources.jar
2023-12-28 18:56:12,847 [Worker-29: Download sources and javadoc] INFO  o.e.m.c.i.e.AbstractTransferListenerAdapter - Downloaded https://repo.maven.apache.org/maven2/jakarta/activation/jakarta.activation-api/2.1.2/jakarta.activation-api-2.1.2-sources.jar
2023-12-28 18:56:12,849 [Worker-29: Download sources and javadoc] INFO  o.e.m.j.internal.DownloadSourcesJob - Downloaded sources for jakarta.activation:jakarta.activation-api:2.1.2
2023-12-28 18:56:12,880 [Worker-29: Download sources and javadoc] INFO  o.e.m.c.i.e.AbstractTransferListenerAdapter - Downloading https://repo.maven.apache.org/maven2/net/minidev/json-smart/2.5.0/json-smart-2.5.0-sources.jar
2023-12-28 18:56:12,891 [Worker-29: Download sources and javadoc] INFO  o.e.m.c.i.e.AbstractTransferListenerAdapter - Downloaded https://repo.maven.apache.org/maven2/net/minidev/json-smart/2.5.0/json-smart-2.5.0-sources.jar
2023-12-28 18:56:12,894 [Worker-29: Download sources and javadoc] INFO  o.e.m.j.internal.DownloadSourcesJob - Downloaded sources for net.minidev:json-smart:2.5.0
2023-12-28 18:56:12,932 [Worker-29: Download sources and javadoc] INFO  o.e.m.c.i.e.AbstractTransferListenerAdapter - Downloading https://repo.maven.apache.org/maven2/net/minidev/accessors-smart/2.5.0/accessors-smart-2.5.0-sources.jar
2023-12-28 18:56:12,937 [Worker-29: Download sources and javadoc] INFO  o.e.m.c.i.e.AbstractTransferListenerAdapter - Downloaded https://repo.maven.apache.org/maven2/net/minidev/accessors-smart/2.5.0/accessors-smart-2.5.0-sources.jar
2023-12-28 18:56:12,941 [Worker-29: Download sources and javadoc] INFO  o.e.m.j.internal.DownloadSourcesJob - Downloaded sources for net.minidev:accessors-smart:2.5.0
2023-12-28 18:56:12,978 [Worker-29: Download sources and javadoc] INFO  o.e.m.c.i.e.AbstractTransferListenerAdapter - Downloading https://repo.maven.apache.org/maven2/org/ow2/asm/asm/9.3/asm-9.3-sources.jar
2023-12-28 18:56:12,998 [Worker-29: Download sources and javadoc] INFO  o.e.m.c.i.e.AbstractTransferListenerAdapter - Downloaded https://repo.maven.apache.org/maven2/org/ow2/asm/asm/9.3/asm-9.3-sources.jar
2023-12-28 18:56:13,002 [Worker-29: Download sources and javadoc] INFO  o.e.m.j.internal.DownloadSourcesJob - Downloaded sources for org.ow2.asm:asm:9.3
2023-12-28 18:56:13,035 [Worker-29: Download sources and javadoc] INFO  o.e.m.c.i.e.AbstractTransferListenerAdapter - Downloading https://repo.maven.apache.org/maven2/org/assertj/assertj-core/3.24.2/assertj-core-3.24.2-sources.jar
2023-12-28 18:56:13,102 [Worker-29: Download sources and javadoc] INFO  o.e.m.c.i.e.AbstractTransferListenerAdapter - Downloaded https://repo.maven.apache.org/maven2/org/assertj/assertj-core/3.24.2/assertj-core-3.24.2-sources.jar
2023-12-28 18:56:13,105 [Worker-29: Download sources and javadoc] INFO  o.e.m.j.internal.DownloadSourcesJob - Downloaded sources for org.assertj:assertj-core:3.24.2
2023-12-28 18:56:13,147 [Worker-29: Download sources and javadoc] INFO  o.e.m.c.i.e.AbstractTransferListenerAdapter - Downloading https://repo.maven.apache.org/maven2/net/bytebuddy/byte-buddy/1.14.10/byte-buddy-1.14.10-sources.jar
2023-12-28 18:56:13,200 [Worker-29: Download sources and javadoc] INFO  o.e.m.c.i.e.AbstractTransferListenerAdapter - Downloaded https://repo.maven.apache.org/maven2/net/bytebuddy/byte-buddy/1.14.10/byte-buddy-1.14.10-sources.jar
2023-12-28 18:56:13,203 [Worker-29: Download sources and javadoc] INFO  o.e.m.j.internal.DownloadSourcesJob - Downloaded sources for net.bytebuddy:byte-buddy:1.14.10
2023-12-28 18:56:13,243 [Worker-29: Download sources and javadoc] INFO  o.e.m.c.i.e.AbstractTransferListenerAdapter - Downloading https://repo.maven.apache.org/maven2/org/awaitility/awaitility/4.2.0/awaitility-4.2.0-sources.jar
2023-12-28 18:56:13,257 [Worker-29: Download sources and javadoc] INFO  o.e.m.c.i.e.AbstractTransferListenerAdapter - Downloaded https://repo.maven.apache.org/maven2/org/awaitility/awaitility/4.2.0/awaitility-4.2.0-sources.jar
2023-12-28 18:56:13,260 [Worker-29: Download sources and javadoc] INFO  o.e.m.j.internal.DownloadSourcesJob - Downloaded sources for org.awaitility:awaitility:4.2.0
2023-12-28 18:56:13,293 [Worker-29: Download sources and javadoc] INFO  o.e.m.c.i.e.AbstractTransferListenerAdapter - Downloading https://repo.maven.apache.org/maven2/org/hamcrest/hamcrest/2.2/hamcrest-2.2-sources.jar
2023-12-28 18:56:13,307 [Worker-29: Download sources and javadoc] INFO  o.e.m.c.i.e.AbstractTransferListenerAdapter - Downloaded https://repo.maven.apache.org/maven2/org/hamcrest/hamcrest/2.2/hamcrest-2.2-sources.jar
2023-12-28 18:56:13,310 [Worker-29: Download sources and javadoc] INFO  o.e.m.j.internal.DownloadSourcesJob - Downloaded sources for org.hamcrest:hamcrest:2.2
2023-12-28 18:56:13,340 [Worker-29: Download sources and javadoc] INFO  o.e.m.c.i.e.AbstractTransferListenerAdapter - Downloading https://repo.maven.apache.org/maven2/org/junit/jupiter/junit-jupiter/5.10.1/junit-jupiter-5.10.1-sources.jar
2023-12-28 18:56:13,343 [Worker-29: Download sources and javadoc] INFO  o.e.m.c.i.e.AbstractTransferListenerAdapter - Downloaded https://repo.maven.apache.org/maven2/org/junit/jupiter/junit-jupiter/5.10.1/junit-jupiter-5.10.1-sources.jar
2023-12-28 18:56:13,346 [Worker-29: Download sources and javadoc] INFO  o.e.m.j.internal.DownloadSourcesJob - Downloaded sources for org.junit.jupiter:junit-jupiter:5.10.1
2023-12-28 18:56:13,382 [Worker-29: Download sources and javadoc] INFO  o.e.m.c.i.e.AbstractTransferListenerAdapter - Downloading https://repo.maven.apache.org/maven2/org/junit/jupiter/junit-jupiter-api/5.10.1/junit-jupiter-api-5.10.1-sources.jar
2023-12-28 18:56:13,405 [Worker-29: Download sources and javadoc] INFO  o.e.m.c.i.e.AbstractTransferListenerAdapter - Downloaded https://repo.maven.apache.org/maven2/org/junit/jupiter/junit-jupiter-api/5.10.1/junit-jupiter-api-5.10.1-sources.jar
2023-12-28 18:56:13,408 [Worker-29: Download sources and javadoc] INFO  o.e.m.j.internal.DownloadSourcesJob - Downloaded sources for org.junit.jupiter:junit-jupiter-api:5.10.1
2023-12-28 18:56:13,444 [Worker-29: Download sources and javadoc] INFO  o.e.m.c.i.e.AbstractTransferListenerAdapter - Downloading https://repo.maven.apache.org/maven2/org/opentest4j/opentest4j/1.3.0/opentest4j-1.3.0-sources.jar
2023-12-28 18:56:13,448 [Worker-29: Download sources and javadoc] INFO  o.e.m.c.i.e.AbstractTransferListenerAdapter - Downloaded https://repo.maven.apache.org/maven2/org/opentest4j/opentest4j/1.3.0/opentest4j-1.3.0-sources.jar
2023-12-28 18:56:13,450 [Worker-29: Download sources and javadoc] INFO  o.e.m.j.internal.DownloadSourcesJob - Downloaded sources for org.opentest4j:opentest4j:1.3.0
2023-12-28 18:56:13,498 [Worker-29: Download sources and javadoc] INFO  o.e.m.c.i.e.AbstractTransferListenerAdapter - Downloading https://repo.maven.apache.org/maven2/org/junit/platform/junit-platform-commons/1.10.1/junit-platform-commons-1.10.1-sources.jar
2023-12-28 18:56:13,514 [Worker-29: Download sources and javadoc] INFO  o.e.m.c.i.e.AbstractTransferListenerAdapter - Downloaded https://repo.maven.apache.org/maven2/org/junit/platform/junit-platform-commons/1.10.1/junit-platform-commons-1.10.1-sources.jar
2023-12-28 18:56:13,517 [Worker-29: Download sources and javadoc] INFO  o.e.m.j.internal.DownloadSourcesJob - Downloaded sources for org.junit.platform:junit-platform-commons:1.10.1
2023-12-28 18:56:13,570 [Worker-29: Download sources and javadoc] INFO  o.e.m.c.i.e.AbstractTransferListenerAdapter - Downloading https://repo.maven.apache.org/maven2/org/apiguardian/apiguardian-api/1.1.2/apiguardian-api-1.1.2-sources.jar
2023-12-28 18:56:13,573 [Worker-29: Download sources and javadoc] INFO  o.e.m.c.i.e.AbstractTransferListenerAdapter - Downloaded https://repo.maven.apache.org/maven2/org/apiguardian/apiguardian-api/1.1.2/apiguardian-api-1.1.2-sources.jar
2023-12-28 18:56:13,576 [Worker-29: Download sources and javadoc] INFO  o.e.m.j.internal.DownloadSourcesJob - Downloaded sources for org.apiguardian:apiguardian-api:1.1.2
2023-12-28 18:56:13,611 [Worker-29: Download sources and javadoc] INFO  o.e.m.c.i.e.AbstractTransferListenerAdapter - Downloading https://repo.maven.apache.org/maven2/org/junit/jupiter/junit-jupiter-params/5.10.1/junit-jupiter-params-5.10.1-sources.jar
2023-12-28 18:56:13,623 [Worker-29: Download sources and javadoc] INFO  o.e.m.c.i.e.AbstractTransferListenerAdapter - Downloaded https://repo.maven.apache.org/maven2/org/junit/jupiter/junit-jupiter-params/5.10.1/junit-jupiter-params-5.10.1-sources.jar
2023-12-28 18:56:13,626 [Worker-29: Download sources and javadoc] INFO  o.e.m.j.internal.DownloadSourcesJob - Downloaded sources for org.junit.jupiter:junit-jupiter-params:5.10.1
2023-12-28 18:56:13,676 [Worker-29: Download sources and javadoc] INFO  o.e.m.c.i.e.AbstractTransferListenerAdapter - Downloading https://repo.maven.apache.org/maven2/org/junit/jupiter/junit-jupiter-engine/5.10.1/junit-jupiter-engine-5.10.1-sources.jar
2023-12-28 18:56:13,695 [Worker-29: Download sources and javadoc] INFO  o.e.m.c.i.e.AbstractTransferListenerAdapter - Downloaded https://repo.maven.apache.org/maven2/org/junit/jupiter/junit-jupiter-engine/5.10.1/junit-jupiter-engine-5.10.1-sources.jar
2023-12-28 18:56:13,699 [Worker-29: Download sources and javadoc] INFO  o.e.m.j.internal.DownloadSourcesJob - Downloaded sources for org.junit.jupiter:junit-jupiter-engine:5.10.1
2023-12-28 18:56:13,765 [Worker-29: Download sources and javadoc] INFO  o.e.m.c.i.e.AbstractTransferListenerAdapter - Downloading https://repo.maven.apache.org/maven2/org/junit/platform/junit-platform-engine/1.10.1/junit-platform-engine-1.10.1-sources.jar
2023-12-28 18:56:13,787 [Worker-29: Download sources and javadoc] INFO  o.e.m.c.i.e.AbstractTransferListenerAdapter - Downloaded https://repo.maven.apache.org/maven2/org/junit/platform/junit-platform-engine/1.10.1/junit-platform-engine-1.10.1-sources.jar
2023-12-28 18:56:13,791 [Worker-29: Download sources and javadoc] INFO  o.e.m.j.internal.DownloadSourcesJob - Downloaded sources for org.junit.platform:junit-platform-engine:1.10.1
2023-12-28 18:56:13,859 [Worker-29: Download sources and javadoc] INFO  o.e.m.c.i.e.AbstractTransferListenerAdapter - Downloading https://repo.maven.apache.org/maven2/org/mockito/mockito-core/5.7.0/mockito-core-5.7.0-sources.jar
2023-12-28 18:56:13,899 [Worker-29: Download sources and javadoc] INFO  o.e.m.c.i.e.AbstractTransferListenerAdapter - Downloaded https://repo.maven.apache.org/maven2/org/mockito/mockito-core/5.7.0/mockito-core-5.7.0-sources.jar
2023-12-28 18:56:13,902 [Worker-29: Download sources and javadoc] INFO  o.e.m.j.internal.DownloadSourcesJob - Downloaded sources for org.mockito:mockito-core:5.7.0
2023-12-28 18:56:13,932 [Worker-29: Download sources and javadoc] INFO  o.e.m.c.i.e.AbstractTransferListenerAdapter - Downloading https://repo.maven.apache.org/maven2/net/bytebuddy/byte-buddy-agent/1.14.10/byte-buddy-agent-1.14.10-sources.jar
2023-12-28 18:56:13,951 [Worker-29: Download sources and javadoc] INFO  o.e.m.c.i.e.AbstractTransferListenerAdapter - Downloaded https://repo.maven.apache.org/maven2/net/bytebuddy/byte-buddy-agent/1.14.10/byte-buddy-agent-1.14.10-sources.jar
2023-12-28 18:56:13,953 [Worker-29: Download sources and javadoc] INFO  o.e.m.j.internal.DownloadSourcesJob - Downloaded sources for net.bytebuddy:byte-buddy-agent:1.14.10
2023-12-28 18:56:13,987 [Worker-29: Download sources and javadoc] INFO  o.e.m.c.i.e.AbstractTransferListenerAdapter - Downloading https://repo.maven.apache.org/maven2/org/objenesis/objenesis/3.3/objenesis-3.3-sources.jar
2023-12-28 18:56:13,998 [Worker-29: Download sources and javadoc] INFO  o.e.m.c.i.e.AbstractTransferListenerAdapter - Downloaded https://repo.maven.apache.org/maven2/org/objenesis/objenesis/3.3/objenesis-3.3-sources.jar
2023-12-28 18:56:14,001 [Worker-29: Download sources and javadoc] INFO  o.e.m.j.internal.DownloadSourcesJob - Downloaded sources for org.objenesis:objenesis:3.3
2023-12-28 18:56:14,036 [Worker-29: Download sources and javadoc] INFO  o.e.m.c.i.e.AbstractTransferListenerAdapter - Downloading https://repo.maven.apache.org/maven2/org/mockito/mockito-junit-jupiter/5.7.0/mockito-junit-jupiter-5.7.0-sources.jar
2023-12-28 18:56:14,039 [Worker-29: Download sources and javadoc] INFO  o.e.m.c.i.e.AbstractTransferListenerAdapter - Downloaded https://repo.maven.apache.org/maven2/org/mockito/mockito-junit-jupiter/5.7.0/mockito-junit-jupiter-5.7.0-sources.jar
2023-12-28 18:56:14,043 [Worker-29: Download sources and javadoc] INFO  o.e.m.j.internal.DownloadSourcesJob - Downloaded sources for org.mockito:mockito-junit-jupiter:5.7.0
2023-12-28 18:56:14,078 [Worker-29: Download sources and javadoc] INFO  o.e.m.c.i.e.AbstractTransferListenerAdapter - Downloading https://repo.maven.apache.org/maven2/org/skyscreamer/jsonassert/1.5.1/jsonassert-1.5.1-sources.jar
2023-12-28 18:56:14,082 [Worker-29: Download sources and javadoc] INFO  o.e.m.c.i.e.AbstractTransferListenerAdapter - Downloaded https://repo.maven.apache.org/maven2/org/skyscreamer/jsonassert/1.5.1/jsonassert-1.5.1-sources.jar
2023-12-28 18:56:14,085 [Worker-29: Download sources and javadoc] INFO  o.e.m.j.internal.DownloadSourcesJob - Downloaded sources for org.skyscreamer:jsonassert:1.5.1
2023-12-28 18:56:14,119 [Worker-29: Download sources and javadoc] INFO  o.e.m.c.i.e.AbstractTransferListenerAdapter - Downloading https://repo.maven.apache.org/maven2/com/vaadin/external/google/android-json/0.0.20131108.vaadin1/android-json-0.0.20131108.vaadin1-sources.jar
2023-12-28 18:56:14,122 [Worker-29: Download sources and javadoc] INFO  o.e.m.c.i.e.AbstractTransferListenerAdapter - Downloaded https://repo.maven.apache.org/maven2/com/vaadin/external/google/android-json/0.0.20131108.vaadin1/android-json-0.0.20131108.vaadin1-sources.jar
2023-12-28 18:56:14,125 [Worker-29: Download sources and javadoc] INFO  o.e.m.j.internal.DownloadSourcesJob - Downloaded sources for com.vaadin.external.google:android-json:0.0.20131108.vaadin1
2023-12-28 18:56:14,164 [Worker-29: Download sources and javadoc] INFO  o.e.m.c.i.e.AbstractTransferListenerAdapter - Downloading https://repo.maven.apache.org/maven2/org/springframework/spring-core/6.1.2/spring-core-6.1.2-sources.jar
2023-12-28 18:56:14,214 [Worker-29: Download sources and javadoc] INFO  o.e.m.c.i.e.AbstractTransferListenerAdapter - Downloaded https://repo.maven.apache.org/maven2/org/springframework/spring-core/6.1.2/spring-core-6.1.2-sources.jar
2023-12-28 18:56:14,217 [Worker-29: Download sources and javadoc] INFO  o.e.m.j.internal.DownloadSourcesJob - Downloaded sources for org.springframework:spring-core:6.1.2
2023-12-28 18:56:14,249 [Worker-29: Download sources and javadoc] INFO  o.e.m.c.i.e.AbstractTransferListenerAdapter - Downloading https://repo.maven.apache.org/maven2/org/springframework/spring-jcl/6.1.2/spring-jcl-6.1.2-sources.jar
2023-12-28 18:56:14,252 [Worker-29: Download sources and javadoc] INFO  o.e.m.c.i.e.AbstractTransferListenerAdapter - Downloaded https://repo.maven.apache.org/maven2/org/springframework/spring-jcl/6.1.2/spring-jcl-6.1.2-sources.jar
2023-12-28 18:56:14,255 [Worker-29: Download sources and javadoc] INFO  o.e.m.j.internal.DownloadSourcesJob - Downloaded sources for org.springframework:spring-jcl:6.1.2
2023-12-28 18:56:14,287 [Worker-29: Download sources and javadoc] INFO  o.e.m.c.i.e.AbstractTransferListenerAdapter - Downloading https://repo.maven.apache.org/maven2/org/springframework/spring-test/6.1.2/spring-test-6.1.2-sources.jar
2023-12-28 18:56:14,341 [Worker-29: Download sources and javadoc] INFO  o.e.m.c.i.e.AbstractTransferListenerAdapter - Downloaded https://repo.maven.apache.org/maven2/org/springframework/spring-test/6.1.2/spring-test-6.1.2-sources.jar
2023-12-28 18:56:14,344 [Worker-29: Download sources and javadoc] INFO  o.e.m.j.internal.DownloadSourcesJob - Downloaded sources for org.springframework:spring-test:6.1.2
2023-12-28 18:56:14,376 [Worker-29: Download sources and javadoc] INFO  o.e.m.c.i.e.AbstractTransferListenerAdapter - Downloading https://repo.maven.apache.org/maven2/org/xmlunit/xmlunit-core/2.9.1/xmlunit-core-2.9.1-sources.jar
2023-12-28 18:56:14,392 [Worker-29: Download sources and javadoc] INFO  o.e.m.c.i.e.AbstractTransferListenerAdapter - Downloaded https://repo.maven.apache.org/maven2/org/xmlunit/xmlunit-core/2.9.1/xmlunit-core-2.9.1-sources.jar
2023-12-28 18:56:14,395 [Worker-29: Download sources and javadoc] INFO  o.e.m.j.internal.DownloadSourcesJob - Downloaded sources for org.xmlunit:xmlunit-core:2.9.1
2023-12-28 18:56:31,044 [Worker-29: Building] INFO  o.a.m.s.f.DefaultMavenResourcesFiltering - Copying 1 resource from src\main\resources to target\classes
2023-12-28 18:56:31,049 [Worker-29: Building] INFO  o.a.m.s.f.DefaultMavenResourcesFiltering - Copying 0 resource from src\main\resources to target\classes
2023-12-28 18:56:31,052 [Worker-29: Building] INFO  o.a.m.s.f.DefaultMavenResourcesFiltering - skip non existing resourceDirectory C:\Users\May\Downloads\ProyectoFinal\src\test\resources
2023-12-28 18:57:22,240 [Worker-37: Building] ERROR o.e.m.c.i.p.r.ProjectRegistryManager - File not found: C:\Users\May\Downloads\ProyectoFinal\pom.xml.
org.eclipse.core.internal.resources.ResourceException: File not found: C:\Users\May\Downloads\ProyectoFinal\pom.xml.
	at org.eclipse.core.internal.localstore.FileSystemResourceManager.read(FileSystemResourceManager.java:881)
	at org.eclipse.core.internal.resources.File.getContents(File.java:298)
	at org.eclipse.core.internal.resources.File.getContents(File.java:289)
	at org.eclipse.m2e.core.internal.project.registry.ProjectRegistryManager.refreshPhase2(ProjectRegistryManager.java:585)
	at org.eclipse.m2e.core.internal.project.registry.ProjectRegistryManager.refresh(ProjectRegistryManager.java:487)
	at org.eclipse.m2e.core.internal.project.registry.ProjectRegistryManager.refresh(ProjectRegistryManager.java:366)
	at org.eclipse.m2e.core.internal.project.registry.ProjectRegistryManager.refresh(ProjectRegistryManager.java:318)
	at org.eclipse.m2e.core.internal.builder.MavenBuilder$BuildMethod.getProjectFacade(MavenBuilder.java:146)
	at org.eclipse.m2e.core.internal.builder.MavenBuilder$BuildMethod.lambda$0(MavenBuilder.java:84)
	at org.eclipse.m2e.core.internal.embedder.MavenExecutionContext.executeBare(MavenExecutionContext.java:394)
	at org.eclipse.m2e.core.internal.embedder.MavenExecutionContext.execute(MavenExecutionContext.java:275)
	at org.eclipse.m2e.core.internal.embedder.MavenExecutionContext.execute(MavenExecutionContext.java:214)
	at org.eclipse.m2e.core.internal.builder.MavenBuilder$BuildMethod.execute(MavenBuilder.java:83)
	at org.eclipse.m2e.core.internal.builder.MavenBuilder.build(MavenBuilder.java:192)
	at org.eclipse.core.internal.events.BuildManager$2.run(BuildManager.java:1079)
	at org.eclipse.core.runtime.SafeRunner.run(SafeRunner.java:47)
	at org.eclipse.core.internal.events.BuildManager.basicBuild(BuildManager.java:296)
	at org.eclipse.core.internal.events.BuildManager.basicBuild(BuildManager.java:352)
	at org.eclipse.core.internal.events.BuildManager$1.run(BuildManager.java:441)
	at org.eclipse.core.runtime.SafeRunner.run(SafeRunner.java:47)
	at org.eclipse.core.internal.events.BuildManager.basicBuild(BuildManager.java:444)
	at org.eclipse.core.internal.events.BuildManager.basicBuildLoop(BuildManager.java:555)
	at org.eclipse.core.internal.events.BuildManager.basicBuildLoop(BuildManager.java:503)
	at org.eclipse.core.internal.events.BuildManager.build(BuildManager.java:585)
	at org.eclipse.core.internal.events.AutoBuildJob.doBuild(AutoBuildJob.java:207)
	at org.eclipse.core.internal.events.AutoBuildJob.run(AutoBuildJob.java:300)
	at org.eclipse.core.internal.jobs.Worker.run(Worker.java:63)
Caused by: java.lang.Exception: File not found: C:\Users\May\Downloads\ProyectoFinal\pom.xml.
	at org.eclipse.core.internal.resources.ResourceException.provideStackTrace(ResourceException.java:42)
	at org.eclipse.core.internal.resources.ResourceException.<init>(ResourceException.java:38)
	... 27 common frames omitted
2023-12-28 18:58:00,914 [Worker-38: Building] INFO  o.e.m.c.i.l.LifecycleMappingFactory - Using org.eclipse.m2e.jdt.JarLifecycleMapping lifecycle mapping for MavenProject: com.example:ProyectoFinal:0.0.1-SNAPSHOT @ C:\dev\Workspace\Backend\ProyectoFinal\pom.xml.
2023-12-28 18:58:01,634 [Worker-38: Building] INFO  o.a.m.s.f.DefaultMavenResourcesFiltering - Copying 1 resource from src\main\resources to target\classes
2023-12-28 18:58:01,646 [Worker-38: Building] INFO  o.a.m.s.f.DefaultMavenResourcesFiltering - Copying 0 resource from src\main\resources to target\classes
2023-12-28 18:58:01,650 [Worker-38: Building] INFO  o.a.m.s.f.DefaultMavenResourcesFiltering - skip non existing resourceDirectory C:\dev\Workspace\Backend\ProyectoFinal\src\test\resources
2023-12-28 18:58:02,515 [Worker-37: Updating Maven Dependencies] INFO  o.e.m.c.i.l.LifecycleMappingFactory - Using org.eclipse.m2e.jdt.JarLifecycleMapping lifecycle mapping for MavenProject: com.example:ProyectoFinal:0.0.1-SNAPSHOT @ C:\dev\Workspace\Backend\ProyectoFinal\pom.xml.
2023-12-28 18:58:32,375 [Worker-35: Building] INFO  o.a.m.s.f.DefaultMavenResourcesFiltering - Copying 1 resource from src\main\resources to target\classes
2023-12-28 18:58:32,392 [Worker-35: Building] INFO  o.a.m.s.f.DefaultMavenResourcesFiltering - Copying 0 resource from src\main\resources to target\classes
2023-12-28 18:58:32,396 [Worker-35: Building] INFO  o.a.m.s.f.DefaultMavenResourcesFiltering - skip non existing resourceDirectory C:\dev\Workspace\Backend\ProyectoFinal\src\test\resources
2023-12-28 18:58:49,121 [Worker-34: Building] INFO  o.a.m.s.f.DefaultMavenResourcesFiltering - Copying 1 resource from src\main\resources to target\classes
2023-12-28 18:58:49,124 [Worker-34: Building] INFO  o.a.m.s.f.DefaultMavenResourcesFiltering - Copying 0 resource from src\main\resources to target\classes
2023-12-28 18:58:49,126 [Worker-34: Building] INFO  o.a.m.s.f.DefaultMavenResourcesFiltering - skip non existing resourceDirectory C:\dev\Workspace\Backend\ProyectoFinal\src\test\resources
2023-12-28 18:59:03,033 [Worker-37: Building] INFO  o.a.m.s.f.DefaultMavenResourcesFiltering - Copying 1 resource from src\main\resources to target\classes
2023-12-28 18:59:03,037 [Worker-37: Building] INFO  o.a.m.s.f.DefaultMavenResourcesFiltering - Copying 0 resource from src\main\resources to target\classes
2023-12-28 18:59:03,039 [Worker-37: Building] INFO  o.a.m.s.f.DefaultMavenResourcesFiltering - skip non existing resourceDirectory C:\dev\Workspace\Backend\ProyectoFinal\src\test\resources
2023-12-28 18:59:14,460 [Worker-38: Building] INFO  o.a.m.s.f.DefaultMavenResourcesFiltering - Copying 1 resource from src\main\resources to target\classes
2023-12-28 18:59:14,464 [Worker-38: Building] INFO  o.a.m.s.f.DefaultMavenResourcesFiltering - Copying 0 resource from src\main\resources to target\classes
2023-12-28 18:59:14,466 [Worker-38: Building] INFO  o.a.m.s.f.DefaultMavenResourcesFiltering - skip non existing resourceDirectory C:\dev\Workspace\Backend\ProyectoFinal\src\test\resources
2023-12-28 18:59:26,161 [Worker-37: Building] INFO  o.a.m.s.f.DefaultMavenResourcesFiltering - Copying 1 resource from src\main\resources to target\classes
2023-12-28 18:59:26,170 [Worker-37: Building] INFO  o.a.m.s.f.DefaultMavenResourcesFiltering - Copying 0 resource from src\main\resources to target\classes
2023-12-28 18:59:26,172 [Worker-37: Building] INFO  o.a.m.s.f.DefaultMavenResourcesFiltering - skip non existing resourceDirectory C:\dev\Workspace\Backend\ProyectoFinal\src\test\resources
2023-12-28 18:59:37,215 [Worker-34: Building] INFO  o.a.m.s.f.DefaultMavenResourcesFiltering - Copying 1 resource from src\main\resources to target\classes
2023-12-28 18:59:37,226 [Worker-34: Building] INFO  o.a.m.s.f.DefaultMavenResourcesFiltering - Copying 0 resource from src\main\resources to target\classes
2023-12-28 18:59:37,229 [Worker-34: Building] INFO  o.a.m.s.f.DefaultMavenResourcesFiltering - skip non existing resourceDirectory C:\dev\Workspace\Backend\ProyectoFinal\src\test\resources
2023-12-28 19:04:25,317 [Worker-41: Building] INFO  o.a.m.s.f.DefaultMavenResourcesFiltering - Copying 1 resource from src\main\resources to target\classes
2023-12-28 19:04:25,322 [Worker-41: Building] INFO  o.a.m.s.f.DefaultMavenResourcesFiltering - Copying 0 resource from src\main\resources to target\classes
2023-12-28 19:04:25,324 [Worker-41: Building] INFO  o.a.m.s.f.DefaultMavenResourcesFiltering - skip non existing resourceDirectory C:\dev\Workspace\Backend\ProyectoFinal\src\test\resources
2023-12-28 19:09:21,560 [Worker-43: Building] INFO  o.a.m.s.f.DefaultMavenResourcesFiltering - Copying 1 resource from src\main\resources to target\classes
2023-12-28 19:09:21,568 [Worker-43: Building] INFO  o.a.m.s.f.DefaultMavenResourcesFiltering - Copying 0 resource from src\main\resources to target\classes
2023-12-28 19:09:21,570 [Worker-43: Building] INFO  o.a.m.s.f.DefaultMavenResourcesFiltering - skip non existing resourceDirectory C:\dev\Workspace\Backend\ProyectoFinal\src\test\resources
2023-12-28 19:09:38,632 [Worker-43: Building] INFO  o.a.m.s.f.DefaultMavenResourcesFiltering - Copying 1 resource from src\main\resources to target\classes
2023-12-28 19:09:38,634 [Worker-43: Building] INFO  o.a.m.s.f.DefaultMavenResourcesFiltering - Copying 0 resource from src\main\resources to target\classes
2023-12-28 19:09:38,636 [Worker-43: Building] INFO  o.a.m.s.f.DefaultMavenResourcesFiltering - skip non existing resourceDirectory C:\dev\Workspace\Backend\ProyectoFinal\src\test\resources
2023-12-28 19:10:09,474 [Worker-44: Building] INFO  o.a.m.s.f.DefaultMavenResourcesFiltering - Copying 3 resources from src\main\resources to target\classes
2023-12-28 19:10:09,484 [Worker-44: Building] INFO  o.a.m.s.f.DefaultMavenResourcesFiltering - Copying 0 resource from src\main\resources to target\classes
2023-12-28 19:10:09,487 [Worker-44: Building] INFO  o.a.m.s.f.DefaultMavenResourcesFiltering - skip non existing resourceDirectory C:\dev\Workspace\Backend\ProyectoFinal\src\test\resources
2023-12-28 19:11:22,335 [Worker-42: Building] INFO  o.a.m.s.f.DefaultMavenResourcesFiltering - Copying 3 resources from src\main\resources to target\classes
2023-12-28 19:11:22,342 [Worker-42: Building] INFO  o.a.m.s.f.DefaultMavenResourcesFiltering - Copying 0 resource from src\main\resources to target\classes
2023-12-28 19:11:22,344 [Worker-42: Building] INFO  o.a.m.s.f.DefaultMavenResourcesFiltering - skip non existing resourceDirectory C:\dev\Workspace\Backend\ProyectoFinal\src\test\resources
2023-12-28 19:11:50,168 [Worker-45: Building] INFO  o.a.m.s.f.DefaultMavenResourcesFiltering - Copying 1 resource from src\main\resources to target\classes
2023-12-28 19:11:50,171 [Worker-45: Building] INFO  o.a.m.s.f.DefaultMavenResourcesFiltering - Copying 0 resource from src\main\resources to target\classes
2023-12-28 19:11:50,173 [Worker-45: Building] INFO  o.a.m.s.f.DefaultMavenResourcesFiltering - skip non existing resourceDirectory C:\dev\Workspace\Backend\ProyectoFinal\src\test\resources
2023-12-28 19:11:51,231 [Worker-45: Building] INFO  o.a.m.s.f.DefaultMavenResourcesFiltering - Copying 1 resource from src\main\resources to target\classes
2023-12-28 19:11:51,236 [Worker-45: Building] INFO  o.a.m.s.f.DefaultMavenResourcesFiltering - Copying 0 resource from src\main\resources to target\classes
2023-12-28 19:11:51,239 [Worker-45: Building] INFO  o.a.m.s.f.DefaultMavenResourcesFiltering - skip non existing resourceDirectory C:\dev\Workspace\Backend\ProyectoFinal\src\test\resources
2023-12-29 06:29:06,709 [Worker-181: Building] INFO  o.a.m.s.f.DefaultMavenResourcesFiltering - Copying 3 resources from src\main\resources to target\classes
2023-12-29 06:29:06,831 [Worker-181: Building] INFO  o.a.m.s.f.DefaultMavenResourcesFiltering - Copying 0 resource from src\main\resources to target\classes
2023-12-29 06:29:06,834 [Worker-181: Building] INFO  o.a.m.s.f.DefaultMavenResourcesFiltering - skip non existing resourceDirectory C:\dev\Workspace\Backend\ProyectoFinal\src\test\resources
2024-01-03 22:46:17,536 [Worker-0: Loading available Gradle versions] INFO  o.e.b.c.i.u.g.PublishedGradleVersions - Gradle version information cache is out-of-date. Trying to update.
2024-01-03 23:01:16,938 [Worker-25: Building] INFO  o.a.m.s.f.DefaultMavenResourcesFiltering - Copying 3 resources from src\main\resources to target\classes
2024-01-03 23:01:16,979 [Worker-25: Building] INFO  o.a.m.s.f.DefaultMavenResourcesFiltering - Copying 0 resource from src\main\resources to target\classes
2024-01-03 23:01:16,986 [Worker-25: Building] INFO  o.a.m.s.f.DefaultMavenResourcesFiltering - skip non existing resourceDirectory C:\dev\Workspace\Backend\ProyectoFinal\src\test\resources
2024-01-03 23:18:54,089 [Worker-31: Building] INFO  o.a.m.s.f.DefaultMavenResourcesFiltering - Copying 3 resources from src\main\resources to target\classes
2024-01-03 23:18:54,121 [Worker-31: Building] INFO  o.a.m.s.f.DefaultMavenResourcesFiltering - Copying 0 resource from src\main\resources to target\classes
2024-01-03 23:18:54,123 [Worker-31: Building] INFO  o.a.m.s.f.DefaultMavenResourcesFiltering - skip non existing resourceDirectory C:\dev\Workspace\Backend\ProyectoFinal\src\test\resources
2024-01-03 23:20:37,808 [Worker-32: Building] INFO  o.a.m.s.f.DefaultMavenResourcesFiltering - Copying 3 resources from src\main\resources to target\classes
2024-01-03 23:20:37,834 [Worker-32: Building] INFO  o.a.m.s.f.DefaultMavenResourcesFiltering - Copying 0 resource from src\main\resources to target\classes
2024-01-03 23:20:37,836 [Worker-32: Building] INFO  o.a.m.s.f.DefaultMavenResourcesFiltering - skip non existing resourceDirectory C:\dev\Workspace\Backend\ProyectoFinal\src\test\resources
2024-01-03 23:23:14,391 [Worker-37: Building] INFO  o.a.m.s.f.DefaultMavenResourcesFiltering - Copying 1 resource from src\main\resources to target\classes
2024-01-03 23:23:14,400 [Worker-37: Building] INFO  o.a.m.s.f.DefaultMavenResourcesFiltering - Copying 0 resource from src\main\resources to target\classes
2024-01-03 23:23:14,403 [Worker-37: Building] INFO  o.a.m.s.f.DefaultMavenResourcesFiltering - skip non existing resourceDirectory C:\dev\Workspace\Backend\ProyectoFinal\src\test\resources
2024-01-03 23:27:47,059 [Worker-35: Building] INFO  o.a.m.s.f.DefaultMavenResourcesFiltering - Copying 3 resources from src\main\resources to target\classes
2024-01-03 23:27:47,071 [Worker-35: Building] INFO  o.a.m.s.f.DefaultMavenResourcesFiltering - Copying 0 resource from src\main\resources to target\classes
2024-01-03 23:27:47,073 [Worker-35: Building] INFO  o.a.m.s.f.DefaultMavenResourcesFiltering - skip non existing resourceDirectory C:\dev\Workspace\Backend\ProyectoFinal\src\test\resources
2024-01-03 23:29:11,478 [Worker-36: Building] INFO  o.a.m.s.f.DefaultMavenResourcesFiltering - Copying 3 resources from src\main\resources to target\classes
2024-01-03 23:29:11,485 [Worker-36: Building] INFO  o.a.m.s.f.DefaultMavenResourcesFiltering - Copying 0 resource from src\main\resources to target\classes
2024-01-03 23:29:11,487 [Worker-36: Building] INFO  o.a.m.s.f.DefaultMavenResourcesFiltering - skip non existing resourceDirectory C:\dev\Workspace\Backend\ProyectoFinal\src\test\resources
2024-01-03 23:30:42,612 [Worker-35: Building] INFO  o.a.m.s.f.DefaultMavenResourcesFiltering - Copying 3 resources from src\main\resources to target\classes
2024-01-03 23:30:42,620 [Worker-35: Building] INFO  o.a.m.s.f.DefaultMavenResourcesFiltering - Copying 0 resource from src\main\resources to target\classes
2024-01-03 23:30:42,622 [Worker-35: Building] INFO  o.a.m.s.f.DefaultMavenResourcesFiltering - skip non existing resourceDirectory C:\dev\Workspace\Backend\ProyectoFinal\src\test\resources
2024-01-03 23:31:52,965 [Worker-36: Building] INFO  o.a.m.s.f.DefaultMavenResourcesFiltering - Copying 3 resources from src\main\resources to target\classes
2024-01-03 23:31:53,017 [Worker-36: Building] INFO  o.a.m.s.f.DefaultMavenResourcesFiltering - Copying 0 resource from src\main\resources to target\classes
2024-01-03 23:31:53,020 [Worker-36: Building] INFO  o.a.m.s.f.DefaultMavenResourcesFiltering - skip non existing resourceDirectory C:\dev\Workspace\Backend\ProyectoFinal\src\test\resources
2024-01-03 23:32:05,662 [Worker-35: Building] INFO  o.a.m.s.f.DefaultMavenResourcesFiltering - Copying 3 resources from src\main\resources to target\classes
2024-01-03 23:32:05,670 [Worker-35: Building] INFO  o.a.m.s.f.DefaultMavenResourcesFiltering - Copying 0 resource from src\main\resources to target\classes
2024-01-03 23:32:05,672 [Worker-35: Building] INFO  o.a.m.s.f.DefaultMavenResourcesFiltering - skip non existing resourceDirectory C:\dev\Workspace\Backend\ProyectoFinal\src\test\resources
2024-01-03 23:32:21,657 [Worker-35: Building] INFO  o.a.m.s.f.DefaultMavenResourcesFiltering - Copying 3 resources from src\main\resources to target\classes
2024-01-03 23:32:21,665 [Worker-35: Building] INFO  o.a.m.s.f.DefaultMavenResourcesFiltering - Copying 0 resource from src\main\resources to target\classes
2024-01-03 23:32:21,667 [Worker-35: Building] INFO  o.a.m.s.f.DefaultMavenResourcesFiltering - skip non existing resourceDirectory C:\dev\Workspace\Backend\ProyectoFinal\src\test\resources
2024-01-03 23:32:36,673 [Worker-36: Building] INFO  o.a.m.s.f.DefaultMavenResourcesFiltering - Copying 3 resources from src\main\resources to target\classes
2024-01-03 23:32:36,680 [Worker-36: Building] INFO  o.a.m.s.f.DefaultMavenResourcesFiltering - Copying 0 resource from src\main\resources to target\classes
2024-01-03 23:32:36,682 [Worker-36: Building] INFO  o.a.m.s.f.DefaultMavenResourcesFiltering - skip non existing resourceDirectory C:\dev\Workspace\Backend\ProyectoFinal\src\test\resources
2024-01-03 23:35:09,286 [Worker-32: Building] INFO  o.a.m.s.f.DefaultMavenResourcesFiltering - Copying 3 resources from src\main\resources to target\classes
2024-01-03 23:35:09,294 [Worker-32: Building] INFO  o.a.m.s.f.DefaultMavenResourcesFiltering - Copying 0 resource from src\main\resources to target\classes
2024-01-03 23:35:09,296 [Worker-32: Building] INFO  o.a.m.s.f.DefaultMavenResourcesFiltering - skip non existing resourceDirectory C:\dev\Workspace\Backend\ProyectoFinal\src\test\resources
2024-01-03 23:37:08,104 [Worker-36: Building] INFO  o.a.m.s.f.DefaultMavenResourcesFiltering - Copying 3 resources from src\main\resources to target\classes
2024-01-03 23:37:08,111 [Worker-36: Building] INFO  o.a.m.s.f.DefaultMavenResourcesFiltering - Copying 0 resource from src\main\resources to target\classes
2024-01-03 23:37:08,113 [Worker-36: Building] INFO  o.a.m.s.f.DefaultMavenResourcesFiltering - skip non existing resourceDirectory C:\dev\Workspace\Backend\ProyectoFinal\src\test\resources
2024-01-03 23:39:37,348 [Worker-36: Building] INFO  o.a.m.s.f.DefaultMavenResourcesFiltering - Copying 3 resources from src\main\resources to target\classes
2024-01-03 23:39:37,355 [Worker-36: Building] INFO  o.a.m.s.f.DefaultMavenResourcesFiltering - Copying 0 resource from src\main\resources to target\classes
2024-01-03 23:39:37,357 [Worker-36: Building] INFO  o.a.m.s.f.DefaultMavenResourcesFiltering - skip non existing resourceDirectory C:\dev\Workspace\Backend\ProyectoFinal\src\test\resources
2024-01-03 23:41:33,771 [Worker-39: Building] INFO  o.a.m.s.f.DefaultMavenResourcesFiltering - Copying 3 resources from src\main\resources to target\classes
2024-01-03 23:41:33,778 [Worker-39: Building] INFO  o.a.m.s.f.DefaultMavenResourcesFiltering - Copying 0 resource from src\main\resources to target\classes
2024-01-03 23:41:33,780 [Worker-39: Building] INFO  o.a.m.s.f.DefaultMavenResourcesFiltering - skip non existing resourceDirectory C:\dev\Workspace\Backend\ProyectoFinal\src\test\resources
2024-01-03 23:41:44,491 [Worker-41: Building] INFO  o.a.m.s.f.DefaultMavenResourcesFiltering - Copying 3 resources from src\main\resources to target\classes
2024-01-03 23:41:44,498 [Worker-41: Building] INFO  o.a.m.s.f.DefaultMavenResourcesFiltering - Copying 0 resource from src\main\resources to target\classes
2024-01-03 23:41:44,500 [Worker-41: Building] INFO  o.a.m.s.f.DefaultMavenResourcesFiltering - skip non existing resourceDirectory C:\dev\Workspace\Backend\ProyectoFinal\src\test\resources
2024-01-03 23:44:33,915 [Worker-33: Building] INFO  o.a.m.s.f.DefaultMavenResourcesFiltering - Copying 3 resources from src\main\resources to target\classes
2024-01-03 23:44:33,961 [Worker-33: Building] INFO  o.a.m.s.f.DefaultMavenResourcesFiltering - Copying 0 resource from src\main\resources to target\classes
2024-01-03 23:44:33,964 [Worker-33: Building] INFO  o.a.m.s.f.DefaultMavenResourcesFiltering - skip non existing resourceDirectory C:\dev\Workspace\Backend\ProyectoFinal\src\test\resources
2024-01-03 23:47:09,145 [Worker-36: Building] INFO  o.a.m.s.f.DefaultMavenResourcesFiltering - Copying 3 resources from src\main\resources to target\classes
2024-01-03 23:47:09,153 [Worker-36: Building] INFO  o.a.m.s.f.DefaultMavenResourcesFiltering - Copying 0 resource from src\main\resources to target\classes
2024-01-03 23:47:09,155 [Worker-36: Building] INFO  o.a.m.s.f.DefaultMavenResourcesFiltering - skip non existing resourceDirectory C:\dev\Workspace\Backend\ProyectoFinal\src\test\resources
2024-01-04 03:53:10,837 [Worker-1: Loading available Gradle versions] INFO  o.e.b.c.i.u.g.PublishedGradleVersions - Gradle version information cache is up-to-date. Trying to read.
2024-01-04 04:03:25,220 [Worker-23: Updating Maven Dependencies] ERROR o.e.m.j.i.l.MavenLaunchConfigurationListener - Launch configuration app1Main references non-existing project ProyectoFinal.
org.eclipse.core.runtime.CoreException: Launch configuration app1Main references non-existing project ProyectoFinal.
	at org.eclipse.jdt.launching.JavaRuntime.abort(JavaRuntime.java:1858)
	at org.eclipse.jdt.launching.JavaRuntime.getJavaProject(JavaRuntime.java:1735)
	at org.eclipse.m2e.jdt.internal.launch.MavenLaunchConfigurationListener.updateLaunchConfiguration(MavenLaunchConfigurationListener.java:64)
	at org.eclipse.m2e.jdt.internal.launch.MavenLaunchConfigurationListener.launchConfigurationChanged(MavenLaunchConfigurationListener.java:50)
	at org.eclipse.debug.internal.core.LaunchManager$ConfigurationNotifier.run(LaunchManager.java:220)
	at org.eclipse.core.runtime.SafeRunner.run(SafeRunner.java:47)
	at org.eclipse.debug.internal.core.LaunchManager$ConfigurationNotifier.notify(LaunchManager.java:204)
	at org.eclipse.debug.internal.core.LaunchConfigurationWorkingCopy.setDirty(LaunchConfigurationWorkingCopy.java:527)
	at org.eclipse.debug.internal.core.LaunchConfigurationWorkingCopy.setAttribute(LaunchConfigurationWorkingCopy.java:415)
	at org.eclipse.m2e.jdt.internal.launch.MavenRuntimeClasspathProvider.disable(MavenRuntimeClasspathProvider.java:409)
	at org.eclipse.m2e.jdt.internal.launch.MavenRuntimeClasspathProvider.disable(MavenRuntimeClasspathProvider.java:435)
	at org.eclipse.m2e.jdt.internal.launch.MavenLaunchConfigurationListener.mavenProjectChanged(MavenLaunchConfigurationListener.java:135)
	at org.eclipse.m2e.core.internal.project.registry.ProjectRegistryManager.notifyProjectChangeListeners(ProjectRegistryManager.java:888)
	at org.eclipse.m2e.core.internal.project.registry.ProjectRegistryManager.applyMutableProjectRegistry(ProjectRegistryManager.java:1040)
	at org.eclipse.m2e.core.internal.project.registry.ProjectRegistryRefreshJob.lambda$0(ProjectRegistryRefreshJob.java:162)
	at org.eclipse.m2e.core.internal.embedder.MavenExecutionContext.executeBare(MavenExecutionContext.java:394)
	at org.eclipse.m2e.core.internal.embedder.MavenExecutionContext.execute(MavenExecutionContext.java:275)
	at org.eclipse.m2e.core.internal.embedder.MavenExecutionContext.execute(MavenExecutionContext.java:214)
	at org.eclipse.m2e.core.internal.project.registry.ProjectRegistryRefreshJob.run(ProjectRegistryRefreshJob.java:106)
	at org.eclipse.core.internal.jobs.Worker.run(Worker.java:63)
2024-01-04 04:03:25,232 [Worker-23: Updating Maven Dependencies] ERROR o.e.m.j.i.l.MavenLaunchConfigurationListener - Launch configuration app1Main references non-existing project ProyectoFinal.
org.eclipse.core.runtime.CoreException: Launch configuration app1Main references non-existing project ProyectoFinal.
	at org.eclipse.jdt.launching.JavaRuntime.abort(JavaRuntime.java:1858)
	at org.eclipse.jdt.launching.JavaRuntime.getJavaProject(JavaRuntime.java:1735)
	at org.eclipse.m2e.jdt.internal.launch.MavenLaunchConfigurationListener.updateLaunchConfiguration(MavenLaunchConfigurationListener.java:64)
	at org.eclipse.m2e.jdt.internal.launch.MavenLaunchConfigurationListener.launchConfigurationChanged(MavenLaunchConfigurationListener.java:50)
	at org.eclipse.debug.internal.core.LaunchManager$ConfigurationNotifier.run(LaunchManager.java:220)
	at org.eclipse.core.runtime.SafeRunner.run(SafeRunner.java:47)
	at org.eclipse.debug.internal.core.LaunchManager$ConfigurationNotifier.notify(LaunchManager.java:204)
	at org.eclipse.debug.internal.core.LaunchConfigurationWorkingCopy.setDirty(LaunchConfigurationWorkingCopy.java:527)
	at org.eclipse.debug.internal.core.LaunchConfigurationWorkingCopy.setAttribute(LaunchConfigurationWorkingCopy.java:415)
	at org.eclipse.m2e.jdt.internal.launch.MavenRuntimeClasspathProvider.disable(MavenRuntimeClasspathProvider.java:410)
	at org.eclipse.m2e.jdt.internal.launch.MavenRuntimeClasspathProvider.disable(MavenRuntimeClasspathProvider.java:435)
	at org.eclipse.m2e.jdt.internal.launch.MavenLaunchConfigurationListener.mavenProjectChanged(MavenLaunchConfigurationListener.java:135)
	at org.eclipse.m2e.core.internal.project.registry.ProjectRegistryManager.notifyProjectChangeListeners(ProjectRegistryManager.java:888)
	at org.eclipse.m2e.core.internal.project.registry.ProjectRegistryManager.applyMutableProjectRegistry(ProjectRegistryManager.java:1040)
	at org.eclipse.m2e.core.internal.project.registry.ProjectRegistryRefreshJob.lambda$0(ProjectRegistryRefreshJob.java:162)
	at org.eclipse.m2e.core.internal.embedder.MavenExecutionContext.executeBare(MavenExecutionContext.java:394)
	at org.eclipse.m2e.core.internal.embedder.MavenExecutionContext.execute(MavenExecutionContext.java:275)
	at org.eclipse.m2e.core.internal.embedder.MavenExecutionContext.execute(MavenExecutionContext.java:214)
	at org.eclipse.m2e.core.internal.project.registry.ProjectRegistryRefreshJob.run(ProjectRegistryRefreshJob.java:106)
	at org.eclipse.core.internal.jobs.Worker.run(Worker.java:63)
2024-01-04 04:03:25,241 [Worker-23: Updating Maven Dependencies] ERROR o.e.m.j.i.l.MavenLaunchConfigurationListener - Launch configuration app1Main references non-existing project ProyectoFinal.
org.eclipse.core.runtime.CoreException: Launch configuration app1Main references non-existing project ProyectoFinal.
	at org.eclipse.jdt.launching.JavaRuntime.abort(JavaRuntime.java:1858)
	at org.eclipse.jdt.launching.JavaRuntime.getJavaProject(JavaRuntime.java:1735)
	at org.eclipse.m2e.jdt.internal.launch.MavenLaunchConfigurationListener.updateLaunchConfiguration(MavenLaunchConfigurationListener.java:64)
	at org.eclipse.m2e.jdt.internal.launch.MavenLaunchConfigurationListener.launchConfigurationChanged(MavenLaunchConfigurationListener.java:50)
	at org.eclipse.debug.internal.core.LaunchManager$ConfigurationNotifier.run(LaunchManager.java:220)
	at org.eclipse.core.runtime.SafeRunner.run(SafeRunner.java:47)
	at org.eclipse.debug.internal.core.LaunchManager$ConfigurationNotifier.notify(LaunchManager.java:204)
	at org.eclipse.debug.internal.core.LaunchManager.launchConfigurationChanged(LaunchManager.java:2010)
	at org.eclipse.debug.internal.core.LaunchConfigurationWorkingCopy.writeNewFile(LaunchConfigurationWorkingCopy.java:380)
	at org.eclipse.debug.internal.core.LaunchConfigurationWorkingCopy.doSave0(LaunchConfigurationWorkingCopy.java:259)
	at org.eclipse.debug.internal.core.LaunchConfigurationWorkingCopy.doSave(LaunchConfigurationWorkingCopy.java:229)
	at org.eclipse.debug.internal.core.LaunchConfigurationWorkingCopy.doSave(LaunchConfigurationWorkingCopy.java:187)
	at org.eclipse.m2e.jdt.internal.launch.MavenRuntimeClasspathProvider.disable(MavenRuntimeClasspathProvider.java:411)
	at org.eclipse.m2e.jdt.internal.launch.MavenRuntimeClasspathProvider.disable(MavenRuntimeClasspathProvider.java:435)
	at org.eclipse.m2e.jdt.internal.launch.MavenLaunchConfigurationListener.mavenProjectChanged(MavenLaunchConfigurationListener.java:135)
	at org.eclipse.m2e.core.internal.project.registry.ProjectRegistryManager.notifyProjectChangeListeners(ProjectRegistryManager.java:888)
	at org.eclipse.m2e.core.internal.project.registry.ProjectRegistryManager.applyMutableProjectRegistry(ProjectRegistryManager.java:1040)
	at org.eclipse.m2e.core.internal.project.registry.ProjectRegistryRefreshJob.lambda$0(ProjectRegistryRefreshJob.java:162)
	at org.eclipse.m2e.core.internal.embedder.MavenExecutionContext.executeBare(MavenExecutionContext.java:394)
	at org.eclipse.m2e.core.internal.embedder.MavenExecutionContext.execute(MavenExecutionContext.java:275)
	at org.eclipse.m2e.core.internal.embedder.MavenExecutionContext.execute(MavenExecutionContext.java:214)
	at org.eclipse.m2e.core.internal.project.registry.ProjectRegistryRefreshJob.run(ProjectRegistryRefreshJob.java:106)
	at org.eclipse.core.internal.jobs.Worker.run(Worker.java:63)
2024-01-04 04:03:25,242 [Worker-23: Updating Maven Dependencies] ERROR o.e.m.j.i.l.MavenLaunchConfigurationListener - Launch configuration App2Main references non-existing project ProyectoFinal.
org.eclipse.core.runtime.CoreException: Launch configuration App2Main references non-existing project ProyectoFinal.
	at org.eclipse.jdt.launching.JavaRuntime.abort(JavaRuntime.java:1858)
	at org.eclipse.jdt.launching.JavaRuntime.getJavaProject(JavaRuntime.java:1735)
	at org.eclipse.m2e.jdt.internal.launch.MavenLaunchConfigurationListener.updateLaunchConfiguration(MavenLaunchConfigurationListener.java:64)
	at org.eclipse.m2e.jdt.internal.launch.MavenLaunchConfigurationListener.launchConfigurationChanged(MavenLaunchConfigurationListener.java:50)
	at org.eclipse.debug.internal.core.LaunchManager$ConfigurationNotifier.run(LaunchManager.java:220)
	at org.eclipse.core.runtime.SafeRunner.run(SafeRunner.java:47)
	at org.eclipse.debug.internal.core.LaunchManager$ConfigurationNotifier.notify(LaunchManager.java:204)
	at org.eclipse.debug.internal.core.LaunchConfigurationWorkingCopy.setDirty(LaunchConfigurationWorkingCopy.java:527)
	at org.eclipse.debug.internal.core.LaunchConfigurationWorkingCopy.setAttribute(LaunchConfigurationWorkingCopy.java:415)
	at org.eclipse.m2e.jdt.internal.launch.MavenRuntimeClasspathProvider.disable(MavenRuntimeClasspathProvider.java:409)
	at org.eclipse.m2e.jdt.internal.launch.MavenRuntimeClasspathProvider.disable(MavenRuntimeClasspathProvider.java:435)
	at org.eclipse.m2e.jdt.internal.launch.MavenLaunchConfigurationListener.mavenProjectChanged(MavenLaunchConfigurationListener.java:135)
	at org.eclipse.m2e.core.internal.project.registry.ProjectRegistryManager.notifyProjectChangeListeners(ProjectRegistryManager.java:888)
	at org.eclipse.m2e.core.internal.project.registry.ProjectRegistryManager.applyMutableProjectRegistry(ProjectRegistryManager.java:1040)
	at org.eclipse.m2e.core.internal.project.registry.ProjectRegistryRefreshJob.lambda$0(ProjectRegistryRefreshJob.java:162)
	at org.eclipse.m2e.core.internal.embedder.MavenExecutionContext.executeBare(MavenExecutionContext.java:394)
	at org.eclipse.m2e.core.internal.embedder.MavenExecutionContext.execute(MavenExecutionContext.java:275)
	at org.eclipse.m2e.core.internal.embedder.MavenExecutionContext.execute(MavenExecutionContext.java:214)
	at org.eclipse.m2e.core.internal.project.registry.ProjectRegistryRefreshJob.run(ProjectRegistryRefreshJob.java:106)
	at org.eclipse.core.internal.jobs.Worker.run(Worker.java:63)
2024-01-04 04:03:25,243 [Worker-23: Updating Maven Dependencies] ERROR o.e.m.j.i.l.MavenLaunchConfigurationListener - Launch configuration App2Main references non-existing project ProyectoFinal.
org.eclipse.core.runtime.CoreException: Launch configuration App2Main references non-existing project ProyectoFinal.
	at org.eclipse.jdt.launching.JavaRuntime.abort(JavaRuntime.java:1858)
	at org.eclipse.jdt.launching.JavaRuntime.getJavaProject(JavaRuntime.java:1735)
	at org.eclipse.m2e.jdt.internal.launch.MavenLaunchConfigurationListener.updateLaunchConfiguration(MavenLaunchConfigurationListener.java:64)
	at org.eclipse.m2e.jdt.internal.launch.MavenLaunchConfigurationListener.launchConfigurationChanged(MavenLaunchConfigurationListener.java:50)
	at org.eclipse.debug.internal.core.LaunchManager$ConfigurationNotifier.run(LaunchManager.java:220)
	at org.eclipse.core.runtime.SafeRunner.run(SafeRunner.java:47)
	at org.eclipse.debug.internal.core.LaunchManager$ConfigurationNotifier.notify(LaunchManager.java:204)
	at org.eclipse.debug.internal.core.LaunchConfigurationWorkingCopy.setDirty(LaunchConfigurationWorkingCopy.java:527)
	at org.eclipse.debug.internal.core.LaunchConfigurationWorkingCopy.setAttribute(LaunchConfigurationWorkingCopy.java:415)
	at org.eclipse.m2e.jdt.internal.launch.MavenRuntimeClasspathProvider.disable(MavenRuntimeClasspathProvider.java:410)
	at org.eclipse.m2e.jdt.internal.launch.MavenRuntimeClasspathProvider.disable(MavenRuntimeClasspathProvider.java:435)
	at org.eclipse.m2e.jdt.internal.launch.MavenLaunchConfigurationListener.mavenProjectChanged(MavenLaunchConfigurationListener.java:135)
	at org.eclipse.m2e.core.internal.project.registry.ProjectRegistryManager.notifyProjectChangeListeners(ProjectRegistryManager.java:888)
	at org.eclipse.m2e.core.internal.project.registry.ProjectRegistryManager.applyMutableProjectRegistry(ProjectRegistryManager.java:1040)
	at org.eclipse.m2e.core.internal.project.registry.ProjectRegistryRefreshJob.lambda$0(ProjectRegistryRefreshJob.java:162)
	at org.eclipse.m2e.core.internal.embedder.MavenExecutionContext.executeBare(MavenExecutionContext.java:394)
	at org.eclipse.m2e.core.internal.embedder.MavenExecutionContext.execute(MavenExecutionContext.java:275)
	at org.eclipse.m2e.core.internal.embedder.MavenExecutionContext.execute(MavenExecutionContext.java:214)
	at org.eclipse.m2e.core.internal.project.registry.ProjectRegistryRefreshJob.run(ProjectRegistryRefreshJob.java:106)
	at org.eclipse.core.internal.jobs.Worker.run(Worker.java:63)
2024-01-04 04:03:25,252 [Worker-23: Updating Maven Dependencies] ERROR o.e.m.j.i.l.MavenLaunchConfigurationListener - Launch configuration App2Main references non-existing project ProyectoFinal.
org.eclipse.core.runtime.CoreException: Launch configuration App2Main references non-existing project ProyectoFinal.
	at org.eclipse.jdt.launching.JavaRuntime.abort(JavaRuntime.java:1858)
	at org.eclipse.jdt.launching.JavaRuntime.getJavaProject(JavaRuntime.java:1735)
	at org.eclipse.m2e.jdt.internal.launch.MavenLaunchConfigurationListener.updateLaunchConfiguration(MavenLaunchConfigurationListener.java:64)
	at org.eclipse.m2e.jdt.internal.launch.MavenLaunchConfigurationListener.launchConfigurationChanged(MavenLaunchConfigurationListener.java:50)
	at org.eclipse.debug.internal.core.LaunchManager$ConfigurationNotifier.run(LaunchManager.java:220)
	at org.eclipse.core.runtime.SafeRunner.run(SafeRunner.java:47)
	at org.eclipse.debug.internal.core.LaunchManager$ConfigurationNotifier.notify(LaunchManager.java:204)
	at org.eclipse.debug.internal.core.LaunchManager.launchConfigurationChanged(LaunchManager.java:2010)
	at org.eclipse.debug.internal.core.LaunchConfigurationWorkingCopy.writeNewFile(LaunchConfigurationWorkingCopy.java:380)
	at org.eclipse.debug.internal.core.LaunchConfigurationWorkingCopy.doSave0(LaunchConfigurationWorkingCopy.java:259)
	at org.eclipse.debug.internal.core.LaunchConfigurationWorkingCopy.doSave(LaunchConfigurationWorkingCopy.java:229)
	at org.eclipse.debug.internal.core.LaunchConfigurationWorkingCopy.doSave(LaunchConfigurationWorkingCopy.java:187)
	at org.eclipse.m2e.jdt.internal.launch.MavenRuntimeClasspathProvider.disable(MavenRuntimeClasspathProvider.java:411)
	at org.eclipse.m2e.jdt.internal.launch.MavenRuntimeClasspathProvider.disable(MavenRuntimeClasspathProvider.java:435)
	at org.eclipse.m2e.jdt.internal.launch.MavenLaunchConfigurationListener.mavenProjectChanged(MavenLaunchConfigurationListener.java:135)
	at org.eclipse.m2e.core.internal.project.registry.ProjectRegistryManager.notifyProjectChangeListeners(ProjectRegistryManager.java:888)
	at org.eclipse.m2e.core.internal.project.registry.ProjectRegistryManager.applyMutableProjectRegistry(ProjectRegistryManager.java:1040)
	at org.eclipse.m2e.core.internal.project.registry.ProjectRegistryRefreshJob.lambda$0(ProjectRegistryRefreshJob.java:162)
	at org.eclipse.m2e.core.internal.embedder.MavenExecutionContext.executeBare(MavenExecutionContext.java:394)
	at org.eclipse.m2e.core.internal.embedder.MavenExecutionContext.execute(MavenExecutionContext.java:275)
	at org.eclipse.m2e.core.internal.embedder.MavenExecutionContext.execute(MavenExecutionContext.java:214)
	at org.eclipse.m2e.core.internal.project.registry.ProjectRegistryRefreshJob.run(ProjectRegistryRefreshJob.java:106)
	at org.eclipse.core.internal.jobs.Worker.run(Worker.java:63)
2024-01-04 18:03:15,520 [Worker-3: Loading available Gradle versions] INFO  o.e.b.c.i.u.g.PublishedGradleVersions - Gradle version information cache is up-to-date. Trying to read.
2024-01-07 19:44:04,797 [Worker-4: Loading available Gradle versions] INFO  o.e.b.c.i.u.g.PublishedGradleVersions - Gradle version information cache is out-of-date. Trying to update.
2024-01-10 22:11:18,068 [Worker-5: Loading available Gradle versions] INFO  o.e.b.c.i.u.g.PublishedGradleVersions - Gradle version information cache is out-of-date. Trying to update.
2024-01-10 22:18:26,530 [Worker-23: Update Maven projects configuration] INFO  o.e.m.c.i.p.ProjectConfigurationManager - Update started
2024-01-10 22:18:27,742 [Worker-23: Update Maven projects configuration] INFO  o.e.m.c.i.l.LifecycleMappingFactory - Using org.eclipse.m2e.jdt.JarLifecycleMapping lifecycle mapping for MavenProject: proyecto:Enviar:0.0.1-SNAPSHOT @ C:\Users\May\Downloads\Enviar\pom.xml.
2024-01-10 22:18:28,149 [Worker-23: Update Maven projects configuration] INFO  o.e.m.c.i.e.AbstractTransferListenerAdapter - Downloading https://repo.maven.apache.org/maven2/com/h2database/h2/2.2.224/h2-2.2.224.pom
2024-01-10 22:18:28,160 [Worker-23: Update Maven projects configuration] INFO  o.e.m.c.i.e.AbstractTransferListenerAdapter - Downloaded https://repo.maven.apache.org/maven2/com/h2database/h2/2.2.224/h2-2.2.224.pom
2024-01-10 22:18:28,469 [Worker-23: Update Maven projects configuration] INFO  o.e.m.c.i.e.AbstractTransferListenerAdapter - Downloading https://repo.maven.apache.org/maven2/com/h2database/h2/2.2.224/h2-2.2.224.jar
2024-01-10 22:18:28,572 [Worker-23: Update Maven projects configuration] INFO  o.e.m.c.i.e.AbstractTransferListenerAdapter - Downloaded https://repo.maven.apache.org/maven2/com/h2database/h2/2.2.224/h2-2.2.224.jar
2024-01-10 22:18:29,197 [Worker-23: Update Maven projects configuration] INFO  o.e.m.j.i.AbstractJavaProjectConfigurator - Adding source folder /Enviar/src/main/java
2024-01-10 22:18:29,197 [Worker-23: Update Maven projects configuration] INFO  o.e.m.j.i.AbstractJavaProjectConfigurator - Adding resource folder /Enviar/src/main/resources
2024-01-10 22:18:29,202 [Worker-23: Update Maven projects configuration] INFO  o.e.m.j.i.AbstractJavaProjectConfigurator - Adding resource folder /Enviar/src/main/resources
2024-01-10 22:18:29,209 [Worker-23: Update Maven projects configuration] INFO  o.e.m.j.i.AbstractJavaProjectConfigurator - Adding source folder /Enviar/src/test/java
2024-01-10 22:18:29,210 [Worker-23: Update Maven projects configuration] INFO  o.e.m.j.i.AbstractJavaProjectConfigurator - Adding resource folder /Enviar/src/test/resources
2024-01-10 22:18:29,878 [Worker-23: Update Maven projects configuration] INFO  o.e.m.c.i.p.ProjectConfigurationManager - Update completed for 1 poms: local refresh takes 0,00 sec, refresh facades takes 2,00 sec, update config takes 0,00 sec 
2024-01-10 22:18:30,032 [Worker-25: Download sources and javadoc] INFO  o.e.m.c.i.e.AbstractTransferListenerAdapter - Downloading https://repo.maven.apache.org/maven2/com/h2database/h2/2.2.224/h2-2.2.224-sources.jar
2024-01-10 22:18:30,096 [Worker-25: Download sources and javadoc] INFO  o.e.m.c.i.e.AbstractTransferListenerAdapter - Downloaded https://repo.maven.apache.org/maven2/com/h2database/h2/2.2.224/h2-2.2.224-sources.jar
2024-01-10 22:18:30,125 [Worker-25: Download sources and javadoc] INFO  o.e.m.j.internal.DownloadSourcesJob - Downloaded sources for com.h2database:h2:2.2.224
2024-01-10 22:18:30,137 [Worker-16: Building] INFO  o.a.m.s.f.DefaultMavenResourcesFiltering - Copying 1 resource from src\main\resources to target\classes
2024-01-10 22:18:30,151 [Worker-16: Building] INFO  o.a.m.s.f.DefaultMavenResourcesFiltering - Copying 0 resource from src\main\resources to target\classes
2024-01-10 22:18:30,156 [Worker-16: Building] INFO  o.a.m.s.f.DefaultMavenResourcesFiltering - skip non existing resourceDirectory C:\Users\May\Downloads\Enviar\src\test\resources
2024-01-10 22:18:36,313 [Worker-16: Update Maven projects configuration] INFO  o.e.m.c.i.p.ProjectConfigurationManager - Update started
2024-01-10 22:18:36,681 [Worker-16: Update Maven projects configuration] INFO  o.e.m.c.i.l.LifecycleMappingFactory - Using org.eclipse.m2e.jdt.JarLifecycleMapping lifecycle mapping for MavenProject: proyecto:Pedir:0.0.1-SNAPSHOT @ C:\Users\May\Downloads\Pedir\pom.xml.
2024-01-10 22:18:37,109 [Worker-16: Update Maven projects configuration] INFO  o.e.m.j.i.AbstractJavaProjectConfigurator - Adding source folder /Pedir/src/main/java
2024-01-10 22:18:37,109 [Worker-16: Update Maven projects configuration] INFO  o.e.m.j.i.AbstractJavaProjectConfigurator - Adding resource folder /Pedir/src/main/resources
2024-01-10 22:18:37,114 [Worker-16: Update Maven projects configuration] INFO  o.e.m.j.i.AbstractJavaProjectConfigurator - Adding resource folder /Pedir/src/main/resources
2024-01-10 22:18:37,120 [Worker-16: Update Maven projects configuration] INFO  o.e.m.j.i.AbstractJavaProjectConfigurator - Adding source folder /Pedir/src/test/java
2024-01-10 22:18:37,121 [Worker-16: Update Maven projects configuration] INFO  o.e.m.j.i.AbstractJavaProjectConfigurator - Adding resource folder /Pedir/src/test/resources
2024-01-10 22:18:37,518 [Worker-16: Update Maven projects configuration] INFO  o.e.m.c.i.p.ProjectConfigurationManager - Update completed for 1 poms: local refresh takes 0,00 sec, refresh facades takes 0,00 sec, update config takes 0,00 sec 
2024-01-10 22:18:37,725 [Worker-16: Building] INFO  o.a.m.s.f.DefaultMavenResourcesFiltering - Copying 1 resource from src\main\resources to target\classes
2024-01-10 22:18:37,740 [Worker-16: Building] INFO  o.a.m.s.f.DefaultMavenResourcesFiltering - Copying 0 resource from src\main\resources to target\classes
2024-01-10 22:18:37,745 [Worker-16: Building] INFO  o.a.m.s.f.DefaultMavenResourcesFiltering - skip non existing resourceDirectory C:\Users\May\Downloads\Pedir\src\test\resources
2024-01-10 22:19:53,985 [Worker-25: Building] INFO  o.a.m.s.f.DefaultMavenResourcesFiltering - Copying 1 resource from src\main\resources to target\classes
2024-01-10 22:19:53,989 [Worker-25: Building] INFO  o.a.m.s.f.DefaultMavenResourcesFiltering - Copying 0 resource from src\main\resources to target\classes
2024-01-10 22:19:53,991 [Worker-25: Building] INFO  o.a.m.s.f.DefaultMavenResourcesFiltering - skip non existing resourceDirectory C:\Users\May\Downloads\Enviar\src\test\resources
2024-01-10 22:20:21,781 [Worker-23: Building] INFO  o.a.m.s.f.DefaultMavenResourcesFiltering - Copying 1 resource from src\main\resources to target\classes
2024-01-10 22:20:21,786 [Worker-23: Building] INFO  o.a.m.s.f.DefaultMavenResourcesFiltering - Copying 0 resource from src\main\resources to target\classes
2024-01-10 22:20:21,789 [Worker-23: Building] INFO  o.a.m.s.f.DefaultMavenResourcesFiltering - skip non existing resourceDirectory C:\Users\May\Downloads\Enviar\src\test\resources
2024-01-10 22:21:28,613 [Worker-27: Building] INFO  o.a.m.s.f.DefaultMavenResourcesFiltering - Copying 1 resource from src\main\resources to target\classes
2024-01-10 22:21:28,620 [Worker-27: Building] INFO  o.a.m.s.f.DefaultMavenResourcesFiltering - Copying 0 resource from src\main\resources to target\classes
2024-01-10 22:21:28,623 [Worker-27: Building] INFO  o.a.m.s.f.DefaultMavenResourcesFiltering - skip non existing resourceDirectory C:\Users\May\Downloads\Enviar\src\test\resources
2024-01-10 22:21:45,161 [Worker-27: Building] INFO  o.a.m.s.f.DefaultMavenResourcesFiltering - Copying 1 resource from src\main\resources to target\classes
2024-01-10 22:21:45,164 [Worker-27: Building] INFO  o.a.m.s.f.DefaultMavenResourcesFiltering - Copying 0 resource from src\main\resources to target\classes
2024-01-10 22:21:45,167 [Worker-27: Building] INFO  o.a.m.s.f.DefaultMavenResourcesFiltering - skip non existing resourceDirectory C:\Users\May\Downloads\Enviar\src\test\resources
2024-01-10 22:21:46,260 [Worker-28: Building] INFO  o.a.m.s.f.DefaultMavenResourcesFiltering - Copying 1 resource from src\main\resources to target\classes
2024-01-10 22:21:46,263 [Worker-28: Building] INFO  o.a.m.s.f.DefaultMavenResourcesFiltering - Copying 0 resource from src\main\resources to target\classes
2024-01-10 22:21:46,265 [Worker-28: Building] INFO  o.a.m.s.f.DefaultMavenResourcesFiltering - skip non existing resourceDirectory C:\Users\May\Downloads\Enviar\src\test\resources
2024-01-10 22:22:06,068 [Worker-25: Building] INFO  o.a.m.s.f.DefaultMavenResourcesFiltering - Copying 1 resource from src\main\resources to target\classes
2024-01-10 22:22:06,084 [Worker-25: Building] INFO  o.a.m.s.f.DefaultMavenResourcesFiltering - Copying 0 resource from src\main\resources to target\classes
2024-01-10 22:22:06,086 [Worker-25: Building] INFO  o.a.m.s.f.DefaultMavenResourcesFiltering - skip non existing resourceDirectory C:\Users\May\Downloads\Enviar\src\test\resources
2024-01-10 22:22:19,696 [Worker-27: Building] INFO  o.a.m.s.f.DefaultMavenResourcesFiltering - Copying 1 resource from src\main\resources to target\classes
2024-01-10 22:22:19,699 [Worker-27: Building] INFO  o.a.m.s.f.DefaultMavenResourcesFiltering - Copying 0 resource from src\main\resources to target\classes
2024-01-10 22:22:19,701 [Worker-27: Building] INFO  o.a.m.s.f.DefaultMavenResourcesFiltering - skip non existing resourceDirectory C:\Users\May\Downloads\Enviar\src\test\resources
2024-01-10 22:22:38,565 [Worker-23: Building] INFO  o.a.m.s.f.DefaultMavenResourcesFiltering - Copying 1 resource from src\main\resources to target\classes
2024-01-10 22:22:38,569 [Worker-23: Building] INFO  o.a.m.s.f.DefaultMavenResourcesFiltering - Copying 0 resource from src\main\resources to target\classes
2024-01-10 22:22:38,571 [Worker-23: Building] INFO  o.a.m.s.f.DefaultMavenResourcesFiltering - skip non existing resourceDirectory C:\Users\May\Downloads\Enviar\src\test\resources
2024-01-10 22:22:51,310 [Worker-27: Building] INFO  o.a.m.s.f.DefaultMavenResourcesFiltering - Copying 1 resource from src\main\resources to target\classes
2024-01-10 22:22:51,312 [Worker-27: Building] INFO  o.a.m.s.f.DefaultMavenResourcesFiltering - Copying 0 resource from src\main\resources to target\classes
2024-01-10 22:22:51,314 [Worker-27: Building] INFO  o.a.m.s.f.DefaultMavenResourcesFiltering - skip non existing resourceDirectory C:\Users\May\Downloads\Enviar\src\test\resources
2024-01-10 22:25:23,914 [Worker-28: Building] INFO  o.a.m.s.f.DefaultMavenResourcesFiltering - Copying 1 resource from src\main\resources to target\classes
2024-01-10 22:25:23,927 [Worker-28: Building] INFO  o.a.m.s.f.DefaultMavenResourcesFiltering - Copying 0 resource from src\main\resources to target\classes
2024-01-10 22:25:23,931 [Worker-28: Building] INFO  o.a.m.s.f.DefaultMavenResourcesFiltering - skip non existing resourceDirectory C:\Users\May\Downloads\Enviar\src\test\resources
2024-01-10 22:26:31,715 [Worker-30: Building] INFO  o.a.m.s.f.DefaultMavenResourcesFiltering - Copying 1 resource from src\main\resources to target\classes
2024-01-10 22:26:31,718 [Worker-30: Building] INFO  o.a.m.s.f.DefaultMavenResourcesFiltering - Copying 0 resource from src\main\resources to target\classes
2024-01-10 22:26:31,721 [Worker-30: Building] INFO  o.a.m.s.f.DefaultMavenResourcesFiltering - skip non existing resourceDirectory C:\Users\May\Downloads\Pedir\src\test\resources
2024-01-10 22:27:06,267 [Worker-31: Building] INFO  o.a.m.s.f.DefaultMavenResourcesFiltering - Copying 1 resource from src\main\resources to target\classes
2024-01-10 22:27:06,271 [Worker-31: Building] INFO  o.a.m.s.f.DefaultMavenResourcesFiltering - Copying 0 resource from src\main\resources to target\classes
2024-01-10 22:27:06,274 [Worker-31: Building] INFO  o.a.m.s.f.DefaultMavenResourcesFiltering - skip non existing resourceDirectory C:\Users\May\Downloads\Pedir\src\test\resources
2024-01-10 22:27:30,715 [Worker-28: Building] INFO  o.a.m.s.f.DefaultMavenResourcesFiltering - Copying 1 resource from src\main\resources to target\classes
2024-01-10 22:27:30,718 [Worker-28: Building] INFO  o.a.m.s.f.DefaultMavenResourcesFiltering - Copying 0 resource from src\main\resources to target\classes
2024-01-10 22:27:30,720 [Worker-28: Building] INFO  o.a.m.s.f.DefaultMavenResourcesFiltering - skip non existing resourceDirectory C:\Users\May\Downloads\Pedir\src\test\resources
2024-01-10 22:27:51,006 [Worker-30: Building] INFO  o.a.m.s.f.DefaultMavenResourcesFiltering - Copying 1 resource from src\main\resources to target\classes
2024-01-10 22:27:51,010 [Worker-30: Building] INFO  o.a.m.s.f.DefaultMavenResourcesFiltering - Copying 0 resource from src\main\resources to target\classes
2024-01-10 22:27:51,012 [Worker-30: Building] INFO  o.a.m.s.f.DefaultMavenResourcesFiltering - skip non existing resourceDirectory C:\Users\May\Downloads\Pedir\src\test\resources
2024-01-10 22:28:11,771 [Worker-32: Building] INFO  o.a.m.s.f.DefaultMavenResourcesFiltering - Copying 1 resource from src\main\resources to target\classes
2024-01-10 22:28:11,774 [Worker-32: Building] INFO  o.a.m.s.f.DefaultMavenResourcesFiltering - Copying 0 resource from src\main\resources to target\classes
2024-01-10 22:28:11,776 [Worker-32: Building] INFO  o.a.m.s.f.DefaultMavenResourcesFiltering - skip non existing resourceDirectory C:\Users\May\Downloads\Pedir\src\test\resources
2024-01-10 22:28:54,592 [Worker-31: Building] INFO  o.a.m.s.f.DefaultMavenResourcesFiltering - Copying 1 resource from src\main\resources to target\classes
2024-01-10 22:28:54,595 [Worker-31: Building] INFO  o.a.m.s.f.DefaultMavenResourcesFiltering - Copying 0 resource from src\main\resources to target\classes
2024-01-10 22:28:54,598 [Worker-31: Building] INFO  o.a.m.s.f.DefaultMavenResourcesFiltering - skip non existing resourceDirectory C:\Users\May\Downloads\Pedir\src\test\resources
2024-01-10 22:29:02,871 [Worker-32: Building] INFO  o.a.m.s.f.DefaultMavenResourcesFiltering - Copying 1 resource from src\main\resources to target\classes
2024-01-10 22:29:02,874 [Worker-32: Building] INFO  o.a.m.s.f.DefaultMavenResourcesFiltering - Copying 0 resource from src\main\resources to target\classes
2024-01-10 22:29:02,876 [Worker-32: Building] INFO  o.a.m.s.f.DefaultMavenResourcesFiltering - skip non existing resourceDirectory C:\Users\May\Downloads\Pedir\src\test\resources
2024-01-10 22:29:41,531 [Worker-28: Building] INFO  o.a.m.s.f.DefaultMavenResourcesFiltering - Copying 1 resource from src\main\resources to target\classes
2024-01-10 22:29:41,548 [Worker-28: Building] INFO  o.a.m.s.f.DefaultMavenResourcesFiltering - Copying 0 resource from src\main\resources to target\classes
2024-01-10 22:29:41,550 [Worker-28: Building] INFO  o.a.m.s.f.DefaultMavenResourcesFiltering - skip non existing resourceDirectory C:\Users\May\Downloads\Pedir\src\test\resources
2024-01-10 22:31:21,682 [Worker-32: Building] INFO  o.a.m.s.f.DefaultMavenResourcesFiltering - Copying 1 resource from src\main\resources to target\classes
2024-01-10 22:31:21,695 [Worker-32: Building] INFO  o.a.m.s.f.DefaultMavenResourcesFiltering - Copying 0 resource from src\main\resources to target\classes
2024-01-10 22:31:21,699 [Worker-32: Building] INFO  o.a.m.s.f.DefaultMavenResourcesFiltering - skip non existing resourceDirectory C:\Users\May\Downloads\Enviar\src\test\resources
2024-01-10 22:31:37,776 [Worker-30: Building] INFO  o.a.m.s.f.DefaultMavenResourcesFiltering - Copying 1 resource from src\main\resources to target\classes
2024-01-10 22:31:37,781 [Worker-30: Building] INFO  o.a.m.s.f.DefaultMavenResourcesFiltering - Copying 0 resource from src\main\resources to target\classes
2024-01-10 22:31:37,784 [Worker-30: Building] INFO  o.a.m.s.f.DefaultMavenResourcesFiltering - skip non existing resourceDirectory C:\Users\May\Downloads\Pedir\src\test\resources
2024-01-10 22:52:50,487 [Worker-37: Building] INFO  o.a.m.s.f.DefaultMavenResourcesFiltering - Copying 1 resource from src\main\resources to target\classes
2024-01-10 22:52:50,510 [Worker-37: Building] INFO  o.a.m.s.f.DefaultMavenResourcesFiltering - Copying 0 resource from src\main\resources to target\classes
2024-01-10 22:52:50,512 [Worker-37: Building] INFO  o.a.m.s.f.DefaultMavenResourcesFiltering - skip non existing resourceDirectory C:\Users\May\Downloads\Enviar\src\test\resources
2024-01-11 00:08:10,224 [Worker-54: Building] INFO  o.e.m.c.i.l.LifecycleMappingFactory - Using org.eclipse.m2e.jdt.JarLifecycleMapping lifecycle mapping for MavenProject: proyecto:Enviar:0.0.1-SNAPSHOT @ C:\Users\May\Downloads\Enviar\pom.xml.
2024-01-11 00:08:10,449 [Worker-54: Building] INFO  o.e.m.c.i.e.AbstractTransferListenerAdapter - Downloading https://repo.maven.apache.org/maven2/org/springframework/boot/spring-boot-starter-data-jpa/3.2.1/spring-boot-starter-data-jpa-3.2.1.pom
2024-01-11 00:08:10,457 [Worker-54: Building] INFO  o.e.m.c.i.e.AbstractTransferListenerAdapter - Downloaded https://repo.maven.apache.org/maven2/org/springframework/boot/spring-boot-starter-data-jpa/3.2.1/spring-boot-starter-data-jpa-3.2.1.pom
2024-01-11 00:08:10,473 [Worker-54: Building] INFO  o.e.m.c.i.e.AbstractTransferListenerAdapter - Downloading https://repo.maven.apache.org/maven2/org/springframework/boot/spring-boot-starter-aop/3.2.1/spring-boot-starter-aop-3.2.1.pom
2024-01-11 00:08:10,478 [Worker-54: Building] INFO  o.e.m.c.i.e.AbstractTransferListenerAdapter - Downloaded https://repo.maven.apache.org/maven2/org/springframework/boot/spring-boot-starter-aop/3.2.1/spring-boot-starter-aop-3.2.1.pom
2024-01-11 00:08:10,494 [Worker-54: Building] INFO  o.e.m.c.i.e.AbstractTransferListenerAdapter - Downloading https://repo.maven.apache.org/maven2/org/aspectj/aspectjweaver/1.9.21/aspectjweaver-1.9.21.pom
2024-01-11 00:08:10,500 [Worker-54: Building] INFO  o.e.m.c.i.e.AbstractTransferListenerAdapter - Downloaded https://repo.maven.apache.org/maven2/org/aspectj/aspectjweaver/1.9.21/aspectjweaver-1.9.21.pom
2024-01-11 00:08:10,518 [Worker-54: Building] INFO  o.e.m.c.i.e.AbstractTransferListenerAdapter - Downloading https://repo.maven.apache.org/maven2/org/springframework/boot/spring-boot-starter-jdbc/3.2.1/spring-boot-starter-jdbc-3.2.1.pom
2024-01-11 00:08:10,524 [Worker-54: Building] INFO  o.e.m.c.i.e.AbstractTransferListenerAdapter - Downloaded https://repo.maven.apache.org/maven2/org/springframework/boot/spring-boot-starter-jdbc/3.2.1/spring-boot-starter-jdbc-3.2.1.pom
2024-01-11 00:08:10,546 [Worker-54: Building] INFO  o.e.m.c.i.e.AbstractTransferListenerAdapter - Downloading https://repo.maven.apache.org/maven2/org/springframework/spring-jdbc/6.1.2/spring-jdbc-6.1.2.pom
2024-01-11 00:08:10,551 [Worker-54: Building] INFO  o.e.m.c.i.e.AbstractTransferListenerAdapter - Downloaded https://repo.maven.apache.org/maven2/org/springframework/spring-jdbc/6.1.2/spring-jdbc-6.1.2.pom
2024-01-11 00:08:10,568 [Worker-54: Building] INFO  o.e.m.c.i.e.AbstractTransferListenerAdapter - Downloading https://repo.maven.apache.org/maven2/org/springframework/spring-tx/6.1.2/spring-tx-6.1.2.pom
2024-01-11 00:08:10,572 [Worker-54: Building] INFO  o.e.m.c.i.e.AbstractTransferListenerAdapter - Downloaded https://repo.maven.apache.org/maven2/org/springframework/spring-tx/6.1.2/spring-tx-6.1.2.pom
2024-01-11 00:08:10,588 [Worker-54: Building] INFO  o.e.m.c.i.e.AbstractTransferListenerAdapter - Downloading https://repo.maven.apache.org/maven2/org/hibernate/orm/hibernate-core/6.4.1.Final/hibernate-core-6.4.1.Final.pom
2024-01-11 00:08:10,593 [Worker-54: Building] INFO  o.e.m.c.i.e.AbstractTransferListenerAdapter - Downloaded https://repo.maven.apache.org/maven2/org/hibernate/orm/hibernate-core/6.4.1.Final/hibernate-core-6.4.1.Final.pom
2024-01-11 00:08:10,617 [Worker-54: Building] INFO  o.e.m.c.i.e.AbstractTransferListenerAdapter - Downloading https://repo.maven.apache.org/maven2/org/jboss/logging/jboss-logging/3.5.3.Final/jboss-logging-3.5.3.Final.pom
2024-01-11 00:08:10,623 [Worker-54: Building] INFO  o.e.m.c.i.e.AbstractTransferListenerAdapter - Downloaded https://repo.maven.apache.org/maven2/org/jboss/logging/jboss-logging/3.5.3.Final/jboss-logging-3.5.3.Final.pom
2024-01-11 00:08:10,654 [Worker-54: Building] INFO  o.e.m.c.i.e.AbstractTransferListenerAdapter - Downloading https://repo.maven.apache.org/maven2/org/jboss/logging/logging-parent/1.0.1.Final/logging-parent-1.0.1.Final.pom
2024-01-11 00:08:10,659 [Worker-54: Building] INFO  o.e.m.c.i.e.AbstractTransferListenerAdapter - Downloaded https://repo.maven.apache.org/maven2/org/jboss/logging/logging-parent/1.0.1.Final/logging-parent-1.0.1.Final.pom
2024-01-11 00:08:10,683 [Worker-54: Building] INFO  o.e.m.c.i.e.AbstractTransferListenerAdapter - Downloading https://repo.maven.apache.org/maven2/io/smallrye/jandex/3.1.2/jandex-3.1.2.pom
2024-01-11 00:08:10,688 [Worker-54: Building] INFO  o.e.m.c.i.e.AbstractTransferListenerAdapter - Downloaded https://repo.maven.apache.org/maven2/io/smallrye/jandex/3.1.2/jandex-3.1.2.pom
2024-01-11 00:08:10,703 [Worker-54: Building] INFO  o.e.m.c.i.e.AbstractTransferListenerAdapter - Downloading https://repo.maven.apache.org/maven2/io/smallrye/jandex-parent/3.1.2/jandex-parent-3.1.2.pom
2024-01-11 00:08:10,706 [Worker-54: Building] INFO  o.e.m.c.i.e.AbstractTransferListenerAdapter - Downloaded https://repo.maven.apache.org/maven2/io/smallrye/jandex-parent/3.1.2/jandex-parent-3.1.2.pom
2024-01-11 00:08:10,721 [Worker-54: Building] INFO  o.e.m.c.i.e.AbstractTransferListenerAdapter - Downloading https://repo.maven.apache.org/maven2/io/smallrye/smallrye-build-parent/39/smallrye-build-parent-39.pom
2024-01-11 00:08:10,724 [Worker-54: Building] INFO  o.e.m.c.i.e.AbstractTransferListenerAdapter - Downloaded https://repo.maven.apache.org/maven2/io/smallrye/smallrye-build-parent/39/smallrye-build-parent-39.pom
2024-01-11 00:08:10,738 [Worker-54: Building] INFO  o.e.m.c.i.e.AbstractTransferListenerAdapter - Downloading https://repo.maven.apache.org/maven2/com/fasterxml/classmate/1.6.0/classmate-1.6.0.pom
2024-01-11 00:08:10,741 [Worker-54: Building] INFO  o.e.m.c.i.e.AbstractTransferListenerAdapter - Downloaded https://repo.maven.apache.org/maven2/com/fasterxml/classmate/1.6.0/classmate-1.6.0.pom
2024-01-11 00:08:10,756 [Worker-54: Building] INFO  o.e.m.c.i.e.AbstractTransferListenerAdapter - Downloading https://repo.maven.apache.org/maven2/com/fasterxml/oss-parent/55/oss-parent-55.pom
2024-01-11 00:08:10,760 [Worker-54: Building] INFO  o.e.m.c.i.e.AbstractTransferListenerAdapter - Downloaded https://repo.maven.apache.org/maven2/com/fasterxml/oss-parent/55/oss-parent-55.pom
2024-01-11 00:08:10,787 [Worker-54: Building] INFO  o.e.m.c.i.e.AbstractTransferListenerAdapter - Downloading https://repo.maven.apache.org/maven2/org/glassfish/jaxb/jaxb-runtime/4.0.4/jaxb-runtime-4.0.4.pom
2024-01-11 00:08:10,791 [Worker-54: Building] INFO  o.e.m.c.i.e.AbstractTransferListenerAdapter - Downloaded https://repo.maven.apache.org/maven2/org/glassfish/jaxb/jaxb-runtime/4.0.4/jaxb-runtime-4.0.4.pom
2024-01-11 00:08:10,805 [Worker-54: Building] INFO  o.e.m.c.i.e.AbstractTransferListenerAdapter - Downloading https://repo.maven.apache.org/maven2/com/sun/xml/bind/mvn/jaxb-runtime-parent/4.0.4/jaxb-runtime-parent-4.0.4.pom
2024-01-11 00:08:10,808 [Worker-54: Building] INFO  o.e.m.c.i.e.AbstractTransferListenerAdapter - Downloaded https://repo.maven.apache.org/maven2/com/sun/xml/bind/mvn/jaxb-runtime-parent/4.0.4/jaxb-runtime-parent-4.0.4.pom
2024-01-11 00:08:10,823 [Worker-54: Building] INFO  o.e.m.c.i.e.AbstractTransferListenerAdapter - Downloading https://repo.maven.apache.org/maven2/com/sun/xml/bind/mvn/jaxb-parent/4.0.4/jaxb-parent-4.0.4.pom
2024-01-11 00:08:10,828 [Worker-54: Building] INFO  o.e.m.c.i.e.AbstractTransferListenerAdapter - Downloaded https://repo.maven.apache.org/maven2/com/sun/xml/bind/mvn/jaxb-parent/4.0.4/jaxb-parent-4.0.4.pom
2024-01-11 00:08:10,841 [Worker-54: Building] INFO  o.e.m.c.i.e.AbstractTransferListenerAdapter - Downloading https://repo.maven.apache.org/maven2/com/sun/xml/bind/jaxb-bom-ext/4.0.4/jaxb-bom-ext-4.0.4.pom
2024-01-11 00:08:10,844 [Worker-54: Building] INFO  o.e.m.c.i.e.AbstractTransferListenerAdapter - Downloaded https://repo.maven.apache.org/maven2/com/sun/xml/bind/jaxb-bom-ext/4.0.4/jaxb-bom-ext-4.0.4.pom
2024-01-11 00:08:10,862 [Worker-54: Building] INFO  o.e.m.c.i.e.AbstractTransferListenerAdapter - Downloading https://repo.maven.apache.org/maven2/org/glassfish/jaxb/jaxb-core/4.0.4/jaxb-core-4.0.4.pom
2024-01-11 00:08:10,865 [Worker-54: Building] INFO  o.e.m.c.i.e.AbstractTransferListenerAdapter - Downloaded https://repo.maven.apache.org/maven2/org/glassfish/jaxb/jaxb-core/4.0.4/jaxb-core-4.0.4.pom
2024-01-11 00:08:10,881 [Worker-54: Building] INFO  o.e.m.c.i.e.AbstractTransferListenerAdapter - Downloading https://repo.maven.apache.org/maven2/org/eclipse/angus/angus-activation/2.0.1/angus-activation-2.0.1.pom
2024-01-11 00:08:10,884 [Worker-54: Building] INFO  o.e.m.c.i.e.AbstractTransferListenerAdapter - Downloaded https://repo.maven.apache.org/maven2/org/eclipse/angus/angus-activation/2.0.1/angus-activation-2.0.1.pom
2024-01-11 00:08:10,897 [Worker-54: Building] INFO  o.e.m.c.i.e.AbstractTransferListenerAdapter - Downloading https://repo.maven.apache.org/maven2/org/eclipse/angus/angus-activation-project/2.0.1/angus-activation-project-2.0.1.pom
2024-01-11 00:08:10,901 [Worker-54: Building] INFO  o.e.m.c.i.e.AbstractTransferListenerAdapter - Downloaded https://repo.maven.apache.org/maven2/org/eclipse/angus/angus-activation-project/2.0.1/angus-activation-project-2.0.1.pom
2024-01-11 00:08:10,917 [Worker-54: Building] INFO  o.e.m.c.i.e.AbstractTransferListenerAdapter - Downloading https://repo.maven.apache.org/maven2/org/glassfish/jaxb/txw2/4.0.4/txw2-4.0.4.pom
2024-01-11 00:08:10,920 [Worker-54: Building] INFO  o.e.m.c.i.e.AbstractTransferListenerAdapter - Downloaded https://repo.maven.apache.org/maven2/org/glassfish/jaxb/txw2/4.0.4/txw2-4.0.4.pom
2024-01-11 00:08:10,935 [Worker-54: Building] INFO  o.e.m.c.i.e.AbstractTransferListenerAdapter - Downloading https://repo.maven.apache.org/maven2/com/sun/xml/bind/mvn/jaxb-txw-parent/4.0.4/jaxb-txw-parent-4.0.4.pom
2024-01-11 00:08:10,938 [Worker-54: Building] INFO  o.e.m.c.i.e.AbstractTransferListenerAdapter - Downloaded https://repo.maven.apache.org/maven2/com/sun/xml/bind/mvn/jaxb-txw-parent/4.0.4/jaxb-txw-parent-4.0.4.pom
2024-01-11 00:08:10,952 [Worker-54: Building] INFO  o.e.m.c.i.e.AbstractTransferListenerAdapter - Downloading https://repo.maven.apache.org/maven2/com/sun/istack/istack-commons-runtime/4.1.2/istack-commons-runtime-4.1.2.pom
2024-01-11 00:08:10,955 [Worker-54: Building] INFO  o.e.m.c.i.e.AbstractTransferListenerAdapter - Downloaded https://repo.maven.apache.org/maven2/com/sun/istack/istack-commons-runtime/4.1.2/istack-commons-runtime-4.1.2.pom
2024-01-11 00:08:10,972 [Worker-54: Building] INFO  o.e.m.c.i.e.AbstractTransferListenerAdapter - Downloading https://repo.maven.apache.org/maven2/com/sun/istack/istack-commons/4.1.2/istack-commons-4.1.2.pom
2024-01-11 00:08:10,975 [Worker-54: Building] INFO  o.e.m.c.i.e.AbstractTransferListenerAdapter - Downloaded https://repo.maven.apache.org/maven2/com/sun/istack/istack-commons/4.1.2/istack-commons-4.1.2.pom
2024-01-11 00:08:10,994 [Worker-54: Building] INFO  o.e.m.c.i.e.AbstractTransferListenerAdapter - Downloading https://repo.maven.apache.org/maven2/org/antlr/antlr4-runtime/4.13.0/antlr4-runtime-4.13.0.pom
2024-01-11 00:08:10,996 [Worker-54: Building] INFO  o.e.m.c.i.e.AbstractTransferListenerAdapter - Downloaded https://repo.maven.apache.org/maven2/org/antlr/antlr4-runtime/4.13.0/antlr4-runtime-4.13.0.pom
2024-01-11 00:08:11,010 [Worker-54: Building] INFO  o.e.m.c.i.e.AbstractTransferListenerAdapter - Downloading https://repo.maven.apache.org/maven2/org/antlr/antlr4-master/4.13.0/antlr4-master-4.13.0.pom
2024-01-11 00:08:11,013 [Worker-54: Building] INFO  o.e.m.c.i.e.AbstractTransferListenerAdapter - Downloaded https://repo.maven.apache.org/maven2/org/antlr/antlr4-master/4.13.0/antlr4-master-4.13.0.pom
2024-01-11 00:08:11,031 [Worker-54: Building] INFO  o.e.m.c.i.e.AbstractTransferListenerAdapter - Downloading https://repo.maven.apache.org/maven2/org/springframework/data/spring-data-jpa/3.2.1/spring-data-jpa-3.2.1.pom
2024-01-11 00:08:11,034 [Worker-54: Building] INFO  o.e.m.c.i.e.AbstractTransferListenerAdapter - Downloaded https://repo.maven.apache.org/maven2/org/springframework/data/spring-data-jpa/3.2.1/spring-data-jpa-3.2.1.pom
2024-01-11 00:08:11,048 [Worker-54: Building] INFO  o.e.m.c.i.e.AbstractTransferListenerAdapter - Downloading https://repo.maven.apache.org/maven2/org/springframework/data/spring-data-jpa-parent/3.2.1/spring-data-jpa-parent-3.2.1.pom
2024-01-11 00:08:11,051 [Worker-54: Building] INFO  o.e.m.c.i.e.AbstractTransferListenerAdapter - Downloaded https://repo.maven.apache.org/maven2/org/springframework/data/spring-data-jpa-parent/3.2.1/spring-data-jpa-parent-3.2.1.pom
2024-01-11 00:08:11,075 [Worker-54: Building] INFO  o.e.m.c.i.e.AbstractTransferListenerAdapter - Downloading https://repo.maven.apache.org/maven2/org/springframework/data/build/spring-data-parent/3.2.1/spring-data-parent-3.2.1.pom
2024-01-11 00:08:11,079 [Worker-54: Building] INFO  o.e.m.c.i.e.AbstractTransferListenerAdapter - Downloaded https://repo.maven.apache.org/maven2/org/springframework/data/build/spring-data-parent/3.2.1/spring-data-parent-3.2.1.pom
2024-01-11 00:08:11,098 [Worker-54: Building] INFO  o.e.m.c.i.e.AbstractTransferListenerAdapter - Downloading https://repo.maven.apache.org/maven2/org/springframework/data/build/spring-data-build/3.2.1/spring-data-build-3.2.1.pom
2024-01-11 00:08:11,101 [Worker-54: Building] INFO  o.e.m.c.i.e.AbstractTransferListenerAdapter - Downloaded https://repo.maven.apache.org/maven2/org/springframework/data/build/spring-data-build/3.2.1/spring-data-build-3.2.1.pom
2024-01-11 00:08:11,133 [Worker-54: Building] INFO  o.e.m.c.i.e.AbstractTransferListenerAdapter - Downloading https://repo.maven.apache.org/maven2/org/springframework/data/spring-data-commons/3.2.1/spring-data-commons-3.2.1.pom
2024-01-11 00:08:11,136 [Worker-54: Building] INFO  o.e.m.c.i.e.AbstractTransferListenerAdapter - Downloaded https://repo.maven.apache.org/maven2/org/springframework/data/spring-data-commons/3.2.1/spring-data-commons-3.2.1.pom
2024-01-11 00:08:11,154 [Worker-54: Building] INFO  o.e.m.c.i.e.AbstractTransferListenerAdapter - Downloading https://repo.maven.apache.org/maven2/org/springframework/spring-orm/6.1.2/spring-orm-6.1.2.pom
2024-01-11 00:08:11,157 [Worker-54: Building] INFO  o.e.m.c.i.e.AbstractTransferListenerAdapter - Downloaded https://repo.maven.apache.org/maven2/org/springframework/spring-orm/6.1.2/spring-orm-6.1.2.pom
2024-01-11 00:08:11,173 [Worker-54: Building] INFO  o.e.m.c.i.e.AbstractTransferListenerAdapter - Downloading https://repo.maven.apache.org/maven2/org/springframework/spring-aspects/6.1.2/spring-aspects-6.1.2.pom
2024-01-11 00:08:11,175 [Worker-54: Building] INFO  o.e.m.c.i.e.AbstractTransferListenerAdapter - Downloaded https://repo.maven.apache.org/maven2/org/springframework/spring-aspects/6.1.2/spring-aspects-6.1.2.pom
2024-01-11 00:08:11,374 [Worker-54: Building] INFO  o.e.m.c.i.e.AbstractTransferListenerAdapter - Downloading https://repo.maven.apache.org/maven2/org/springframework/boot/spring-boot-starter-data-jpa/3.2.1/spring-boot-starter-data-jpa-3.2.1.jar
2024-01-11 00:08:11,377 [Worker-54: Building] INFO  o.e.m.c.i.e.AbstractTransferListenerAdapter - Downloaded https://repo.maven.apache.org/maven2/org/springframework/boot/spring-boot-starter-data-jpa/3.2.1/spring-boot-starter-data-jpa-3.2.1.jar
2024-01-11 00:08:11,391 [BasicRepositoryConnector-repo.maven.apache.org-0-1] INFO  o.e.m.c.i.e.AbstractTransferListenerAdapter - Downloading https://repo.maven.apache.org/maven2/org/aspectj/aspectjweaver/1.9.21/aspectjweaver-1.9.21.jar
2024-01-11 00:08:11,412 [BasicRepositoryConnector-repo.maven.apache.org-0-3] INFO  o.e.m.c.i.e.AbstractTransferListenerAdapter - Downloading https://repo.maven.apache.org/maven2/org/springframework/spring-jdbc/6.1.2/spring-jdbc-6.1.2.jar
2024-01-11 00:08:11,413 [BasicRepositoryConnector-repo.maven.apache.org-0-2] INFO  o.e.m.c.i.e.AbstractTransferListenerAdapter - Downloading https://repo.maven.apache.org/maven2/org/springframework/boot/spring-boot-starter-jdbc/3.2.1/spring-boot-starter-jdbc-3.2.1.jar
2024-01-11 00:08:11,414 [BasicRepositoryConnector-repo.maven.apache.org-0-4] INFO  o.e.m.c.i.e.AbstractTransferListenerAdapter - Downloading https://repo.maven.apache.org/maven2/org/hibernate/orm/hibernate-core/6.4.1.Final/hibernate-core-6.4.1.Final.jar
2024-01-11 00:08:11,415 [BasicRepositoryConnector-repo.maven.apache.org-0-0] INFO  o.e.m.c.i.e.AbstractTransferListenerAdapter - Downloading https://repo.maven.apache.org/maven2/org/springframework/boot/spring-boot-starter-aop/3.2.1/spring-boot-starter-aop-3.2.1.jar
2024-01-11 00:08:11,417 [BasicRepositoryConnector-repo.maven.apache.org-0-2] INFO  o.e.m.c.i.e.AbstractTransferListenerAdapter - Downloaded https://repo.maven.apache.org/maven2/org/springframework/boot/spring-boot-starter-jdbc/3.2.1/spring-boot-starter-jdbc-3.2.1.jar
2024-01-11 00:08:11,419 [BasicRepositoryConnector-repo.maven.apache.org-0-0] INFO  o.e.m.c.i.e.AbstractTransferListenerAdapter - Downloaded https://repo.maven.apache.org/maven2/org/springframework/boot/spring-boot-starter-aop/3.2.1/spring-boot-starter-aop-3.2.1.jar
2024-01-11 00:08:11,441 [BasicRepositoryConnector-repo.maven.apache.org-0-0] INFO  o.e.m.c.i.e.AbstractTransferListenerAdapter - Downloading https://repo.maven.apache.org/maven2/io/smallrye/jandex/3.1.2/jandex-3.1.2.jar
2024-01-11 00:08:11,442 [BasicRepositoryConnector-repo.maven.apache.org-0-2] INFO  o.e.m.c.i.e.AbstractTransferListenerAdapter - Downloading https://repo.maven.apache.org/maven2/org/jboss/logging/jboss-logging/3.5.3.Final/jboss-logging-3.5.3.Final.jar
2024-01-11 00:08:11,445 [BasicRepositoryConnector-repo.maven.apache.org-0-1] INFO  o.e.m.c.i.e.AbstractTransferListenerAdapter - Downloaded https://repo.maven.apache.org/maven2/org/aspectj/aspectjweaver/1.9.21/aspectjweaver-1.9.21.jar
2024-01-11 00:08:11,450 [BasicRepositoryConnector-repo.maven.apache.org-0-3] INFO  o.e.m.c.i.e.AbstractTransferListenerAdapter - Downloaded https://repo.maven.apache.org/maven2/org/springframework/spring-jdbc/6.1.2/spring-jdbc-6.1.2.jar
2024-01-11 00:08:11,455 [BasicRepositoryConnector-repo.maven.apache.org-0-2] INFO  o.e.m.c.i.e.AbstractTransferListenerAdapter - Downloaded https://repo.maven.apache.org/maven2/org/jboss/logging/jboss-logging/3.5.3.Final/jboss-logging-3.5.3.Final.jar
2024-01-11 00:08:11,463 [BasicRepositoryConnector-repo.maven.apache.org-0-1] INFO  o.e.m.c.i.e.AbstractTransferListenerAdapter - Downloading https://repo.maven.apache.org/maven2/com/fasterxml/classmate/1.6.0/classmate-1.6.0.jar
2024-01-11 00:08:11,467 [BasicRepositoryConnector-repo.maven.apache.org-0-2] INFO  o.e.m.c.i.e.AbstractTransferListenerAdapter - Downloading https://repo.maven.apache.org/maven2/org/glassfish/jaxb/jaxb-core/4.0.4/jaxb-core-4.0.4.jar
2024-01-11 00:08:11,469 [BasicRepositoryConnector-repo.maven.apache.org-0-1] INFO  o.e.m.c.i.e.AbstractTransferListenerAdapter - Downloaded https://repo.maven.apache.org/maven2/com/fasterxml/classmate/1.6.0/classmate-1.6.0.jar
2024-01-11 00:08:11,473 [BasicRepositoryConnector-repo.maven.apache.org-0-3] INFO  o.e.m.c.i.e.AbstractTransferListenerAdapter - Downloading https://repo.maven.apache.org/maven2/org/glassfish/jaxb/jaxb-runtime/4.0.4/jaxb-runtime-4.0.4.jar
2024-01-11 00:08:11,480 [BasicRepositoryConnector-repo.maven.apache.org-0-1] INFO  o.e.m.c.i.e.AbstractTransferListenerAdapter - Downloading https://repo.maven.apache.org/maven2/org/eclipse/angus/angus-activation/2.0.1/angus-activation-2.0.1.jar
2024-01-11 00:08:11,484 [BasicRepositoryConnector-repo.maven.apache.org-0-1] INFO  o.e.m.c.i.e.AbstractTransferListenerAdapter - Downloaded https://repo.maven.apache.org/maven2/org/eclipse/angus/angus-activation/2.0.1/angus-activation-2.0.1.jar
2024-01-11 00:08:11,491 [BasicRepositoryConnector-repo.maven.apache.org-0-2] INFO  o.e.m.c.i.e.AbstractTransferListenerAdapter - Downloaded https://repo.maven.apache.org/maven2/org/glassfish/jaxb/jaxb-core/4.0.4/jaxb-core-4.0.4.jar
2024-01-11 00:08:11,491 [BasicRepositoryConnector-repo.maven.apache.org-0-0] INFO  o.e.m.c.i.e.AbstractTransferListenerAdapter - Downloaded https://repo.maven.apache.org/maven2/io/smallrye/jandex/3.1.2/jandex-3.1.2.jar
2024-01-11 00:08:11,502 [BasicRepositoryConnector-repo.maven.apache.org-0-3] INFO  o.e.m.c.i.e.AbstractTransferListenerAdapter - Downloaded https://repo.maven.apache.org/maven2/org/glassfish/jaxb/jaxb-runtime/4.0.4/jaxb-runtime-4.0.4.jar
2024-01-11 00:08:11,502 [BasicRepositoryConnector-repo.maven.apache.org-0-0] INFO  o.e.m.c.i.e.AbstractTransferListenerAdapter - Downloading https://repo.maven.apache.org/maven2/org/antlr/antlr4-runtime/4.13.0/antlr4-runtime-4.13.0.jar
2024-01-11 00:08:11,502 [BasicRepositoryConnector-repo.maven.apache.org-0-2] INFO  o.e.m.c.i.e.AbstractTransferListenerAdapter - Downloading https://repo.maven.apache.org/maven2/com/sun/istack/istack-commons-runtime/4.1.2/istack-commons-runtime-4.1.2.jar
2024-01-11 00:08:11,503 [BasicRepositoryConnector-repo.maven.apache.org-0-1] INFO  o.e.m.c.i.e.AbstractTransferListenerAdapter - Downloading https://repo.maven.apache.org/maven2/org/glassfish/jaxb/txw2/4.0.4/txw2-4.0.4.jar
2024-01-11 00:08:11,506 [BasicRepositoryConnector-repo.maven.apache.org-0-2] INFO  o.e.m.c.i.e.AbstractTransferListenerAdapter - Downloaded https://repo.maven.apache.org/maven2/com/sun/istack/istack-commons-runtime/4.1.2/istack-commons-runtime-4.1.2.jar
2024-01-11 00:08:11,507 [BasicRepositoryConnector-repo.maven.apache.org-0-1] INFO  o.e.m.c.i.e.AbstractTransferListenerAdapter - Downloaded https://repo.maven.apache.org/maven2/org/glassfish/jaxb/txw2/4.0.4/txw2-4.0.4.jar
2024-01-11 00:08:11,518 [BasicRepositoryConnector-repo.maven.apache.org-0-1] INFO  o.e.m.c.i.e.AbstractTransferListenerAdapter - Downloading https://repo.maven.apache.org/maven2/org/springframework/spring-orm/6.1.2/spring-orm-6.1.2.jar
2024-01-11 00:08:11,522 [BasicRepositoryConnector-repo.maven.apache.org-0-2] INFO  o.e.m.c.i.e.AbstractTransferListenerAdapter - Downloading https://repo.maven.apache.org/maven2/org/springframework/data/spring-data-commons/3.2.1/spring-data-commons-3.2.1.jar
2024-01-11 00:08:11,546 [BasicRepositoryConnector-repo.maven.apache.org-0-3] INFO  o.e.m.c.i.e.AbstractTransferListenerAdapter - Downloading https://repo.maven.apache.org/maven2/org/springframework/data/spring-data-jpa/3.2.1/spring-data-jpa-3.2.1.jar
2024-01-11 00:08:11,555 [BasicRepositoryConnector-repo.maven.apache.org-0-2] INFO  o.e.m.c.i.e.AbstractTransferListenerAdapter - Downloaded https://repo.maven.apache.org/maven2/org/springframework/data/spring-data-commons/3.2.1/spring-data-commons-3.2.1.jar
2024-01-11 00:08:11,560 [BasicRepositoryConnector-repo.maven.apache.org-0-0] INFO  o.e.m.c.i.e.AbstractTransferListenerAdapter - Downloaded https://repo.maven.apache.org/maven2/org/antlr/antlr4-runtime/4.13.0/antlr4-runtime-4.13.0.jar
2024-01-11 00:08:11,581 [BasicRepositoryConnector-repo.maven.apache.org-0-0] INFO  o.e.m.c.i.e.AbstractTransferListenerAdapter - Downloading https://repo.maven.apache.org/maven2/org/springframework/spring-aspects/6.1.2/spring-aspects-6.1.2.jar
2024-01-11 00:08:11,581 [BasicRepositoryConnector-repo.maven.apache.org-0-2] INFO  o.e.m.c.i.e.AbstractTransferListenerAdapter - Downloading https://repo.maven.apache.org/maven2/org/springframework/spring-tx/6.1.2/spring-tx-6.1.2.jar
2024-01-11 00:08:11,584 [BasicRepositoryConnector-repo.maven.apache.org-0-1] INFO  o.e.m.c.i.e.AbstractTransferListenerAdapter - Downloaded https://repo.maven.apache.org/maven2/org/springframework/spring-orm/6.1.2/spring-orm-6.1.2.jar
2024-01-11 00:08:11,585 [BasicRepositoryConnector-repo.maven.apache.org-0-0] INFO  o.e.m.c.i.e.AbstractTransferListenerAdapter - Downloaded https://repo.maven.apache.org/maven2/org/springframework/spring-aspects/6.1.2/spring-aspects-6.1.2.jar
2024-01-11 00:08:11,588 [BasicRepositoryConnector-repo.maven.apache.org-0-2] INFO  o.e.m.c.i.e.AbstractTransferListenerAdapter - Downloaded https://repo.maven.apache.org/maven2/org/springframework/spring-tx/6.1.2/spring-tx-6.1.2.jar
2024-01-11 00:08:11,589 [BasicRepositoryConnector-repo.maven.apache.org-0-3] INFO  o.e.m.c.i.e.AbstractTransferListenerAdapter - Downloaded https://repo.maven.apache.org/maven2/org/springframework/data/spring-data-jpa/3.2.1/spring-data-jpa-3.2.1.jar
2024-01-11 00:08:11,979 [BasicRepositoryConnector-repo.maven.apache.org-0-4] INFO  o.e.m.c.i.e.AbstractTransferListenerAdapter - Downloaded https://repo.maven.apache.org/maven2/org/hibernate/orm/hibernate-core/6.4.1.Final/hibernate-core-6.4.1.Final.jar
2024-01-11 00:08:12,395 [Worker-54: Building] INFO  o.a.m.s.f.DefaultMavenResourcesFiltering - Copying 0 resource from src\main\resources to target\classes
2024-01-11 00:08:12,396 [Worker-54: Building] INFO  o.a.m.s.f.DefaultMavenResourcesFiltering - Copying 0 resource from src\main\resources to target\classes
2024-01-11 00:08:12,401 [Worker-54: Building] INFO  o.a.m.s.f.DefaultMavenResourcesFiltering - skip non existing resourceDirectory C:\Users\May\Downloads\Enviar\src\test\resources
2024-01-11 00:08:13,249 [Worker-55: Download sources and javadoc] INFO  o.e.m.c.i.e.AbstractTransferListenerAdapter - Downloading https://repo.maven.apache.org/maven2/org/springframework/boot/spring-boot-starter-data-jpa/3.2.1/spring-boot-starter-data-jpa-3.2.1-sources.jar
2024-01-11 00:08:13,253 [Worker-55: Download sources and javadoc] INFO  o.e.m.c.i.e.AbstractTransferListenerAdapter - Downloaded https://repo.maven.apache.org/maven2/org/springframework/boot/spring-boot-starter-data-jpa/3.2.1/spring-boot-starter-data-jpa-3.2.1-sources.jar
2024-01-11 00:08:13,257 [Worker-55: Download sources and javadoc] INFO  o.e.m.j.internal.DownloadSourcesJob - Downloaded sources for org.springframework.boot:spring-boot-starter-data-jpa:3.2.1
2024-01-11 00:08:13,311 [Worker-55: Download sources and javadoc] INFO  o.e.m.c.i.e.AbstractTransferListenerAdapter - Downloading https://repo.maven.apache.org/maven2/org/springframework/boot/spring-boot-starter-aop/3.2.1/spring-boot-starter-aop-3.2.1-sources.jar
2024-01-11 00:08:13,315 [Worker-55: Download sources and javadoc] INFO  o.e.m.c.i.e.AbstractTransferListenerAdapter - Downloaded https://repo.maven.apache.org/maven2/org/springframework/boot/spring-boot-starter-aop/3.2.1/spring-boot-starter-aop-3.2.1-sources.jar
2024-01-11 00:08:13,320 [Worker-55: Download sources and javadoc] INFO  o.e.m.j.internal.DownloadSourcesJob - Downloaded sources for org.springframework.boot:spring-boot-starter-aop:3.2.1
2024-01-11 00:08:13,363 [Worker-55: Download sources and javadoc] INFO  o.e.m.c.i.e.AbstractTransferListenerAdapter - Downloading https://repo.maven.apache.org/maven2/org/aspectj/aspectjweaver/1.9.21/aspectjweaver-1.9.21-sources.jar
2024-01-11 00:08:13,424 [Worker-55: Download sources and javadoc] INFO  o.e.m.c.i.e.AbstractTransferListenerAdapter - Downloaded https://repo.maven.apache.org/maven2/org/aspectj/aspectjweaver/1.9.21/aspectjweaver-1.9.21-sources.jar
2024-01-11 00:08:13,428 [Worker-55: Download sources and javadoc] INFO  o.e.m.j.internal.DownloadSourcesJob - Downloaded sources for org.aspectj:aspectjweaver:1.9.21
2024-01-11 00:08:13,470 [Worker-55: Download sources and javadoc] INFO  o.e.m.c.i.e.AbstractTransferListenerAdapter - Downloading https://repo.maven.apache.org/maven2/org/springframework/boot/spring-boot-starter-jdbc/3.2.1/spring-boot-starter-jdbc-3.2.1-sources.jar
2024-01-11 00:08:13,474 [Worker-55: Download sources and javadoc] INFO  o.e.m.c.i.e.AbstractTransferListenerAdapter - Downloaded https://repo.maven.apache.org/maven2/org/springframework/boot/spring-boot-starter-jdbc/3.2.1/spring-boot-starter-jdbc-3.2.1-sources.jar
2024-01-11 00:08:13,478 [Worker-55: Download sources and javadoc] INFO  o.e.m.j.internal.DownloadSourcesJob - Downloaded sources for org.springframework.boot:spring-boot-starter-jdbc:3.2.1
2024-01-11 00:08:13,515 [Worker-55: Download sources and javadoc] INFO  o.e.m.c.i.e.AbstractTransferListenerAdapter - Downloading https://repo.maven.apache.org/maven2/com/zaxxer/HikariCP/5.0.1/HikariCP-5.0.1-sources.jar
2024-01-11 00:08:13,540 [Worker-55: Download sources and javadoc] INFO  o.e.m.c.i.e.AbstractTransferListenerAdapter - Downloaded https://repo.maven.apache.org/maven2/com/zaxxer/HikariCP/5.0.1/HikariCP-5.0.1-sources.jar
2024-01-11 00:08:13,544 [Worker-55: Download sources and javadoc] INFO  o.e.m.j.internal.DownloadSourcesJob - Downloaded sources for com.zaxxer:HikariCP:5.0.1
2024-01-11 00:08:13,581 [Worker-55: Download sources and javadoc] INFO  o.e.m.c.i.e.AbstractTransferListenerAdapter - Downloading https://repo.maven.apache.org/maven2/org/springframework/spring-jdbc/6.1.2/spring-jdbc-6.1.2-sources.jar
2024-01-11 00:08:13,610 [Worker-55: Download sources and javadoc] INFO  o.e.m.c.i.e.AbstractTransferListenerAdapter - Downloaded https://repo.maven.apache.org/maven2/org/springframework/spring-jdbc/6.1.2/spring-jdbc-6.1.2-sources.jar
2024-01-11 00:08:13,614 [Worker-55: Download sources and javadoc] INFO  o.e.m.j.internal.DownloadSourcesJob - Downloaded sources for org.springframework:spring-jdbc:6.1.2
2024-01-11 00:08:13,653 [Worker-55: Download sources and javadoc] INFO  o.e.m.c.i.e.AbstractTransferListenerAdapter - Downloading https://repo.maven.apache.org/maven2/org/hibernate/orm/hibernate-core/6.4.1.Final/hibernate-core-6.4.1.Final-sources.jar
2024-01-11 00:08:13,794 [Worker-55: Download sources and javadoc] INFO  o.e.m.c.i.e.AbstractTransferListenerAdapter - Downloaded https://repo.maven.apache.org/maven2/org/hibernate/orm/hibernate-core/6.4.1.Final/hibernate-core-6.4.1.Final-sources.jar
2024-01-11 00:08:13,798 [Worker-55: Download sources and javadoc] INFO  o.e.m.j.internal.DownloadSourcesJob - Downloaded sources for org.hibernate.orm:hibernate-core:6.4.1.Final
2024-01-11 00:08:13,833 [Worker-55: Download sources and javadoc] INFO  o.e.m.c.i.e.AbstractTransferListenerAdapter - Downloading https://repo.maven.apache.org/maven2/jakarta/persistence/jakarta.persistence-api/3.1.0/jakarta.persistence-api-3.1.0-sources.jar
2024-01-11 00:08:13,858 [Worker-55: Download sources and javadoc] INFO  o.e.m.c.i.e.AbstractTransferListenerAdapter - Downloaded https://repo.maven.apache.org/maven2/jakarta/persistence/jakarta.persistence-api/3.1.0/jakarta.persistence-api-3.1.0-sources.jar
2024-01-11 00:08:13,862 [Worker-55: Download sources and javadoc] INFO  o.e.m.j.internal.DownloadSourcesJob - Downloaded sources for jakarta.persistence:jakarta.persistence-api:3.1.0
2024-01-11 00:08:13,901 [Worker-55: Download sources and javadoc] INFO  o.e.m.c.i.e.AbstractTransferListenerAdapter - Downloading https://repo.maven.apache.org/maven2/jakarta/transaction/jakarta.transaction-api/2.0.1/jakarta.transaction-api-2.0.1-sources.jar
2024-01-11 00:08:13,912 [Worker-55: Download sources and javadoc] INFO  o.e.m.c.i.e.AbstractTransferListenerAdapter - Downloaded https://repo.maven.apache.org/maven2/jakarta/transaction/jakarta.transaction-api/2.0.1/jakarta.transaction-api-2.0.1-sources.jar
2024-01-11 00:08:13,915 [Worker-55: Download sources and javadoc] INFO  o.e.m.j.internal.DownloadSourcesJob - Downloaded sources for jakarta.transaction:jakarta.transaction-api:2.0.1
2024-01-11 00:08:13,952 [Worker-55: Download sources and javadoc] INFO  o.e.m.c.i.e.AbstractTransferListenerAdapter - Downloading https://repo.maven.apache.org/maven2/org/jboss/logging/jboss-logging/3.5.3.Final/jboss-logging-3.5.3.Final-sources.jar
2024-01-11 00:08:13,962 [Worker-55: Download sources and javadoc] INFO  o.e.m.c.i.e.AbstractTransferListenerAdapter - Downloaded https://repo.maven.apache.org/maven2/org/jboss/logging/jboss-logging/3.5.3.Final/jboss-logging-3.5.3.Final-sources.jar
2024-01-11 00:08:13,966 [Worker-55: Download sources and javadoc] INFO  o.e.m.j.internal.DownloadSourcesJob - Downloaded sources for org.jboss.logging:jboss-logging:3.5.3.Final
2024-01-11 00:08:14,001 [Worker-55: Download sources and javadoc] INFO  o.e.m.c.i.e.AbstractTransferListenerAdapter - Downloading https://repo.maven.apache.org/maven2/org/hibernate/common/hibernate-commons-annotations/6.0.6.Final/hibernate-commons-annotations-6.0.6.Final-sources.jar
2024-01-11 00:08:14,013 [Worker-55: Download sources and javadoc] INFO  o.e.m.c.i.e.AbstractTransferListenerAdapter - Downloaded https://repo.maven.apache.org/maven2/org/hibernate/common/hibernate-commons-annotations/6.0.6.Final/hibernate-commons-annotations-6.0.6.Final-sources.jar
2024-01-11 00:08:14,016 [Worker-55: Download sources and javadoc] INFO  o.e.m.j.internal.DownloadSourcesJob - Downloaded sources for org.hibernate.common:hibernate-commons-annotations:6.0.6.Final
2024-01-11 00:08:14,081 [Worker-55: Download sources and javadoc] INFO  o.e.m.c.i.e.AbstractTransferListenerAdapter - Downloading https://repo.maven.apache.org/maven2/io/smallrye/jandex/3.1.2/jandex-3.1.2-sources.jar
2024-01-11 00:08:14,103 [Worker-55: Download sources and javadoc] INFO  o.e.m.c.i.e.AbstractTransferListenerAdapter - Downloaded https://repo.maven.apache.org/maven2/io/smallrye/jandex/3.1.2/jandex-3.1.2-sources.jar
2024-01-11 00:08:14,107 [Worker-55: Download sources and javadoc] INFO  o.e.m.j.internal.DownloadSourcesJob - Downloaded sources for io.smallrye:jandex:3.1.2
2024-01-11 00:08:14,140 [Worker-55: Download sources and javadoc] INFO  o.e.m.c.i.e.AbstractTransferListenerAdapter - Downloading https://repo.maven.apache.org/maven2/com/fasterxml/classmate/1.6.0/classmate-1.6.0-sources.jar
2024-01-11 00:08:14,149 [Worker-55: Download sources and javadoc] INFO  o.e.m.c.i.e.AbstractTransferListenerAdapter - Downloaded https://repo.maven.apache.org/maven2/com/fasterxml/classmate/1.6.0/classmate-1.6.0-sources.jar
2024-01-11 00:08:14,152 [Worker-55: Download sources and javadoc] INFO  o.e.m.j.internal.DownloadSourcesJob - Downloaded sources for com.fasterxml:classmate:1.6.0
2024-01-11 00:08:14,188 [Worker-55: Download sources and javadoc] INFO  o.e.m.c.i.e.AbstractTransferListenerAdapter - Downloading https://repo.maven.apache.org/maven2/org/glassfish/jaxb/jaxb-runtime/4.0.4/jaxb-runtime-4.0.4-sources.jar
2024-01-11 00:08:14,222 [Worker-55: Download sources and javadoc] INFO  o.e.m.c.i.e.AbstractTransferListenerAdapter - Downloaded https://repo.maven.apache.org/maven2/org/glassfish/jaxb/jaxb-runtime/4.0.4/jaxb-runtime-4.0.4-sources.jar
2024-01-11 00:08:14,225 [Worker-55: Download sources and javadoc] INFO  o.e.m.j.internal.DownloadSourcesJob - Downloaded sources for org.glassfish.jaxb:jaxb-runtime:4.0.4
2024-01-11 00:08:14,265 [Worker-55: Download sources and javadoc] INFO  o.e.m.c.i.e.AbstractTransferListenerAdapter - Downloading https://repo.maven.apache.org/maven2/org/glassfish/jaxb/jaxb-core/4.0.4/jaxb-core-4.0.4-sources.jar
2024-01-11 00:08:14,284 [Worker-55: Download sources and javadoc] INFO  o.e.m.c.i.e.AbstractTransferListenerAdapter - Downloaded https://repo.maven.apache.org/maven2/org/glassfish/jaxb/jaxb-core/4.0.4/jaxb-core-4.0.4-sources.jar
2024-01-11 00:08:14,288 [Worker-55: Download sources and javadoc] INFO  o.e.m.j.internal.DownloadSourcesJob - Downloaded sources for org.glassfish.jaxb:jaxb-core:4.0.4
2024-01-11 00:08:14,323 [Worker-55: Download sources and javadoc] INFO  o.e.m.c.i.e.AbstractTransferListenerAdapter - Downloading https://repo.maven.apache.org/maven2/org/eclipse/angus/angus-activation/2.0.1/angus-activation-2.0.1-sources.jar
2024-01-11 00:08:14,327 [Worker-55: Download sources and javadoc] INFO  o.e.m.c.i.e.AbstractTransferListenerAdapter - Downloaded https://repo.maven.apache.org/maven2/org/eclipse/angus/angus-activation/2.0.1/angus-activation-2.0.1-sources.jar
2024-01-11 00:08:14,331 [Worker-55: Download sources and javadoc] INFO  o.e.m.j.internal.DownloadSourcesJob - Downloaded sources for org.eclipse.angus:angus-activation:2.0.1
2024-01-11 00:08:14,369 [Worker-55: Download sources and javadoc] INFO  o.e.m.c.i.e.AbstractTransferListenerAdapter - Downloading https://repo.maven.apache.org/maven2/org/glassfish/jaxb/txw2/4.0.4/txw2-4.0.4-sources.jar
2024-01-11 00:08:14,381 [Worker-55: Download sources and javadoc] INFO  o.e.m.c.i.e.AbstractTransferListenerAdapter - Downloaded https://repo.maven.apache.org/maven2/org/glassfish/jaxb/txw2/4.0.4/txw2-4.0.4-sources.jar
2024-01-11 00:08:14,384 [Worker-55: Download sources and javadoc] INFO  o.e.m.j.internal.DownloadSourcesJob - Downloaded sources for org.glassfish.jaxb:txw2:4.0.4
2024-01-11 00:08:14,416 [Worker-55: Download sources and javadoc] INFO  o.e.m.c.i.e.AbstractTransferListenerAdapter - Downloading https://repo.maven.apache.org/maven2/com/sun/istack/istack-commons-runtime/4.1.2/istack-commons-runtime-4.1.2-sources.jar
2024-01-11 00:08:14,440 [Worker-55: Download sources and javadoc] INFO  o.e.m.c.i.e.AbstractTransferListenerAdapter - Downloaded https://repo.maven.apache.org/maven2/com/sun/istack/istack-commons-runtime/4.1.2/istack-commons-runtime-4.1.2-sources.jar
2024-01-11 00:08:14,444 [Worker-55: Download sources and javadoc] INFO  o.e.m.j.internal.DownloadSourcesJob - Downloaded sources for com.sun.istack:istack-commons-runtime:4.1.2
2024-01-11 00:08:14,480 [Worker-55: Download sources and javadoc] INFO  o.e.m.c.i.e.AbstractTransferListenerAdapter - Downloading https://repo.maven.apache.org/maven2/jakarta/inject/jakarta.inject-api/2.0.1/jakarta.inject-api-2.0.1-sources.jar
2024-01-11 00:08:14,484 [Worker-55: Download sources and javadoc] INFO  o.e.m.c.i.e.AbstractTransferListenerAdapter - Downloaded https://repo.maven.apache.org/maven2/jakarta/inject/jakarta.inject-api/2.0.1/jakarta.inject-api-2.0.1-sources.jar
2024-01-11 00:08:14,487 [Worker-55: Download sources and javadoc] INFO  o.e.m.j.internal.DownloadSourcesJob - Downloaded sources for jakarta.inject:jakarta.inject-api:2.0.1
2024-01-11 00:08:14,522 [Worker-55: Download sources and javadoc] INFO  o.e.m.c.i.e.AbstractTransferListenerAdapter - Downloading https://repo.maven.apache.org/maven2/org/antlr/antlr4-runtime/4.13.0/antlr4-runtime-4.13.0-sources.jar
2024-01-11 00:08:14,546 [Worker-55: Download sources and javadoc] INFO  o.e.m.c.i.e.AbstractTransferListenerAdapter - Downloaded https://repo.maven.apache.org/maven2/org/antlr/antlr4-runtime/4.13.0/antlr4-runtime-4.13.0-sources.jar
2024-01-11 00:08:14,549 [Worker-55: Download sources and javadoc] INFO  o.e.m.j.internal.DownloadSourcesJob - Downloaded sources for org.antlr:antlr4-runtime:4.13.0
2024-01-11 00:08:14,587 [Worker-55: Download sources and javadoc] INFO  o.e.m.c.i.e.AbstractTransferListenerAdapter - Downloading https://repo.maven.apache.org/maven2/org/springframework/data/spring-data-jpa/3.2.1/spring-data-jpa-3.2.1-sources.jar
2024-01-11 00:08:14,625 [Worker-55: Download sources and javadoc] INFO  o.e.m.c.i.e.AbstractTransferListenerAdapter - Downloaded https://repo.maven.apache.org/maven2/org/springframework/data/spring-data-jpa/3.2.1/spring-data-jpa-3.2.1-sources.jar
2024-01-11 00:08:14,628 [Worker-55: Download sources and javadoc] INFO  o.e.m.j.internal.DownloadSourcesJob - Downloaded sources for org.springframework.data:spring-data-jpa:3.2.1
2024-01-11 00:08:14,672 [Worker-55: Download sources and javadoc] INFO  o.e.m.c.i.e.AbstractTransferListenerAdapter - Downloading https://repo.maven.apache.org/maven2/org/springframework/data/spring-data-commons/3.2.1/spring-data-commons-3.2.1-sources.jar
2024-01-11 00:08:14,721 [Worker-55: Download sources and javadoc] INFO  o.e.m.c.i.e.AbstractTransferListenerAdapter - Downloaded https://repo.maven.apache.org/maven2/org/springframework/data/spring-data-commons/3.2.1/spring-data-commons-3.2.1-sources.jar
2024-01-11 00:08:14,724 [Worker-55: Download sources and javadoc] INFO  o.e.m.j.internal.DownloadSourcesJob - Downloaded sources for org.springframework.data:spring-data-commons:3.2.1
2024-01-11 00:08:14,760 [Worker-55: Download sources and javadoc] INFO  o.e.m.c.i.e.AbstractTransferListenerAdapter - Downloading https://repo.maven.apache.org/maven2/org/springframework/spring-orm/6.1.2/spring-orm-6.1.2-sources.jar
2024-01-11 00:08:14,781 [Worker-55: Download sources and javadoc] INFO  o.e.m.c.i.e.AbstractTransferListenerAdapter - Downloaded https://repo.maven.apache.org/maven2/org/springframework/spring-orm/6.1.2/spring-orm-6.1.2-sources.jar
2024-01-11 00:08:14,784 [Worker-55: Download sources and javadoc] INFO  o.e.m.j.internal.DownloadSourcesJob - Downloaded sources for org.springframework:spring-orm:6.1.2
2024-01-11 00:08:14,818 [Worker-55: Download sources and javadoc] INFO  o.e.m.c.i.e.AbstractTransferListenerAdapter - Downloading https://repo.maven.apache.org/maven2/org/springframework/spring-tx/6.1.2/spring-tx-6.1.2-sources.jar
2024-01-11 00:08:14,844 [Worker-55: Download sources and javadoc] INFO  o.e.m.c.i.e.AbstractTransferListenerAdapter - Downloaded https://repo.maven.apache.org/maven2/org/springframework/spring-tx/6.1.2/spring-tx-6.1.2-sources.jar
2024-01-11 00:08:14,847 [Worker-55: Download sources and javadoc] INFO  o.e.m.j.internal.DownloadSourcesJob - Downloaded sources for org.springframework:spring-tx:6.1.2
2024-01-11 00:08:14,880 [Worker-55: Download sources and javadoc] INFO  o.e.m.c.i.e.AbstractTransferListenerAdapter - Downloading https://repo.maven.apache.org/maven2/org/springframework/spring-aspects/6.1.2/spring-aspects-6.1.2-sources.jar
2024-01-11 00:08:14,884 [Worker-55: Download sources and javadoc] INFO  o.e.m.c.i.e.AbstractTransferListenerAdapter - Downloaded https://repo.maven.apache.org/maven2/org/springframework/spring-aspects/6.1.2/spring-aspects-6.1.2-sources.jar
2024-01-11 00:08:14,887 [Worker-55: Download sources and javadoc] INFO  o.e.m.j.internal.DownloadSourcesJob - Downloaded sources for org.springframework:spring-aspects:6.1.2
2024-01-11 00:09:40,204 [Worker-54: Building] INFO  o.a.m.s.f.DefaultMavenResourcesFiltering - Copying 1 resource from src\main\resources to target\classes
2024-01-11 00:09:40,218 [Worker-54: Building] INFO  o.a.m.s.f.DefaultMavenResourcesFiltering - Copying 0 resource from src\main\resources to target\classes
2024-01-11 00:09:40,221 [Worker-54: Building] INFO  o.a.m.s.f.DefaultMavenResourcesFiltering - skip non existing resourceDirectory C:\Users\May\Downloads\Enviar\src\test\resources
2024-01-11 00:10:16,634 [Worker-52: Building] INFO  o.a.m.s.f.DefaultMavenResourcesFiltering - Copying 1 resource from src\main\resources to target\classes
2024-01-11 00:10:16,642 [Worker-52: Building] INFO  o.a.m.s.f.DefaultMavenResourcesFiltering - Copying 0 resource from src\main\resources to target\classes
2024-01-11 00:10:16,644 [Worker-52: Building] INFO  o.a.m.s.f.DefaultMavenResourcesFiltering - skip non existing resourceDirectory C:\Users\May\Downloads\Enviar\src\test\resources
2024-01-11 00:12:03,998 [Worker-58: Launching New_configuration] INFO  o.eclipse.m2e.core.internal.Bundles - getClasspathEntries(Bundle=org.eclipse.m2e.maven.runtime_3.9.500.20231113-2345 [295])
2024-01-11 00:12:03,999 [Worker-58: Launching New_configuration] INFO  o.eclipse.m2e.core.internal.Bundles - 	Entry: C:\Users\May\.p2\pool\plugins\org.eclipse.m2e.maven.runtime_3.9.500.20231113-2345
2024-01-11 00:12:03,999 [Worker-58: Launching New_configuration] INFO  o.eclipse.m2e.core.internal.Bundles - 	Entry: C:\Users\May\.p2\pool\plugins\org.eclipse.m2e.maven.runtime_3.9.500.20231113-2345\jars\aopalliance-1.0.jar
2024-01-11 00:12:04,000 [Worker-58: Launching New_configuration] INFO  o.eclipse.m2e.core.internal.Bundles - 	Entry: C:\Users\May\.p2\pool\plugins\org.eclipse.m2e.maven.runtime_3.9.500.20231113-2345\jars\guice-5.1.0.jar
2024-01-11 00:12:04,000 [Worker-58: Launching New_configuration] INFO  o.eclipse.m2e.core.internal.Bundles - 	Entry: C:\Users\May\.p2\pool\plugins\org.eclipse.m2e.maven.runtime_3.9.500.20231113-2345\jars\httpclient-4.5.14.jar
2024-01-11 00:12:04,000 [Worker-58: Launching New_configuration] INFO  o.eclipse.m2e.core.internal.Bundles - 	Entry: C:\Users\May\.p2\pool\plugins\org.eclipse.m2e.maven.runtime_3.9.500.20231113-2345\jars\httpcore-4.4.16.jar
2024-01-11 00:12:04,000 [Worker-58: Launching New_configuration] INFO  o.eclipse.m2e.core.internal.Bundles - 	Entry: C:\Users\May\.p2\pool\plugins\org.eclipse.m2e.maven.runtime_3.9.500.20231113-2345\jars\jansi-2.4.0.jar
2024-01-11 00:12:04,001 [Worker-58: Launching New_configuration] INFO  o.eclipse.m2e.core.internal.Bundles - 	Entry: C:\Users\May\.p2\pool\plugins\org.eclipse.m2e.maven.runtime_3.9.500.20231113-2345\jars\jcl-over-slf4j-1.7.36.jar
2024-01-11 00:12:04,001 [Worker-58: Launching New_configuration] INFO  o.eclipse.m2e.core.internal.Bundles - 	Entry: C:\Users\May\.p2\pool\plugins\org.eclipse.m2e.maven.runtime_3.9.500.20231113-2345\jars\maven-artifact-3.9.5.jar
2024-01-11 00:12:04,001 [Worker-58: Launching New_configuration] INFO  o.eclipse.m2e.core.internal.Bundles - 	Entry: C:\Users\May\.p2\pool\plugins\org.eclipse.m2e.maven.runtime_3.9.500.20231113-2345\jars\maven-builder-support-3.9.5.jar
2024-01-11 00:12:04,001 [Worker-58: Launching New_configuration] INFO  o.eclipse.m2e.core.internal.Bundles - 	Entry: C:\Users\May\.p2\pool\plugins\org.eclipse.m2e.maven.runtime_3.9.500.20231113-2345\jars\maven-compat-3.9.5.jar
2024-01-11 00:12:04,001 [Worker-58: Launching New_configuration] INFO  o.eclipse.m2e.core.internal.Bundles - 	Entry: C:\Users\May\.p2\pool\plugins\org.eclipse.m2e.maven.runtime_3.9.500.20231113-2345\jars\maven-core-3.9.5.jar
2024-01-11 00:12:04,002 [Worker-58: Launching New_configuration] INFO  o.eclipse.m2e.core.internal.Bundles - 	Entry: C:\Users\May\.p2\pool\plugins\org.eclipse.m2e.maven.runtime_3.9.500.20231113-2345\jars\maven-embedder-3.9.5.jar
2024-01-11 00:12:04,002 [Worker-58: Launching New_configuration] INFO  o.eclipse.m2e.core.internal.Bundles - 	Entry: C:\Users\May\.p2\pool\plugins\org.eclipse.m2e.maven.runtime_3.9.500.20231113-2345\jars\maven-model-3.9.5.jar
2024-01-11 00:12:04,002 [Worker-58: Launching New_configuration] INFO  o.eclipse.m2e.core.internal.Bundles - 	Entry: C:\Users\May\.p2\pool\plugins\org.eclipse.m2e.maven.runtime_3.9.500.20231113-2345\jars\maven-model-builder-3.9.5.jar
2024-01-11 00:12:04,002 [Worker-58: Launching New_configuration] INFO  o.eclipse.m2e.core.internal.Bundles - 	Entry: C:\Users\May\.p2\pool\plugins\org.eclipse.m2e.maven.runtime_3.9.500.20231113-2345\jars\maven-plugin-api-3.9.5.jar
2024-01-11 00:12:04,002 [Worker-58: Launching New_configuration] INFO  o.eclipse.m2e.core.internal.Bundles - 	Entry: C:\Users\May\.p2\pool\plugins\org.eclipse.m2e.maven.runtime_3.9.500.20231113-2345\jars\maven-repository-metadata-3.9.5.jar
2024-01-11 00:12:04,003 [Worker-58: Launching New_configuration] INFO  o.eclipse.m2e.core.internal.Bundles - 	Entry: C:\Users\May\.p2\pool\plugins\org.eclipse.m2e.maven.runtime_3.9.500.20231113-2345\jars\maven-resolver-api-1.9.16.jar
2024-01-11 00:12:04,003 [Worker-58: Launching New_configuration] INFO  o.eclipse.m2e.core.internal.Bundles - 	Entry: C:\Users\May\.p2\pool\plugins\org.eclipse.m2e.maven.runtime_3.9.500.20231113-2345\jars\maven-resolver-connector-basic-1.9.16.jar
2024-01-11 00:12:04,003 [Worker-58: Launching New_configuration] INFO  o.eclipse.m2e.core.internal.Bundles - 	Entry: C:\Users\May\.p2\pool\plugins\org.eclipse.m2e.maven.runtime_3.9.500.20231113-2345\jars\maven-resolver-impl-1.9.16.jar
2024-01-11 00:12:04,003 [Worker-58: Launching New_configuration] INFO  o.eclipse.m2e.core.internal.Bundles - 	Entry: C:\Users\May\.p2\pool\plugins\org.eclipse.m2e.maven.runtime_3.9.500.20231113-2345\jars\maven-resolver-named-locks-1.9.16.jar
2024-01-11 00:12:04,003 [Worker-58: Launching New_configuration] INFO  o.eclipse.m2e.core.internal.Bundles - 	Entry: C:\Users\May\.p2\pool\plugins\org.eclipse.m2e.maven.runtime_3.9.500.20231113-2345\jars\maven-resolver-provider-3.9.5.jar
2024-01-11 00:12:04,004 [Worker-58: Launching New_configuration] INFO  o.eclipse.m2e.core.internal.Bundles - 	Entry: C:\Users\May\.p2\pool\plugins\org.eclipse.m2e.maven.runtime_3.9.500.20231113-2345\jars\maven-resolver-spi-1.9.16.jar
2024-01-11 00:12:04,004 [Worker-58: Launching New_configuration] INFO  o.eclipse.m2e.core.internal.Bundles - 	Entry: C:\Users\May\.p2\pool\plugins\org.eclipse.m2e.maven.runtime_3.9.500.20231113-2345\jars\maven-resolver-transport-file-1.9.16.jar
2024-01-11 00:12:04,004 [Worker-58: Launching New_configuration] INFO  o.eclipse.m2e.core.internal.Bundles - 	Entry: C:\Users\May\.p2\pool\plugins\org.eclipse.m2e.maven.runtime_3.9.500.20231113-2345\jars\maven-resolver-transport-http-1.9.16.jar
2024-01-11 00:12:04,004 [Worker-58: Launching New_configuration] INFO  o.eclipse.m2e.core.internal.Bundles - 	Entry: C:\Users\May\.p2\pool\plugins\org.eclipse.m2e.maven.runtime_3.9.500.20231113-2345\jars\maven-resolver-transport-wagon-1.9.16.jar
2024-01-11 00:12:04,004 [Worker-58: Launching New_configuration] INFO  o.eclipse.m2e.core.internal.Bundles - 	Entry: C:\Users\May\.p2\pool\plugins\org.eclipse.m2e.maven.runtime_3.9.500.20231113-2345\jars\maven-resolver-util-1.9.16.jar
2024-01-11 00:12:04,004 [Worker-58: Launching New_configuration] INFO  o.eclipse.m2e.core.internal.Bundles - 	Entry: C:\Users\May\.p2\pool\plugins\org.eclipse.m2e.maven.runtime_3.9.500.20231113-2345\jars\maven-settings-3.9.5.jar
2024-01-11 00:12:04,005 [Worker-58: Launching New_configuration] INFO  o.eclipse.m2e.core.internal.Bundles - 	Entry: C:\Users\May\.p2\pool\plugins\org.eclipse.m2e.maven.runtime_3.9.500.20231113-2345\jars\maven-settings-builder-3.9.5.jar
2024-01-11 00:12:04,005 [Worker-58: Launching New_configuration] INFO  o.eclipse.m2e.core.internal.Bundles - 	Entry: C:\Users\May\.p2\pool\plugins\org.eclipse.m2e.maven.runtime_3.9.500.20231113-2345\jars\maven-shared-utils-3.3.4.jar
2024-01-11 00:12:04,005 [Worker-58: Launching New_configuration] INFO  o.eclipse.m2e.core.internal.Bundles - 	Entry: C:\Users\May\.p2\pool\plugins\org.eclipse.m2e.maven.runtime_3.9.500.20231113-2345\jars\org.eclipse.sisu.inject-0.3.5.jar
2024-01-11 00:12:04,005 [Worker-58: Launching New_configuration] INFO  o.eclipse.m2e.core.internal.Bundles - 	Entry: C:\Users\May\.p2\pool\plugins\org.eclipse.m2e.maven.runtime_3.9.500.20231113-2345\jars\org.eclipse.sisu.plexus-0.3.5.jar
2024-01-11 00:12:04,005 [Worker-58: Launching New_configuration] INFO  o.eclipse.m2e.core.internal.Bundles - 	Entry: C:\Users\May\.p2\pool\plugins\org.eclipse.m2e.maven.runtime_3.9.500.20231113-2345\jars\plexus-build-api-0.0.7.jar
2024-01-11 00:12:04,006 [Worker-58: Launching New_configuration] INFO  o.eclipse.m2e.core.internal.Bundles - 	Entry: C:\Users\May\.p2\pool\plugins\org.eclipse.m2e.maven.runtime_3.9.500.20231113-2345\jars\plexus-cipher-2.0.jar
2024-01-11 00:12:04,006 [Worker-58: Launching New_configuration] INFO  o.eclipse.m2e.core.internal.Bundles - 	Entry: C:\Users\May\.p2\pool\plugins\org.eclipse.m2e.maven.runtime_3.9.500.20231113-2345\jars\plexus-classworlds-2.7.0.jar
2024-01-11 00:12:04,006 [Worker-58: Launching New_configuration] INFO  o.eclipse.m2e.core.internal.Bundles - 	Entry: C:\Users\May\.p2\pool\plugins\org.eclipse.m2e.maven.runtime_3.9.500.20231113-2345\jars\plexus-component-annotations-2.1.0.jar
2024-01-11 00:12:04,006 [Worker-58: Launching New_configuration] INFO  o.eclipse.m2e.core.internal.Bundles - 	Entry: C:\Users\May\.p2\pool\plugins\org.eclipse.m2e.maven.runtime_3.9.500.20231113-2345\jars\plexus-interpolation-1.26.jar
2024-01-11 00:12:04,006 [Worker-58: Launching New_configuration] INFO  o.eclipse.m2e.core.internal.Bundles - 	Entry: C:\Users\May\.p2\pool\plugins\org.eclipse.m2e.maven.runtime_3.9.500.20231113-2345\jars\plexus-sec-dispatcher-2.0.jar
2024-01-11 00:12:04,007 [Worker-58: Launching New_configuration] INFO  o.eclipse.m2e.core.internal.Bundles - 	Entry: C:\Users\May\.p2\pool\plugins\org.eclipse.m2e.maven.runtime_3.9.500.20231113-2345\jars\plexus-utils-3.5.1.jar
2024-01-11 00:12:04,007 [Worker-58: Launching New_configuration] INFO  o.eclipse.m2e.core.internal.Bundles - 	Entry: C:\Users\May\.p2\pool\plugins\org.eclipse.m2e.maven.runtime_3.9.500.20231113-2345\jars\wagon-file-3.5.3.jar
2024-01-11 00:12:04,007 [Worker-58: Launching New_configuration] INFO  o.eclipse.m2e.core.internal.Bundles - 	Entry: C:\Users\May\.p2\pool\plugins\org.eclipse.m2e.maven.runtime_3.9.500.20231113-2345\jars\wagon-http-3.5.3.jar
2024-01-11 00:12:04,007 [Worker-58: Launching New_configuration] INFO  o.eclipse.m2e.core.internal.Bundles - 	Entry: C:\Users\May\.p2\pool\plugins\org.eclipse.m2e.maven.runtime_3.9.500.20231113-2345\jars\wagon-http-shared-3.5.3.jar
2024-01-11 00:12:04,007 [Worker-58: Launching New_configuration] INFO  o.eclipse.m2e.core.internal.Bundles - 	Entry: C:\Users\May\.p2\pool\plugins\org.eclipse.m2e.maven.runtime_3.9.500.20231113-2345\jars\wagon-provider-api-3.5.3.jar
2024-01-11 00:12:04,009 [Worker-58: Launching New_configuration] INFO  o.eclipse.m2e.core.internal.Bundles - getClasspathEntries(Bundle=com.google.guava_32.1.3.jre [10])
2024-01-11 00:12:04,010 [Worker-58: Launching New_configuration] INFO  o.eclipse.m2e.core.internal.Bundles - 	Entry: C:\Users\May\.p2\pool\plugins\com.google.guava_32.1.3.jre.jar
2024-01-11 00:12:04,010 [Worker-58: Launching New_configuration] INFO  o.eclipse.m2e.core.internal.Bundles - getClasspathEntries(Bundle=slf4j.api_2.0.9 [515])
2024-01-11 00:12:04,010 [Worker-58: Launching New_configuration] INFO  o.eclipse.m2e.core.internal.Bundles - 	Entry: C:\Users\May\.p2\pool\plugins\slf4j.api_2.0.9.jar
2024-01-11 00:12:04,010 [Worker-58: Launching New_configuration] INFO  o.eclipse.m2e.core.internal.Bundles - getClasspathEntries(Bundle=jakarta.inject.jakarta.inject-api_1.0.5 [22])
2024-01-11 00:12:04,010 [Worker-58: Launching New_configuration] INFO  o.eclipse.m2e.core.internal.Bundles - 	Entry: C:\Users\May\.p2\pool\plugins\jakarta.inject.jakarta.inject-api_1.0.5.jar
2024-01-11 00:12:04,010 [Worker-58: Launching New_configuration] INFO  o.eclipse.m2e.core.internal.Bundles - getClasspathEntries(Bundle=jakarta.annotation-api_1.3.5 [20])
2024-01-11 00:12:04,010 [Worker-58: Launching New_configuration] INFO  o.eclipse.m2e.core.internal.Bundles - 	Entry: C:\Users\May\.p2\pool\plugins\jakarta.annotation-api_1.3.5.jar
2024-01-11 00:12:04,010 [Worker-58: Launching New_configuration] INFO  o.eclipse.m2e.core.internal.Bundles - getClasspathEntries(Bundle=org.apache.commons.cli_1.6.0 [46])
2024-01-11 00:12:04,011 [Worker-58: Launching New_configuration] INFO  o.eclipse.m2e.core.internal.Bundles - 	Entry: C:\Users\May\.p2\pool\plugins\org.apache.commons.cli_1.6.0.jar
2024-01-11 00:12:04,011 [Worker-58: Launching New_configuration] INFO  o.eclipse.m2e.core.internal.Bundles - getClasspathEntries(Bundle=org.apache.commons.commons-codec_1.16.0 [48])
2024-01-11 00:12:04,011 [Worker-58: Launching New_configuration] INFO  o.eclipse.m2e.core.internal.Bundles - 	Entry: C:\Users\May\.p2\pool\plugins\org.apache.commons.commons-codec_1.16.0.jar
2024-01-11 00:12:04,011 [Worker-58: Launching New_configuration] INFO  o.eclipse.m2e.core.internal.Bundles - getClasspathEntries(Bundle=org.apache.commons.lang3_3.13.0 [53])
2024-01-11 00:12:04,012 [Worker-58: Launching New_configuration] INFO  o.eclipse.m2e.core.internal.Bundles - 	Entry: C:\Users\May\.p2\pool\plugins\org.apache.commons.lang3_3.13.0.jar
2024-01-11 00:12:04,012 [Worker-58: Launching New_configuration] INFO  o.eclipse.m2e.core.internal.Bundles - getClasspathEntries(Bundle=com.google.guava.failureaccess_1.0.2 [11])
2024-01-11 00:12:04,012 [Worker-58: Launching New_configuration] INFO  o.eclipse.m2e.core.internal.Bundles - 	Entry: C:\Users\May\.p2\pool\plugins\com.google.guava.failureaccess_1.0.2.jar
2024-01-11 00:12:04,015 [Worker-58: Launching New_configuration] INFO  o.e.m.i.launch.MavenLaunchDelegate - Run build in "C:\Users\May\Downloads\Enviar":
2024-01-11 00:12:04,015 [Worker-58: Launching New_configuration] INFO  o.e.m.i.launch.MavenLaunchDelegate -  mvn  -B -Dstyle.color=always clean install
2024-01-11 00:13:01,113 [Worker-55: Building] INFO  o.a.m.s.f.DefaultMavenResourcesFiltering - Copying 1 resource from src\main\resources to target\classes
2024-01-11 00:13:01,118 [Worker-55: Building] INFO  o.a.m.s.f.DefaultMavenResourcesFiltering - Copying 0 resource from src\main\resources to target\classes
2024-01-11 00:13:01,121 [Worker-55: Building] INFO  o.a.m.s.f.DefaultMavenResourcesFiltering - skip non existing resourceDirectory C:\Users\May\Downloads\Enviar\src\test\resources
2024-01-11 00:13:39,180 [Worker-58: Building] INFO  o.e.m.c.i.l.LifecycleMappingFactory - Using org.eclipse.m2e.jdt.JarLifecycleMapping lifecycle mapping for MavenProject: proyecto:Enviar:0.0.1-SNAPSHOT @ C:\Users\May\Downloads\Enviar\pom.xml.
2024-01-11 00:13:39,649 [Worker-58: Building] INFO  o.a.m.s.f.DefaultMavenResourcesFiltering - Copying 1 resource from src\main\resources to target\classes
2024-01-11 00:13:39,667 [Worker-58: Building] INFO  o.a.m.s.f.DefaultMavenResourcesFiltering - Copying 0 resource from src\main\resources to target\classes
2024-01-11 00:13:39,671 [Worker-58: Building] INFO  o.a.m.s.f.DefaultMavenResourcesFiltering - skip non existing resourceDirectory C:\Users\May\Downloads\Enviar\src\test\resources
2024-01-11 00:14:07,669 [Worker-3: Loading available Gradle versions] INFO  o.e.b.c.i.u.g.PublishedGradleVersions - Gradle version information cache is up-to-date. Trying to read.
2024-01-11 00:14:23,059 [Worker-3: Building] INFO  o.a.m.s.f.DefaultMavenResourcesFiltering - Copying 1 resource from src\main\resources to target\classes
2024-01-11 00:14:23,074 [Worker-3: Building] INFO  o.a.m.s.f.DefaultMavenResourcesFiltering - Copying 0 resource from src\main\resources to target\classes
2024-01-11 00:14:23,078 [Worker-3: Building] INFO  o.a.m.s.f.DefaultMavenResourcesFiltering - skip non existing resourceDirectory C:\Users\May\Downloads\Enviar\src\test\resources
2024-01-11 00:15:28,136 [Worker-2: Building] INFO  o.e.m.c.i.l.LifecycleMappingFactory - Using org.eclipse.m2e.jdt.JarLifecycleMapping lifecycle mapping for MavenProject: proyecto:Pedir:0.0.1-SNAPSHOT @ C:\Users\May\Downloads\Pedir\pom.xml.
2024-01-11 00:15:28,665 [Worker-2: Building] INFO  o.a.m.s.f.DefaultMavenResourcesFiltering - Copying 1 resource from src\main\resources to target\classes
2024-01-11 00:15:28,674 [Worker-2: Building] INFO  o.a.m.s.f.DefaultMavenResourcesFiltering - Copying 0 resource from src\main\resources to target\classes
2024-01-11 00:15:28,677 [Worker-2: Building] INFO  o.a.m.s.f.DefaultMavenResourcesFiltering - skip non existing resourceDirectory C:\Users\May\Downloads\Pedir\src\test\resources
2024-01-11 00:15:31,592 [Worker-2: Building] INFO  o.e.m.c.i.l.LifecycleMappingFactory - Using org.eclipse.m2e.jdt.JarLifecycleMapping lifecycle mapping for MavenProject: proyecto:Pedir:0.0.1-SNAPSHOT @ C:\Users\May\Downloads\Pedir\pom.xml.
2024-01-11 00:15:32,113 [Worker-2: Building] INFO  o.a.m.s.f.DefaultMavenResourcesFiltering - Copying 0 resource from src\main\resources to target\classes
2024-01-11 00:15:32,114 [Worker-2: Building] INFO  o.a.m.s.f.DefaultMavenResourcesFiltering - Copying 0 resource from src\main\resources to target\classes
2024-01-11 00:15:32,117 [Worker-2: Building] INFO  o.a.m.s.f.DefaultMavenResourcesFiltering - skip non existing resourceDirectory C:\Users\May\Downloads\Pedir\src\test\resources
2024-01-11 00:15:35,495 [Worker-16: Building] INFO  o.e.m.c.i.l.LifecycleMappingFactory - Using org.eclipse.m2e.jdt.JarLifecycleMapping lifecycle mapping for MavenProject: proyecto:Pedir:0.0.1-SNAPSHOT @ C:\Users\May\Downloads\Pedir\pom.xml.
2024-01-11 00:15:35,961 [Worker-16: Building] INFO  o.a.m.s.f.DefaultMavenResourcesFiltering - Copying 0 resource from src\main\resources to target\classes
2024-01-11 00:15:35,962 [Worker-16: Building] INFO  o.a.m.s.f.DefaultMavenResourcesFiltering - Copying 0 resource from src\main\resources to target\classes
2024-01-11 00:15:35,966 [Worker-16: Building] INFO  o.a.m.s.f.DefaultMavenResourcesFiltering - skip non existing resourceDirectory C:\Users\May\Downloads\Pedir\src\test\resources
2024-01-11 00:19:57,701 [Worker-14: Download sources and javadoc] INFO  o.e.m.j.internal.DownloadSourcesJob - Downloaded sources for org.springframework.boot:spring-boot-starter-web:3.2.1
2024-01-11 00:19:57,855 [Worker-14: Download sources and javadoc] INFO  o.e.m.c.i.e.AbstractTransferListenerAdapter - Downloading https://repo.maven.apache.org/maven2/org/springframework/boot/spring-boot-starter-web/3.2.1/spring-boot-starter-web-3.2.1-javadoc.jar
2024-01-11 00:19:57,872 [Worker-14: Download sources and javadoc] INFO  o.e.m.c.i.e.AbstractTransferListenerAdapter - Downloaded https://repo.maven.apache.org/maven2/org/springframework/boot/spring-boot-starter-web/3.2.1/spring-boot-starter-web-3.2.1-javadoc.jar
2024-01-11 00:19:57,878 [Worker-14: Download sources and javadoc] INFO  o.e.m.j.internal.DownloadSourcesJob - Downloaded javadoc for org.springframework.boot:spring-boot-starter-web:3.2.1
2024-01-11 00:19:57,883 [Worker-14: Download sources and javadoc] INFO  o.e.m.j.internal.DownloadSourcesJob - Downloaded sources for org.springframework.boot:spring-boot-starter:3.2.1
2024-01-11 00:19:57,913 [Worker-14: Download sources and javadoc] INFO  o.e.m.c.i.e.AbstractTransferListenerAdapter - Downloading https://repo.maven.apache.org/maven2/org/springframework/boot/spring-boot-starter/3.2.1/spring-boot-starter-3.2.1-javadoc.jar
2024-01-11 00:19:57,918 [Worker-14: Download sources and javadoc] INFO  o.e.m.c.i.e.AbstractTransferListenerAdapter - Downloaded https://repo.maven.apache.org/maven2/org/springframework/boot/spring-boot-starter/3.2.1/spring-boot-starter-3.2.1-javadoc.jar
2024-01-11 00:19:57,921 [Worker-14: Download sources and javadoc] INFO  o.e.m.j.internal.DownloadSourcesJob - Downloaded javadoc for org.springframework.boot:spring-boot-starter:3.2.1
2024-01-11 00:19:57,926 [Worker-14: Download sources and javadoc] INFO  o.e.m.j.internal.DownloadSourcesJob - Downloaded sources for org.springframework.boot:spring-boot:3.2.1
2024-01-11 00:19:57,971 [Worker-14: Download sources and javadoc] INFO  o.e.m.c.i.e.AbstractTransferListenerAdapter - Downloading https://repo.maven.apache.org/maven2/org/springframework/boot/spring-boot/3.2.1/spring-boot-3.2.1-javadoc.jar
2024-01-11 00:19:58,053 [Worker-14: Download sources and javadoc] INFO  o.e.m.c.i.e.AbstractTransferListenerAdapter - Downloaded https://repo.maven.apache.org/maven2/org/springframework/boot/spring-boot/3.2.1/spring-boot-3.2.1-javadoc.jar
2024-01-11 00:19:58,056 [Worker-14: Download sources and javadoc] INFO  o.e.m.j.internal.DownloadSourcesJob - Downloaded javadoc for org.springframework.boot:spring-boot:3.2.1
2024-01-11 00:19:58,059 [Worker-14: Download sources and javadoc] INFO  o.e.m.j.internal.DownloadSourcesJob - Downloaded sources for org.springframework.boot:spring-boot-autoconfigure:3.2.1
2024-01-11 00:19:58,100 [Worker-14: Download sources and javadoc] INFO  o.e.m.c.i.e.AbstractTransferListenerAdapter - Downloading https://repo.maven.apache.org/maven2/org/springframework/boot/spring-boot-autoconfigure/3.2.1/spring-boot-autoconfigure-3.2.1-javadoc.jar
2024-01-11 00:19:58,189 [Worker-14: Download sources and javadoc] INFO  o.e.m.c.i.e.AbstractTransferListenerAdapter - Downloaded https://repo.maven.apache.org/maven2/org/springframework/boot/spring-boot-autoconfigure/3.2.1/spring-boot-autoconfigure-3.2.1-javadoc.jar
2024-01-11 00:19:58,192 [Worker-14: Download sources and javadoc] INFO  o.e.m.j.internal.DownloadSourcesJob - Downloaded javadoc for org.springframework.boot:spring-boot-autoconfigure:3.2.1
2024-01-11 00:19:58,197 [Worker-14: Download sources and javadoc] INFO  o.e.m.j.internal.DownloadSourcesJob - Downloaded sources for org.springframework.boot:spring-boot-starter-logging:3.2.1
2024-01-11 00:19:58,234 [Worker-14: Download sources and javadoc] INFO  o.e.m.c.i.e.AbstractTransferListenerAdapter - Downloading https://repo.maven.apache.org/maven2/org/springframework/boot/spring-boot-starter-logging/3.2.1/spring-boot-starter-logging-3.2.1-javadoc.jar
2024-01-11 00:19:58,238 [Worker-14: Download sources and javadoc] INFO  o.e.m.c.i.e.AbstractTransferListenerAdapter - Downloaded https://repo.maven.apache.org/maven2/org/springframework/boot/spring-boot-starter-logging/3.2.1/spring-boot-starter-logging-3.2.1-javadoc.jar
2024-01-11 00:19:58,242 [Worker-14: Download sources and javadoc] INFO  o.e.m.j.internal.DownloadSourcesJob - Downloaded javadoc for org.springframework.boot:spring-boot-starter-logging:3.2.1
2024-01-11 00:19:58,245 [Worker-14: Download sources and javadoc] INFO  o.e.m.j.internal.DownloadSourcesJob - Downloaded sources for ch.qos.logback:logback-classic:1.4.14
2024-01-11 00:19:58,283 [Worker-14: Download sources and javadoc] INFO  o.e.m.c.i.e.AbstractTransferListenerAdapter - Downloading https://repo.maven.apache.org/maven2/ch/qos/logback/logback-classic/1.4.14/logback-classic-1.4.14-javadoc.jar
2024-01-11 00:19:58,327 [Worker-14: Download sources and javadoc] INFO  o.e.m.c.i.e.AbstractTransferListenerAdapter - Downloaded https://repo.maven.apache.org/maven2/ch/qos/logback/logback-classic/1.4.14/logback-classic-1.4.14-javadoc.jar
2024-01-11 00:19:58,335 [Worker-14: Download sources and javadoc] INFO  o.e.m.j.internal.DownloadSourcesJob - Downloaded javadoc for ch.qos.logback:logback-classic:1.4.14
2024-01-11 00:19:58,339 [Worker-14: Download sources and javadoc] INFO  o.e.m.j.internal.DownloadSourcesJob - Downloaded sources for ch.qos.logback:logback-core:1.4.14
2024-01-11 00:19:58,387 [Worker-14: Download sources and javadoc] INFO  o.e.m.c.i.e.AbstractTransferListenerAdapter - Downloading https://repo.maven.apache.org/maven2/ch/qos/logback/logback-core/1.4.14/logback-core-1.4.14-javadoc.jar
2024-01-11 00:19:58,469 [Worker-14: Download sources and javadoc] INFO  o.e.m.c.i.e.AbstractTransferListenerAdapter - Downloaded https://repo.maven.apache.org/maven2/ch/qos/logback/logback-core/1.4.14/logback-core-1.4.14-javadoc.jar
2024-01-11 00:19:58,472 [Worker-14: Download sources and javadoc] INFO  o.e.m.j.internal.DownloadSourcesJob - Downloaded javadoc for ch.qos.logback:logback-core:1.4.14
2024-01-11 00:19:58,477 [Worker-14: Download sources and javadoc] INFO  o.e.m.j.internal.DownloadSourcesJob - Downloaded sources for org.apache.logging.log4j:log4j-to-slf4j:2.21.1
2024-01-11 00:19:58,643 [Worker-14: Download sources and javadoc] INFO  o.e.m.c.i.e.AbstractTransferListenerAdapter - Downloaded https://repo.maven.apache.org/maven2/org/apache/logging/log4j/log4j-to-slf4j/2.21.1/log4j-to-slf4j-2.21.1-javadoc.jar
2024-01-11 00:19:58,648 [Worker-14: Download sources and javadoc] ERROR o.e.m.j.internal.DownloadSourcesJob - Could not download javadoc for org.apache.logging.log4j:log4j-to-slf4j:2.21.1
org.eclipse.core.runtime.CoreException: Could not resolve artifact org.apache.logging.log4j:log4j-to-slf4j:jar:javadoc:2.21.1
	at org.eclipse.m2e.core.internal.embedder.MavenImpl.lambda$6(MavenImpl.java:584)
	at org.eclipse.m2e.core.internal.embedder.MavenExecutionContext.executeBare(MavenExecutionContext.java:394)
	at org.eclipse.m2e.core.internal.embedder.MavenExecutionContext.execute(MavenExecutionContext.java:228)
	at org.eclipse.m2e.core.internal.embedder.MavenExecutionContext.execute(MavenExecutionContext.java:214)
	at org.eclipse.m2e.core.internal.embedder.MavenImpl.resolve(MavenImpl.java:553)
	at org.eclipse.m2e.core.internal.embedder.MavenImpl.resolve(MavenImpl.java:538)
	at org.eclipse.m2e.jdt.internal.DownloadSourcesJob.download(DownloadSourcesJob.java:308)
	at org.eclipse.m2e.jdt.internal.DownloadSourcesJob.downloadAttachments(DownloadSourcesJob.java:294)
	at org.eclipse.m2e.jdt.internal.DownloadSourcesJob.downloadMaven(DownloadSourcesJob.java:252)
	at org.eclipse.m2e.jdt.internal.DownloadSourcesJob.downloadFilesAndPopulateToUpdate(DownloadSourcesJob.java:220)
	at org.eclipse.m2e.jdt.internal.DownloadSourcesJob.lambda$0(DownloadSourcesJob.java:149)
	at org.eclipse.m2e.core.internal.embedder.MavenExecutionContext.executeBare(MavenExecutionContext.java:394)
	at org.eclipse.m2e.core.internal.embedder.MavenExecutionContext.execute(MavenExecutionContext.java:275)
	at org.eclipse.m2e.core.internal.embedder.MavenExecutionContext.execute(MavenExecutionContext.java:214)
	at org.eclipse.m2e.core.embedder.IMaven.execute(IMaven.java:294)
	at org.eclipse.m2e.jdt.internal.DownloadSourcesJob.run(DownloadSourcesJob.java:149)
	at org.eclipse.core.internal.jobs.Worker.run(Worker.java:63)
2024-01-11 00:19:58,657 [Worker-14: Download sources and javadoc] INFO  o.e.m.j.internal.DownloadSourcesJob - Downloaded sources for org.apache.logging.log4j:log4j-api:2.21.1
2024-01-11 00:19:58,793 [Worker-14: Download sources and javadoc] INFO  o.e.m.c.i.e.AbstractTransferListenerAdapter - Downloaded https://repo.maven.apache.org/maven2/org/apache/logging/log4j/log4j-api/2.21.1/log4j-api-2.21.1-javadoc.jar
2024-01-11 00:19:58,798 [Worker-14: Download sources and javadoc] ERROR o.e.m.j.internal.DownloadSourcesJob - Could not download javadoc for org.apache.logging.log4j:log4j-api:2.21.1
org.eclipse.core.runtime.CoreException: Could not resolve artifact org.apache.logging.log4j:log4j-api:jar:javadoc:2.21.1
	at org.eclipse.m2e.core.internal.embedder.MavenImpl.lambda$6(MavenImpl.java:584)
	at org.eclipse.m2e.core.internal.embedder.MavenExecutionContext.executeBare(MavenExecutionContext.java:394)
	at org.eclipse.m2e.core.internal.embedder.MavenExecutionContext.execute(MavenExecutionContext.java:228)
	at org.eclipse.m2e.core.internal.embedder.MavenExecutionContext.execute(MavenExecutionContext.java:214)
	at org.eclipse.m2e.core.internal.embedder.MavenImpl.resolve(MavenImpl.java:553)
	at org.eclipse.m2e.core.internal.embedder.MavenImpl.resolve(MavenImpl.java:538)
	at org.eclipse.m2e.jdt.internal.DownloadSourcesJob.download(DownloadSourcesJob.java:308)
	at org.eclipse.m2e.jdt.internal.DownloadSourcesJob.downloadAttachments(DownloadSourcesJob.java:294)
	at org.eclipse.m2e.jdt.internal.DownloadSourcesJob.downloadMaven(DownloadSourcesJob.java:252)
	at org.eclipse.m2e.jdt.internal.DownloadSourcesJob.downloadFilesAndPopulateToUpdate(DownloadSourcesJob.java:220)
	at org.eclipse.m2e.jdt.internal.DownloadSourcesJob.lambda$0(DownloadSourcesJob.java:149)
	at org.eclipse.m2e.core.internal.embedder.MavenExecutionContext.executeBare(MavenExecutionContext.java:394)
	at org.eclipse.m2e.core.internal.embedder.MavenExecutionContext.execute(MavenExecutionContext.java:275)
	at org.eclipse.m2e.core.internal.embedder.MavenExecutionContext.execute(MavenExecutionContext.java:214)
	at org.eclipse.m2e.core.embedder.IMaven.execute(IMaven.java:294)
	at org.eclipse.m2e.jdt.internal.DownloadSourcesJob.run(DownloadSourcesJob.java:149)
	at org.eclipse.core.internal.jobs.Worker.run(Worker.java:63)
2024-01-11 00:19:58,804 [Worker-14: Download sources and javadoc] INFO  o.e.m.j.internal.DownloadSourcesJob - Downloaded sources for org.slf4j:jul-to-slf4j:2.0.9
2024-01-11 00:19:58,835 [Worker-14: Download sources and javadoc] INFO  o.e.m.c.i.e.AbstractTransferListenerAdapter - Downloading https://repo.maven.apache.org/maven2/org/slf4j/jul-to-slf4j/2.0.9/jul-to-slf4j-2.0.9-javadoc.jar
2024-01-11 00:19:58,849 [Worker-14: Download sources and javadoc] INFO  o.e.m.c.i.e.AbstractTransferListenerAdapter - Downloaded https://repo.maven.apache.org/maven2/org/slf4j/jul-to-slf4j/2.0.9/jul-to-slf4j-2.0.9-javadoc.jar
2024-01-11 00:19:58,852 [Worker-14: Download sources and javadoc] INFO  o.e.m.j.internal.DownloadSourcesJob - Downloaded javadoc for org.slf4j:jul-to-slf4j:2.0.9
2024-01-11 00:19:58,856 [Worker-14: Download sources and javadoc] INFO  o.e.m.j.internal.DownloadSourcesJob - Downloaded sources for jakarta.annotation:jakarta.annotation-api:2.1.1
2024-01-11 00:19:58,891 [Worker-14: Download sources and javadoc] INFO  o.e.m.c.i.e.AbstractTransferListenerAdapter - Downloading https://repo.maven.apache.org/maven2/jakarta/annotation/jakarta.annotation-api/2.1.1/jakarta.annotation-api-2.1.1-javadoc.jar
2024-01-11 00:19:58,929 [Worker-14: Download sources and javadoc] INFO  o.e.m.c.i.e.AbstractTransferListenerAdapter - Downloaded https://repo.maven.apache.org/maven2/jakarta/annotation/jakarta.annotation-api/2.1.1/jakarta.annotation-api-2.1.1-javadoc.jar
2024-01-11 00:19:58,934 [Worker-14: Download sources and javadoc] INFO  o.e.m.j.internal.DownloadSourcesJob - Downloaded javadoc for jakarta.annotation:jakarta.annotation-api:2.1.1
2024-01-11 00:19:58,940 [Worker-14: Download sources and javadoc] INFO  o.e.m.j.internal.DownloadSourcesJob - Downloaded sources for org.yaml:snakeyaml:2.2
2024-01-11 00:19:58,972 [Worker-14: Download sources and javadoc] INFO  o.e.m.c.i.e.AbstractTransferListenerAdapter - Downloading https://repo.maven.apache.org/maven2/org/yaml/snakeyaml/2.2/snakeyaml-2.2-javadoc.jar
2024-01-11 00:19:59,019 [Worker-14: Download sources and javadoc] INFO  o.e.m.c.i.e.AbstractTransferListenerAdapter - Downloaded https://repo.maven.apache.org/maven2/org/yaml/snakeyaml/2.2/snakeyaml-2.2-javadoc.jar
2024-01-11 00:19:59,022 [Worker-14: Download sources and javadoc] INFO  o.e.m.j.internal.DownloadSourcesJob - Downloaded javadoc for org.yaml:snakeyaml:2.2
2024-01-11 00:19:59,026 [Worker-14: Download sources and javadoc] INFO  o.e.m.j.internal.DownloadSourcesJob - Downloaded sources for org.springframework.boot:spring-boot-starter-json:3.2.1
2024-01-11 00:19:59,064 [Worker-14: Download sources and javadoc] INFO  o.e.m.c.i.e.AbstractTransferListenerAdapter - Downloading https://repo.maven.apache.org/maven2/org/springframework/boot/spring-boot-starter-json/3.2.1/spring-boot-starter-json-3.2.1-javadoc.jar
2024-01-11 00:19:59,074 [Worker-14: Download sources and javadoc] INFO  o.e.m.c.i.e.AbstractTransferListenerAdapter - Downloaded https://repo.maven.apache.org/maven2/org/springframework/boot/spring-boot-starter-json/3.2.1/spring-boot-starter-json-3.2.1-javadoc.jar
2024-01-11 00:19:59,077 [Worker-14: Download sources and javadoc] INFO  o.e.m.j.internal.DownloadSourcesJob - Downloaded javadoc for org.springframework.boot:spring-boot-starter-json:3.2.1
2024-01-11 00:19:59,082 [Worker-14: Download sources and javadoc] INFO  o.e.m.j.internal.DownloadSourcesJob - Downloaded sources for com.fasterxml.jackson.core:jackson-databind:2.15.3
2024-01-11 00:19:59,114 [Worker-14: Download sources and javadoc] INFO  o.e.m.c.i.e.AbstractTransferListenerAdapter - Downloading https://repo.maven.apache.org/maven2/com/fasterxml/jackson/core/jackson-databind/2.15.3/jackson-databind-2.15.3-javadoc.jar
2024-01-11 00:19:59,245 [Worker-14: Download sources and javadoc] INFO  o.e.m.c.i.e.AbstractTransferListenerAdapter - Downloaded https://repo.maven.apache.org/maven2/com/fasterxml/jackson/core/jackson-databind/2.15.3/jackson-databind-2.15.3-javadoc.jar
2024-01-11 00:19:59,248 [Worker-14: Download sources and javadoc] INFO  o.e.m.j.internal.DownloadSourcesJob - Downloaded javadoc for com.fasterxml.jackson.core:jackson-databind:2.15.3
2024-01-11 00:19:59,253 [Worker-14: Download sources and javadoc] INFO  o.e.m.j.internal.DownloadSourcesJob - Downloaded sources for com.fasterxml.jackson.core:jackson-annotations:2.15.3
2024-01-11 00:19:59,282 [Worker-14: Download sources and javadoc] INFO  o.e.m.c.i.e.AbstractTransferListenerAdapter - Downloading https://repo.maven.apache.org/maven2/com/fasterxml/jackson/core/jackson-annotations/2.15.3/jackson-annotations-2.15.3-javadoc.jar
2024-01-11 00:19:59,312 [Worker-14: Download sources and javadoc] INFO  o.e.m.c.i.e.AbstractTransferListenerAdapter - Downloaded https://repo.maven.apache.org/maven2/com/fasterxml/jackson/core/jackson-annotations/2.15.3/jackson-annotations-2.15.3-javadoc.jar
2024-01-11 00:19:59,315 [Worker-14: Download sources and javadoc] INFO  o.e.m.j.internal.DownloadSourcesJob - Downloaded javadoc for com.fasterxml.jackson.core:jackson-annotations:2.15.3
2024-01-11 00:19:59,320 [Worker-14: Download sources and javadoc] INFO  o.e.m.j.internal.DownloadSourcesJob - Downloaded sources for com.fasterxml.jackson.core:jackson-core:2.15.3
2024-01-11 00:19:59,353 [Worker-14: Download sources and javadoc] INFO  o.e.m.c.i.e.AbstractTransferListenerAdapter - Downloading https://repo.maven.apache.org/maven2/com/fasterxml/jackson/core/jackson-core/2.15.3/jackson-core-2.15.3-javadoc.jar
2024-01-11 00:19:59,404 [Worker-14: Download sources and javadoc] INFO  o.e.m.c.i.e.AbstractTransferListenerAdapter - Downloaded https://repo.maven.apache.org/maven2/com/fasterxml/jackson/core/jackson-core/2.15.3/jackson-core-2.15.3-javadoc.jar
2024-01-11 00:19:59,408 [Worker-14: Download sources and javadoc] INFO  o.e.m.j.internal.DownloadSourcesJob - Downloaded javadoc for com.fasterxml.jackson.core:jackson-core:2.15.3
2024-01-11 00:19:59,414 [Worker-14: Download sources and javadoc] INFO  o.e.m.j.internal.DownloadSourcesJob - Downloaded sources for com.fasterxml.jackson.datatype:jackson-datatype-jdk8:2.15.3
2024-01-11 00:19:59,452 [Worker-14: Download sources and javadoc] INFO  o.e.m.c.i.e.AbstractTransferListenerAdapter - Downloading https://repo.maven.apache.org/maven2/com/fasterxml/jackson/datatype/jackson-datatype-jdk8/2.15.3/jackson-datatype-jdk8-2.15.3-javadoc.jar
2024-01-11 00:19:59,472 [Worker-14: Download sources and javadoc] INFO  o.e.m.c.i.e.AbstractTransferListenerAdapter - Downloaded https://repo.maven.apache.org/maven2/com/fasterxml/jackson/datatype/jackson-datatype-jdk8/2.15.3/jackson-datatype-jdk8-2.15.3-javadoc.jar
2024-01-11 00:19:59,474 [Worker-14: Download sources and javadoc] INFO  o.e.m.j.internal.DownloadSourcesJob - Downloaded javadoc for com.fasterxml.jackson.datatype:jackson-datatype-jdk8:2.15.3
2024-01-11 00:19:59,478 [Worker-14: Download sources and javadoc] INFO  o.e.m.j.internal.DownloadSourcesJob - Downloaded sources for com.fasterxml.jackson.datatype:jackson-datatype-jsr310:2.15.3
2024-01-11 00:19:59,532 [Worker-14: Download sources and javadoc] INFO  o.e.m.c.i.e.AbstractTransferListenerAdapter - Downloading https://repo.maven.apache.org/maven2/com/fasterxml/jackson/datatype/jackson-datatype-jsr310/2.15.3/jackson-datatype-jsr310-2.15.3-javadoc.jar
2024-01-11 00:19:59,567 [Worker-14: Download sources and javadoc] INFO  o.e.m.c.i.e.AbstractTransferListenerAdapter - Downloaded https://repo.maven.apache.org/maven2/com/fasterxml/jackson/datatype/jackson-datatype-jsr310/2.15.3/jackson-datatype-jsr310-2.15.3-javadoc.jar
2024-01-11 00:19:59,570 [Worker-14: Download sources and javadoc] INFO  o.e.m.j.internal.DownloadSourcesJob - Downloaded javadoc for com.fasterxml.jackson.datatype:jackson-datatype-jsr310:2.15.3
2024-01-11 00:19:59,575 [Worker-14: Download sources and javadoc] INFO  o.e.m.j.internal.DownloadSourcesJob - Downloaded sources for com.fasterxml.jackson.module:jackson-module-parameter-names:2.15.3
2024-01-11 00:19:59,606 [Worker-14: Download sources and javadoc] INFO  o.e.m.c.i.e.AbstractTransferListenerAdapter - Downloading https://repo.maven.apache.org/maven2/com/fasterxml/jackson/module/jackson-module-parameter-names/2.15.3/jackson-module-parameter-names-2.15.3-javadoc.jar
2024-01-11 00:19:59,621 [Worker-14: Download sources and javadoc] INFO  o.e.m.c.i.e.AbstractTransferListenerAdapter - Downloaded https://repo.maven.apache.org/maven2/com/fasterxml/jackson/module/jackson-module-parameter-names/2.15.3/jackson-module-parameter-names-2.15.3-javadoc.jar
2024-01-11 00:19:59,624 [Worker-14: Download sources and javadoc] INFO  o.e.m.j.internal.DownloadSourcesJob - Downloaded javadoc for com.fasterxml.jackson.module:jackson-module-parameter-names:2.15.3
2024-01-11 00:19:59,628 [Worker-14: Download sources and javadoc] INFO  o.e.m.j.internal.DownloadSourcesJob - Downloaded sources for org.springframework.boot:spring-boot-starter-tomcat:3.2.1
2024-01-11 00:19:59,660 [Worker-14: Download sources and javadoc] INFO  o.e.m.c.i.e.AbstractTransferListenerAdapter - Downloading https://repo.maven.apache.org/maven2/org/springframework/boot/spring-boot-starter-tomcat/3.2.1/spring-boot-starter-tomcat-3.2.1-javadoc.jar
2024-01-11 00:19:59,663 [Worker-14: Download sources and javadoc] INFO  o.e.m.c.i.e.AbstractTransferListenerAdapter - Downloaded https://repo.maven.apache.org/maven2/org/springframework/boot/spring-boot-starter-tomcat/3.2.1/spring-boot-starter-tomcat-3.2.1-javadoc.jar
2024-01-11 00:19:59,667 [Worker-14: Download sources and javadoc] INFO  o.e.m.j.internal.DownloadSourcesJob - Downloaded javadoc for org.springframework.boot:spring-boot-starter-tomcat:3.2.1
2024-01-11 00:19:59,671 [Worker-14: Download sources and javadoc] INFO  o.e.m.j.internal.DownloadSourcesJob - Downloaded sources for org.apache.tomcat.embed:tomcat-embed-core:10.1.17
2024-01-11 00:19:59,819 [Worker-14: Download sources and javadoc] INFO  o.e.m.c.i.e.AbstractTransferListenerAdapter - Downloaded https://repo.maven.apache.org/maven2/org/apache/tomcat/embed/tomcat-embed-core/10.1.17/tomcat-embed-core-10.1.17-javadoc.jar
2024-01-11 00:19:59,821 [Worker-14: Download sources and javadoc] ERROR o.e.m.j.internal.DownloadSourcesJob - Could not download javadoc for org.apache.tomcat.embed:tomcat-embed-core:10.1.17
org.eclipse.core.runtime.CoreException: Could not resolve artifact org.apache.tomcat.embed:tomcat-embed-core:jar:javadoc:10.1.17
	at org.eclipse.m2e.core.internal.embedder.MavenImpl.lambda$6(MavenImpl.java:584)
	at org.eclipse.m2e.core.internal.embedder.MavenExecutionContext.executeBare(MavenExecutionContext.java:394)
	at org.eclipse.m2e.core.internal.embedder.MavenExecutionContext.execute(MavenExecutionContext.java:228)
	at org.eclipse.m2e.core.internal.embedder.MavenExecutionContext.execute(MavenExecutionContext.java:214)
	at org.eclipse.m2e.core.internal.embedder.MavenImpl.resolve(MavenImpl.java:553)
	at org.eclipse.m2e.core.internal.embedder.MavenImpl.resolve(MavenImpl.java:538)
	at org.eclipse.m2e.jdt.internal.DownloadSourcesJob.download(DownloadSourcesJob.java:308)
	at org.eclipse.m2e.jdt.internal.DownloadSourcesJob.downloadAttachments(DownloadSourcesJob.java:294)
	at org.eclipse.m2e.jdt.internal.DownloadSourcesJob.downloadMaven(DownloadSourcesJob.java:252)
	at org.eclipse.m2e.jdt.internal.DownloadSourcesJob.downloadFilesAndPopulateToUpdate(DownloadSourcesJob.java:220)
	at org.eclipse.m2e.jdt.internal.DownloadSourcesJob.lambda$0(DownloadSourcesJob.java:149)
	at org.eclipse.m2e.core.internal.embedder.MavenExecutionContext.executeBare(MavenExecutionContext.java:394)
	at org.eclipse.m2e.core.internal.embedder.MavenExecutionContext.execute(MavenExecutionContext.java:275)
	at org.eclipse.m2e.core.internal.embedder.MavenExecutionContext.execute(MavenExecutionContext.java:214)
	at org.eclipse.m2e.core.embedder.IMaven.execute(IMaven.java:294)
	at org.eclipse.m2e.jdt.internal.DownloadSourcesJob.run(DownloadSourcesJob.java:149)
	at org.eclipse.core.internal.jobs.Worker.run(Worker.java:63)
2024-01-11 00:19:59,826 [Worker-14: Download sources and javadoc] INFO  o.e.m.j.internal.DownloadSourcesJob - Downloaded sources for org.apache.tomcat.embed:tomcat-embed-el:10.1.17
2024-01-11 00:19:59,984 [Worker-14: Download sources and javadoc] INFO  o.e.m.c.i.e.AbstractTransferListenerAdapter - Downloaded https://repo.maven.apache.org/maven2/org/apache/tomcat/embed/tomcat-embed-el/10.1.17/tomcat-embed-el-10.1.17-javadoc.jar
2024-01-11 00:19:59,988 [Worker-14: Download sources and javadoc] ERROR o.e.m.j.internal.DownloadSourcesJob - Could not download javadoc for org.apache.tomcat.embed:tomcat-embed-el:10.1.17
org.eclipse.core.runtime.CoreException: Could not resolve artifact org.apache.tomcat.embed:tomcat-embed-el:jar:javadoc:10.1.17
	at org.eclipse.m2e.core.internal.embedder.MavenImpl.lambda$6(MavenImpl.java:584)
	at org.eclipse.m2e.core.internal.embedder.MavenExecutionContext.executeBare(MavenExecutionContext.java:394)
	at org.eclipse.m2e.core.internal.embedder.MavenExecutionContext.execute(MavenExecutionContext.java:228)
	at org.eclipse.m2e.core.internal.embedder.MavenExecutionContext.execute(MavenExecutionContext.java:214)
	at org.eclipse.m2e.core.internal.embedder.MavenImpl.resolve(MavenImpl.java:553)
	at org.eclipse.m2e.core.internal.embedder.MavenImpl.resolve(MavenImpl.java:538)
	at org.eclipse.m2e.jdt.internal.DownloadSourcesJob.download(DownloadSourcesJob.java:308)
	at org.eclipse.m2e.jdt.internal.DownloadSourcesJob.downloadAttachments(DownloadSourcesJob.java:294)
	at org.eclipse.m2e.jdt.internal.DownloadSourcesJob.downloadMaven(DownloadSourcesJob.java:252)
	at org.eclipse.m2e.jdt.internal.DownloadSourcesJob.downloadFilesAndPopulateToUpdate(DownloadSourcesJob.java:220)
	at org.eclipse.m2e.jdt.internal.DownloadSourcesJob.lambda$0(DownloadSourcesJob.java:149)
	at org.eclipse.m2e.core.internal.embedder.MavenExecutionContext.executeBare(MavenExecutionContext.java:394)
	at org.eclipse.m2e.core.internal.embedder.MavenExecutionContext.execute(MavenExecutionContext.java:275)
	at org.eclipse.m2e.core.internal.embedder.MavenExecutionContext.execute(MavenExecutionContext.java:214)
	at org.eclipse.m2e.core.embedder.IMaven.execute(IMaven.java:294)
	at org.eclipse.m2e.jdt.internal.DownloadSourcesJob.run(DownloadSourcesJob.java:149)
	at org.eclipse.core.internal.jobs.Worker.run(Worker.java:63)
2024-01-11 00:19:59,993 [Worker-14: Download sources and javadoc] INFO  o.e.m.j.internal.DownloadSourcesJob - Downloaded sources for org.apache.tomcat.embed:tomcat-embed-websocket:10.1.17
2024-01-11 00:20:00,144 [Worker-14: Download sources and javadoc] INFO  o.e.m.c.i.e.AbstractTransferListenerAdapter - Downloaded https://repo.maven.apache.org/maven2/org/apache/tomcat/embed/tomcat-embed-websocket/10.1.17/tomcat-embed-websocket-10.1.17-javadoc.jar
2024-01-11 00:20:00,150 [Worker-14: Download sources and javadoc] ERROR o.e.m.j.internal.DownloadSourcesJob - Could not download javadoc for org.apache.tomcat.embed:tomcat-embed-websocket:10.1.17
org.eclipse.core.runtime.CoreException: Could not resolve artifact org.apache.tomcat.embed:tomcat-embed-websocket:jar:javadoc:10.1.17
	at org.eclipse.m2e.core.internal.embedder.MavenImpl.lambda$6(MavenImpl.java:584)
	at org.eclipse.m2e.core.internal.embedder.MavenExecutionContext.executeBare(MavenExecutionContext.java:394)
	at org.eclipse.m2e.core.internal.embedder.MavenExecutionContext.execute(MavenExecutionContext.java:228)
	at org.eclipse.m2e.core.internal.embedder.MavenExecutionContext.execute(MavenExecutionContext.java:214)
	at org.eclipse.m2e.core.internal.embedder.MavenImpl.resolve(MavenImpl.java:553)
	at org.eclipse.m2e.core.internal.embedder.MavenImpl.resolve(MavenImpl.java:538)
	at org.eclipse.m2e.jdt.internal.DownloadSourcesJob.download(DownloadSourcesJob.java:308)
	at org.eclipse.m2e.jdt.internal.DownloadSourcesJob.downloadAttachments(DownloadSourcesJob.java:294)
	at org.eclipse.m2e.jdt.internal.DownloadSourcesJob.downloadMaven(DownloadSourcesJob.java:252)
	at org.eclipse.m2e.jdt.internal.DownloadSourcesJob.downloadFilesAndPopulateToUpdate(DownloadSourcesJob.java:220)
	at org.eclipse.m2e.jdt.internal.DownloadSourcesJob.lambda$0(DownloadSourcesJob.java:149)
	at org.eclipse.m2e.core.internal.embedder.MavenExecutionContext.executeBare(MavenExecutionContext.java:394)
	at org.eclipse.m2e.core.internal.embedder.MavenExecutionContext.execute(MavenExecutionContext.java:275)
	at org.eclipse.m2e.core.internal.embedder.MavenExecutionContext.execute(MavenExecutionContext.java:214)
	at org.eclipse.m2e.core.embedder.IMaven.execute(IMaven.java:294)
	at org.eclipse.m2e.jdt.internal.DownloadSourcesJob.run(DownloadSourcesJob.java:149)
	at org.eclipse.core.internal.jobs.Worker.run(Worker.java:63)
2024-01-11 00:20:00,164 [Worker-14: Download sources and javadoc] INFO  o.e.m.j.internal.DownloadSourcesJob - Downloaded sources for org.springframework:spring-web:6.1.2
2024-01-11 00:20:00,224 [Worker-14: Download sources and javadoc] INFO  o.e.m.c.i.e.AbstractTransferListenerAdapter - Downloading https://repo.maven.apache.org/maven2/org/springframework/spring-web/6.1.2/spring-web-6.1.2-javadoc.jar
2024-01-11 00:20:00,318 [Worker-14: Download sources and javadoc] INFO  o.e.m.c.i.e.AbstractTransferListenerAdapter - Downloaded https://repo.maven.apache.org/maven2/org/springframework/spring-web/6.1.2/spring-web-6.1.2-javadoc.jar
2024-01-11 00:20:00,324 [Worker-14: Download sources and javadoc] INFO  o.e.m.j.internal.DownloadSourcesJob - Downloaded javadoc for org.springframework:spring-web:6.1.2
2024-01-11 00:20:00,329 [Worker-14: Download sources and javadoc] INFO  o.e.m.j.internal.DownloadSourcesJob - Downloaded sources for org.springframework:spring-beans:6.1.2
2024-01-11 00:20:00,365 [Worker-14: Download sources and javadoc] INFO  o.e.m.c.i.e.AbstractTransferListenerAdapter - Downloading https://repo.maven.apache.org/maven2/org/springframework/spring-beans/6.1.2/spring-beans-6.1.2-javadoc.jar
2024-01-11 00:20:00,426 [Worker-14: Download sources and javadoc] INFO  o.e.m.c.i.e.AbstractTransferListenerAdapter - Downloaded https://repo.maven.apache.org/maven2/org/springframework/spring-beans/6.1.2/spring-beans-6.1.2-javadoc.jar
2024-01-11 00:20:00,430 [Worker-14: Download sources and javadoc] INFO  o.e.m.j.internal.DownloadSourcesJob - Downloaded javadoc for org.springframework:spring-beans:6.1.2
2024-01-11 00:20:00,434 [Worker-14: Download sources and javadoc] INFO  o.e.m.j.internal.DownloadSourcesJob - Downloaded sources for io.micrometer:micrometer-observation:1.12.1
2024-01-11 00:20:00,463 [Worker-14: Download sources and javadoc] INFO  o.e.m.c.i.e.AbstractTransferListenerAdapter - Downloading https://repo.maven.apache.org/maven2/io/micrometer/micrometer-observation/1.12.1/micrometer-observation-1.12.1-javadoc.jar
2024-01-11 00:20:00,493 [Worker-14: Download sources and javadoc] INFO  o.e.m.c.i.e.AbstractTransferListenerAdapter - Downloaded https://repo.maven.apache.org/maven2/io/micrometer/micrometer-observation/1.12.1/micrometer-observation-1.12.1-javadoc.jar
2024-01-11 00:20:00,497 [Worker-14: Download sources and javadoc] INFO  o.e.m.j.internal.DownloadSourcesJob - Downloaded javadoc for io.micrometer:micrometer-observation:1.12.1
2024-01-11 00:20:00,501 [Worker-14: Download sources and javadoc] INFO  o.e.m.j.internal.DownloadSourcesJob - Downloaded sources for io.micrometer:micrometer-commons:1.12.1
2024-01-11 00:20:00,535 [Worker-14: Download sources and javadoc] INFO  o.e.m.c.i.e.AbstractTransferListenerAdapter - Downloading https://repo.maven.apache.org/maven2/io/micrometer/micrometer-commons/1.12.1/micrometer-commons-1.12.1-javadoc.jar
2024-01-11 00:20:00,555 [Worker-14: Download sources and javadoc] INFO  o.e.m.c.i.e.AbstractTransferListenerAdapter - Downloaded https://repo.maven.apache.org/maven2/io/micrometer/micrometer-commons/1.12.1/micrometer-commons-1.12.1-javadoc.jar
2024-01-11 00:20:00,559 [Worker-14: Download sources and javadoc] INFO  o.e.m.j.internal.DownloadSourcesJob - Downloaded javadoc for io.micrometer:micrometer-commons:1.12.1
2024-01-11 00:20:00,563 [Worker-14: Download sources and javadoc] INFO  o.e.m.j.internal.DownloadSourcesJob - Downloaded sources for org.springframework:spring-webmvc:6.1.2
2024-01-11 00:20:00,603 [Worker-14: Download sources and javadoc] INFO  o.e.m.c.i.e.AbstractTransferListenerAdapter - Downloading https://repo.maven.apache.org/maven2/org/springframework/spring-webmvc/6.1.2/spring-webmvc-6.1.2-javadoc.jar
2024-01-11 00:20:00,676 [Worker-14: Download sources and javadoc] INFO  o.e.m.c.i.e.AbstractTransferListenerAdapter - Downloaded https://repo.maven.apache.org/maven2/org/springframework/spring-webmvc/6.1.2/spring-webmvc-6.1.2-javadoc.jar
2024-01-11 00:20:00,679 [Worker-14: Download sources and javadoc] INFO  o.e.m.j.internal.DownloadSourcesJob - Downloaded javadoc for org.springframework:spring-webmvc:6.1.2
2024-01-11 00:20:00,684 [Worker-14: Download sources and javadoc] INFO  o.e.m.j.internal.DownloadSourcesJob - Downloaded sources for org.springframework:spring-aop:6.1.2
2024-01-11 00:20:00,723 [Worker-14: Download sources and javadoc] INFO  o.e.m.c.i.e.AbstractTransferListenerAdapter - Downloading https://repo.maven.apache.org/maven2/org/springframework/spring-aop/6.1.2/spring-aop-6.1.2-javadoc.jar
2024-01-11 00:20:00,774 [Worker-14: Download sources and javadoc] INFO  o.e.m.c.i.e.AbstractTransferListenerAdapter - Downloaded https://repo.maven.apache.org/maven2/org/springframework/spring-aop/6.1.2/spring-aop-6.1.2-javadoc.jar
2024-01-11 00:20:00,776 [Worker-14: Download sources and javadoc] INFO  o.e.m.j.internal.DownloadSourcesJob - Downloaded javadoc for org.springframework:spring-aop:6.1.2
2024-01-11 00:20:00,781 [Worker-14: Download sources and javadoc] INFO  o.e.m.j.internal.DownloadSourcesJob - Downloaded sources for org.springframework:spring-context:6.1.2
2024-01-11 00:20:00,824 [Worker-14: Download sources and javadoc] INFO  o.e.m.c.i.e.AbstractTransferListenerAdapter - Downloading https://repo.maven.apache.org/maven2/org/springframework/spring-context/6.1.2/spring-context-6.1.2-javadoc.jar
2024-01-11 00:20:00,901 [Worker-14: Download sources and javadoc] INFO  o.e.m.c.i.e.AbstractTransferListenerAdapter - Downloaded https://repo.maven.apache.org/maven2/org/springframework/spring-context/6.1.2/spring-context-6.1.2-javadoc.jar
2024-01-11 00:20:00,909 [Worker-14: Download sources and javadoc] INFO  o.e.m.j.internal.DownloadSourcesJob - Downloaded javadoc for org.springframework:spring-context:6.1.2
2024-01-11 00:20:00,913 [Worker-14: Download sources and javadoc] INFO  o.e.m.j.internal.DownloadSourcesJob - Downloaded sources for org.springframework:spring-expression:6.1.2
2024-01-11 00:20:00,956 [Worker-14: Download sources and javadoc] INFO  o.e.m.c.i.e.AbstractTransferListenerAdapter - Downloading https://repo.maven.apache.org/maven2/org/springframework/spring-expression/6.1.2/spring-expression-6.1.2-javadoc.jar
2024-01-11 00:20:00,999 [Worker-14: Download sources and javadoc] INFO  o.e.m.c.i.e.AbstractTransferListenerAdapter - Downloaded https://repo.maven.apache.org/maven2/org/springframework/spring-expression/6.1.2/spring-expression-6.1.2-javadoc.jar
2024-01-11 00:20:01,002 [Worker-14: Download sources and javadoc] INFO  o.e.m.j.internal.DownloadSourcesJob - Downloaded javadoc for org.springframework:spring-expression:6.1.2
2024-01-11 00:20:01,006 [Worker-14: Download sources and javadoc] INFO  o.e.m.j.internal.DownloadSourcesJob - Downloaded sources for com.h2database:h2:2.2.224
2024-01-11 00:20:01,049 [Worker-14: Download sources and javadoc] INFO  o.e.m.c.i.e.AbstractTransferListenerAdapter - Downloading https://repo.maven.apache.org/maven2/com/h2database/h2/2.2.224/h2-2.2.224-javadoc.jar
2024-01-11 00:20:01,140 [Worker-14: Download sources and javadoc] INFO  o.e.m.c.i.e.AbstractTransferListenerAdapter - Downloaded https://repo.maven.apache.org/maven2/com/h2database/h2/2.2.224/h2-2.2.224-javadoc.jar
2024-01-11 00:20:01,148 [Worker-14: Download sources and javadoc] INFO  o.e.m.j.internal.DownloadSourcesJob - Downloaded javadoc for com.h2database:h2:2.2.224
2024-01-11 00:20:01,152 [Worker-14: Download sources and javadoc] INFO  o.e.m.j.internal.DownloadSourcesJob - Downloaded sources for org.projectlombok:lombok:1.18.30
2024-01-11 00:20:01,186 [Worker-14: Download sources and javadoc] INFO  o.e.m.c.i.e.AbstractTransferListenerAdapter - Downloading https://repo.maven.apache.org/maven2/org/projectlombok/lombok/1.18.30/lombok-1.18.30-javadoc.jar
2024-01-11 00:20:01,212 [Worker-14: Download sources and javadoc] INFO  o.e.m.c.i.e.AbstractTransferListenerAdapter - Downloaded https://repo.maven.apache.org/maven2/org/projectlombok/lombok/1.18.30/lombok-1.18.30-javadoc.jar
2024-01-11 00:20:01,215 [Worker-14: Download sources and javadoc] INFO  o.e.m.j.internal.DownloadSourcesJob - Downloaded javadoc for org.projectlombok:lombok:1.18.30
2024-01-11 00:20:01,220 [Worker-14: Download sources and javadoc] INFO  o.e.m.j.internal.DownloadSourcesJob - Downloaded sources for org.springframework.boot:spring-boot-starter-test:3.2.1
2024-01-11 00:20:01,251 [Worker-14: Download sources and javadoc] INFO  o.e.m.c.i.e.AbstractTransferListenerAdapter - Downloading https://repo.maven.apache.org/maven2/org/springframework/boot/spring-boot-starter-test/3.2.1/spring-boot-starter-test-3.2.1-javadoc.jar
2024-01-11 00:20:01,255 [Worker-14: Download sources and javadoc] INFO  o.e.m.c.i.e.AbstractTransferListenerAdapter - Downloaded https://repo.maven.apache.org/maven2/org/springframework/boot/spring-boot-starter-test/3.2.1/spring-boot-starter-test-3.2.1-javadoc.jar
2024-01-11 00:20:01,259 [Worker-14: Download sources and javadoc] INFO  o.e.m.j.internal.DownloadSourcesJob - Downloaded javadoc for org.springframework.boot:spring-boot-starter-test:3.2.1
2024-01-11 00:20:01,264 [Worker-14: Download sources and javadoc] INFO  o.e.m.j.internal.DownloadSourcesJob - Downloaded sources for org.springframework.boot:spring-boot-test:3.2.1
2024-01-11 00:20:01,299 [Worker-14: Download sources and javadoc] INFO  o.e.m.c.i.e.AbstractTransferListenerAdapter - Downloading https://repo.maven.apache.org/maven2/org/springframework/boot/spring-boot-test/3.2.1/spring-boot-test-3.2.1-javadoc.jar
2024-01-11 00:20:01,331 [Worker-14: Download sources and javadoc] INFO  o.e.m.c.i.e.AbstractTransferListenerAdapter - Downloaded https://repo.maven.apache.org/maven2/org/springframework/boot/spring-boot-test/3.2.1/spring-boot-test-3.2.1-javadoc.jar
2024-01-11 00:20:01,335 [Worker-14: Download sources and javadoc] INFO  o.e.m.j.internal.DownloadSourcesJob - Downloaded javadoc for org.springframework.boot:spring-boot-test:3.2.1
2024-01-11 00:20:01,339 [Worker-14: Download sources and javadoc] INFO  o.e.m.j.internal.DownloadSourcesJob - Downloaded sources for org.springframework.boot:spring-boot-test-autoconfigure:3.2.1
2024-01-11 00:20:01,380 [Worker-14: Download sources and javadoc] INFO  o.e.m.c.i.e.AbstractTransferListenerAdapter - Downloading https://repo.maven.apache.org/maven2/org/springframework/boot/spring-boot-test-autoconfigure/3.2.1/spring-boot-test-autoconfigure-3.2.1-javadoc.jar
2024-01-11 00:20:01,410 [Worker-14: Download sources and javadoc] INFO  o.e.m.c.i.e.AbstractTransferListenerAdapter - Downloaded https://repo.maven.apache.org/maven2/org/springframework/boot/spring-boot-test-autoconfigure/3.2.1/spring-boot-test-autoconfigure-3.2.1-javadoc.jar
2024-01-11 00:20:01,418 [Worker-14: Download sources and javadoc] INFO  o.e.m.j.internal.DownloadSourcesJob - Downloaded javadoc for org.springframework.boot:spring-boot-test-autoconfigure:3.2.1
2024-01-11 00:20:01,423 [Worker-14: Download sources and javadoc] INFO  o.e.m.j.internal.DownloadSourcesJob - Downloaded sources for com.jayway.jsonpath:json-path:2.8.0
2024-01-11 00:20:01,458 [Worker-14: Download sources and javadoc] INFO  o.e.m.c.i.e.AbstractTransferListenerAdapter - Downloading https://repo.maven.apache.org/maven2/com/jayway/jsonpath/json-path/2.8.0/json-path-2.8.0-javadoc.jar
2024-01-11 00:20:01,491 [Worker-14: Download sources and javadoc] INFO  o.e.m.c.i.e.AbstractTransferListenerAdapter - Downloaded https://repo.maven.apache.org/maven2/com/jayway/jsonpath/json-path/2.8.0/json-path-2.8.0-javadoc.jar
2024-01-11 00:20:01,494 [Worker-14: Download sources and javadoc] INFO  o.e.m.j.internal.DownloadSourcesJob - Downloaded javadoc for com.jayway.jsonpath:json-path:2.8.0
2024-01-11 00:20:01,498 [Worker-14: Download sources and javadoc] INFO  o.e.m.j.internal.DownloadSourcesJob - Downloaded sources for org.slf4j:slf4j-api:2.0.9
2024-01-11 00:20:01,532 [Worker-14: Download sources and javadoc] INFO  o.e.m.c.i.e.AbstractTransferListenerAdapter - Downloading https://repo.maven.apache.org/maven2/org/slf4j/slf4j-api/2.0.9/slf4j-api-2.0.9-javadoc.jar
2024-01-11 00:20:01,561 [Worker-14: Download sources and javadoc] INFO  o.e.m.c.i.e.AbstractTransferListenerAdapter - Downloaded https://repo.maven.apache.org/maven2/org/slf4j/slf4j-api/2.0.9/slf4j-api-2.0.9-javadoc.jar
2024-01-11 00:20:01,566 [Worker-14: Download sources and javadoc] INFO  o.e.m.j.internal.DownloadSourcesJob - Downloaded javadoc for org.slf4j:slf4j-api:2.0.9
2024-01-11 00:20:01,571 [Worker-14: Download sources and javadoc] INFO  o.e.m.j.internal.DownloadSourcesJob - Downloaded sources for jakarta.xml.bind:jakarta.xml.bind-api:4.0.1
2024-01-11 00:20:01,606 [Worker-14: Download sources and javadoc] INFO  o.e.m.c.i.e.AbstractTransferListenerAdapter - Downloading https://repo.maven.apache.org/maven2/jakarta/xml/bind/jakarta.xml.bind-api/4.0.1/jakarta.xml.bind-api-4.0.1-javadoc.jar
2024-01-11 00:20:01,651 [Worker-14: Download sources and javadoc] INFO  o.e.m.c.i.e.AbstractTransferListenerAdapter - Downloaded https://repo.maven.apache.org/maven2/jakarta/xml/bind/jakarta.xml.bind-api/4.0.1/jakarta.xml.bind-api-4.0.1-javadoc.jar
2024-01-11 00:20:01,654 [Worker-14: Download sources and javadoc] INFO  o.e.m.j.internal.DownloadSourcesJob - Downloaded javadoc for jakarta.xml.bind:jakarta.xml.bind-api:4.0.1
2024-01-11 00:20:01,659 [Worker-14: Download sources and javadoc] INFO  o.e.m.j.internal.DownloadSourcesJob - Downloaded sources for jakarta.activation:jakarta.activation-api:2.1.2
2024-01-11 00:20:01,693 [Worker-14: Download sources and javadoc] INFO  o.e.m.c.i.e.AbstractTransferListenerAdapter - Downloading https://repo.maven.apache.org/maven2/jakarta/activation/jakarta.activation-api/2.1.2/jakarta.activation-api-2.1.2-javadoc.jar
2024-01-11 00:20:01,726 [Worker-14: Download sources and javadoc] INFO  o.e.m.c.i.e.AbstractTransferListenerAdapter - Downloaded https://repo.maven.apache.org/maven2/jakarta/activation/jakarta.activation-api/2.1.2/jakarta.activation-api-2.1.2-javadoc.jar
2024-01-11 00:20:01,732 [Worker-14: Download sources and javadoc] INFO  o.e.m.j.internal.DownloadSourcesJob - Downloaded javadoc for jakarta.activation:jakarta.activation-api:2.1.2
2024-01-11 00:20:01,736 [Worker-14: Download sources and javadoc] INFO  o.e.m.j.internal.DownloadSourcesJob - Downloaded sources for net.minidev:json-smart:2.5.0
2024-01-11 00:20:01,782 [Worker-14: Download sources and javadoc] INFO  o.e.m.c.i.e.AbstractTransferListenerAdapter - Downloading https://repo.maven.apache.org/maven2/net/minidev/json-smart/2.5.0/json-smart-2.5.0-javadoc.jar
2024-01-11 00:20:01,814 [Worker-14: Download sources and javadoc] INFO  o.e.m.c.i.e.AbstractTransferListenerAdapter - Downloaded https://repo.maven.apache.org/maven2/net/minidev/json-smart/2.5.0/json-smart-2.5.0-javadoc.jar
2024-01-11 00:20:01,818 [Worker-14: Download sources and javadoc] INFO  o.e.m.j.internal.DownloadSourcesJob - Downloaded javadoc for net.minidev:json-smart:2.5.0
2024-01-11 00:20:01,822 [Worker-14: Download sources and javadoc] INFO  o.e.m.j.internal.DownloadSourcesJob - Downloaded sources for net.minidev:accessors-smart:2.5.0
2024-01-11 00:20:01,859 [Worker-14: Download sources and javadoc] INFO  o.e.m.c.i.e.AbstractTransferListenerAdapter - Downloading https://repo.maven.apache.org/maven2/net/minidev/accessors-smart/2.5.0/accessors-smart-2.5.0-javadoc.jar
2024-01-11 00:20:01,890 [Worker-14: Download sources and javadoc] INFO  o.e.m.c.i.e.AbstractTransferListenerAdapter - Downloaded https://repo.maven.apache.org/maven2/net/minidev/accessors-smart/2.5.0/accessors-smart-2.5.0-javadoc.jar
2024-01-11 00:20:01,894 [Worker-14: Download sources and javadoc] INFO  o.e.m.j.internal.DownloadSourcesJob - Downloaded javadoc for net.minidev:accessors-smart:2.5.0
2024-01-11 00:20:01,898 [Worker-14: Download sources and javadoc] INFO  o.e.m.j.internal.DownloadSourcesJob - Downloaded sources for org.ow2.asm:asm:9.3
2024-01-11 00:20:01,930 [Worker-14: Download sources and javadoc] INFO  o.e.m.c.i.e.AbstractTransferListenerAdapter - Downloading https://repo.maven.apache.org/maven2/org/ow2/asm/asm/9.3/asm-9.3-javadoc.jar
2024-01-11 00:20:01,961 [Worker-14: Download sources and javadoc] INFO  o.e.m.c.i.e.AbstractTransferListenerAdapter - Downloaded https://repo.maven.apache.org/maven2/org/ow2/asm/asm/9.3/asm-9.3-javadoc.jar
2024-01-11 00:20:01,964 [Worker-14: Download sources and javadoc] INFO  o.e.m.j.internal.DownloadSourcesJob - Downloaded javadoc for org.ow2.asm:asm:9.3
2024-01-11 00:20:01,969 [Worker-14: Download sources and javadoc] INFO  o.e.m.j.internal.DownloadSourcesJob - Downloaded sources for org.assertj:assertj-core:3.24.2
2024-01-11 00:20:02,026 [Worker-14: Download sources and javadoc] INFO  o.e.m.c.i.e.AbstractTransferListenerAdapter - Downloading https://repo.maven.apache.org/maven2/org/assertj/assertj-core/3.24.2/assertj-core-3.24.2-javadoc.jar
2024-01-11 00:20:02,133 [Worker-14: Download sources and javadoc] INFO  o.e.m.c.i.e.AbstractTransferListenerAdapter - Downloaded https://repo.maven.apache.org/maven2/org/assertj/assertj-core/3.24.2/assertj-core-3.24.2-javadoc.jar
2024-01-11 00:20:02,141 [Worker-14: Download sources and javadoc] INFO  o.e.m.j.internal.DownloadSourcesJob - Downloaded javadoc for org.assertj:assertj-core:3.24.2
2024-01-11 00:20:02,146 [Worker-14: Download sources and javadoc] INFO  o.e.m.j.internal.DownloadSourcesJob - Downloaded sources for net.bytebuddy:byte-buddy:1.14.10
2024-01-11 00:20:02,197 [Worker-14: Download sources and javadoc] INFO  o.e.m.c.i.e.AbstractTransferListenerAdapter - Downloading https://repo.maven.apache.org/maven2/net/bytebuddy/byte-buddy/1.14.10/byte-buddy-1.14.10-javadoc.jar
2024-01-11 00:20:02,449 [Worker-14: Download sources and javadoc] INFO  o.e.m.c.i.e.AbstractTransferListenerAdapter - Downloaded https://repo.maven.apache.org/maven2/net/bytebuddy/byte-buddy/1.14.10/byte-buddy-1.14.10-javadoc.jar
2024-01-11 00:20:02,452 [Worker-14: Download sources and javadoc] INFO  o.e.m.j.internal.DownloadSourcesJob - Downloaded javadoc for net.bytebuddy:byte-buddy:1.14.10
2024-01-11 00:20:02,456 [Worker-14: Download sources and javadoc] INFO  o.e.m.j.internal.DownloadSourcesJob - Downloaded sources for org.awaitility:awaitility:4.2.0
2024-01-11 00:20:02,502 [Worker-14: Download sources and javadoc] INFO  o.e.m.c.i.e.AbstractTransferListenerAdapter - Downloading https://repo.maven.apache.org/maven2/org/awaitility/awaitility/4.2.0/awaitility-4.2.0-javadoc.jar
2024-01-11 00:20:02,531 [Worker-14: Download sources and javadoc] INFO  o.e.m.c.i.e.AbstractTransferListenerAdapter - Downloaded https://repo.maven.apache.org/maven2/org/awaitility/awaitility/4.2.0/awaitility-4.2.0-javadoc.jar
2024-01-11 00:20:02,538 [Worker-14: Download sources and javadoc] INFO  o.e.m.j.internal.DownloadSourcesJob - Downloaded javadoc for org.awaitility:awaitility:4.2.0
2024-01-11 00:20:02,545 [Worker-14: Download sources and javadoc] INFO  o.e.m.j.internal.DownloadSourcesJob - Downloaded sources for org.hamcrest:hamcrest:2.2
2024-01-11 00:20:02,580 [Worker-14: Download sources and javadoc] INFO  o.e.m.c.i.e.AbstractTransferListenerAdapter - Downloading https://repo.maven.apache.org/maven2/org/hamcrest/hamcrest/2.2/hamcrest-2.2-javadoc.jar
2024-01-11 00:20:02,609 [Worker-14: Download sources and javadoc] INFO  o.e.m.c.i.e.AbstractTransferListenerAdapter - Downloaded https://repo.maven.apache.org/maven2/org/hamcrest/hamcrest/2.2/hamcrest-2.2-javadoc.jar
2024-01-11 00:20:02,611 [Worker-14: Download sources and javadoc] INFO  o.e.m.j.internal.DownloadSourcesJob - Downloaded javadoc for org.hamcrest:hamcrest:2.2
2024-01-11 00:20:02,616 [Worker-14: Download sources and javadoc] INFO  o.e.m.j.internal.DownloadSourcesJob - Downloaded sources for org.junit.jupiter:junit-jupiter:5.10.1
2024-01-11 00:20:02,648 [Worker-14: Download sources and javadoc] INFO  o.e.m.c.i.e.AbstractTransferListenerAdapter - Downloading https://repo.maven.apache.org/maven2/org/junit/jupiter/junit-jupiter/5.10.1/junit-jupiter-5.10.1-javadoc.jar
2024-01-11 00:20:02,651 [Worker-14: Download sources and javadoc] INFO  o.e.m.c.i.e.AbstractTransferListenerAdapter - Downloaded https://repo.maven.apache.org/maven2/org/junit/jupiter/junit-jupiter/5.10.1/junit-jupiter-5.10.1-javadoc.jar
2024-01-11 00:20:02,657 [Worker-14: Download sources and javadoc] INFO  o.e.m.j.internal.DownloadSourcesJob - Downloaded javadoc for org.junit.jupiter:junit-jupiter:5.10.1
2024-01-11 00:20:02,661 [Worker-14: Download sources and javadoc] INFO  o.e.m.j.internal.DownloadSourcesJob - Downloaded sources for org.junit.jupiter:junit-jupiter-api:5.10.1
2024-01-11 00:20:02,702 [Worker-14: Download sources and javadoc] INFO  o.e.m.c.i.e.AbstractTransferListenerAdapter - Downloading https://repo.maven.apache.org/maven2/org/junit/jupiter/junit-jupiter-api/5.10.1/junit-jupiter-api-5.10.1-javadoc.jar
2024-01-11 00:20:02,746 [Worker-14: Download sources and javadoc] INFO  o.e.m.c.i.e.AbstractTransferListenerAdapter - Downloaded https://repo.maven.apache.org/maven2/org/junit/jupiter/junit-jupiter-api/5.10.1/junit-jupiter-api-5.10.1-javadoc.jar
2024-01-11 00:20:02,749 [Worker-14: Download sources and javadoc] INFO  o.e.m.j.internal.DownloadSourcesJob - Downloaded javadoc for org.junit.jupiter:junit-jupiter-api:5.10.1
2024-01-11 00:20:02,753 [Worker-14: Download sources and javadoc] INFO  o.e.m.j.internal.DownloadSourcesJob - Downloaded sources for org.opentest4j:opentest4j:1.3.0
2024-01-11 00:20:02,794 [Worker-14: Download sources and javadoc] INFO  o.e.m.c.i.e.AbstractTransferListenerAdapter - Downloading https://repo.maven.apache.org/maven2/org/opentest4j/opentest4j/1.3.0/opentest4j-1.3.0-javadoc.jar
2024-01-11 00:20:02,810 [Worker-14: Download sources and javadoc] INFO  o.e.m.c.i.e.AbstractTransferListenerAdapter - Downloaded https://repo.maven.apache.org/maven2/org/opentest4j/opentest4j/1.3.0/opentest4j-1.3.0-javadoc.jar
2024-01-11 00:20:02,819 [Worker-14: Download sources and javadoc] INFO  o.e.m.j.internal.DownloadSourcesJob - Downloaded javadoc for org.opentest4j:opentest4j:1.3.0
2024-01-11 00:20:02,826 [Worker-14: Download sources and javadoc] INFO  o.e.m.j.internal.DownloadSourcesJob - Downloaded sources for org.junit.platform:junit-platform-commons:1.10.1
2024-01-11 00:20:02,864 [Worker-14: Download sources and javadoc] INFO  o.e.m.c.i.e.AbstractTransferListenerAdapter - Downloading https://repo.maven.apache.org/maven2/org/junit/platform/junit-platform-commons/1.10.1/junit-platform-commons-1.10.1-javadoc.jar
2024-01-11 00:20:02,895 [Worker-14: Download sources and javadoc] INFO  o.e.m.c.i.e.AbstractTransferListenerAdapter - Downloaded https://repo.maven.apache.org/maven2/org/junit/platform/junit-platform-commons/1.10.1/junit-platform-commons-1.10.1-javadoc.jar
2024-01-11 00:20:02,898 [Worker-14: Download sources and javadoc] INFO  o.e.m.j.internal.DownloadSourcesJob - Downloaded javadoc for org.junit.platform:junit-platform-commons:1.10.1
2024-01-11 00:20:02,903 [Worker-14: Download sources and javadoc] INFO  o.e.m.j.internal.DownloadSourcesJob - Downloaded sources for org.apiguardian:apiguardian-api:1.1.2
2024-01-11 00:20:02,937 [Worker-14: Download sources and javadoc] INFO  o.e.m.c.i.e.AbstractTransferListenerAdapter - Downloading https://repo.maven.apache.org/maven2/org/apiguardian/apiguardian-api/1.1.2/apiguardian-api-1.1.2-javadoc.jar
2024-01-11 00:20:02,966 [Worker-14: Download sources and javadoc] INFO  o.e.m.c.i.e.AbstractTransferListenerAdapter - Downloaded https://repo.maven.apache.org/maven2/org/apiguardian/apiguardian-api/1.1.2/apiguardian-api-1.1.2-javadoc.jar
2024-01-11 00:20:02,971 [Worker-14: Download sources and javadoc] INFO  o.e.m.j.internal.DownloadSourcesJob - Downloaded javadoc for org.apiguardian:apiguardian-api:1.1.2
2024-01-11 00:20:02,975 [Worker-14: Download sources and javadoc] INFO  o.e.m.j.internal.DownloadSourcesJob - Downloaded sources for org.junit.jupiter:junit-jupiter-params:5.10.1
2024-01-11 00:20:03,007 [Worker-14: Download sources and javadoc] INFO  o.e.m.c.i.e.AbstractTransferListenerAdapter - Downloading https://repo.maven.apache.org/maven2/org/junit/jupiter/junit-jupiter-params/5.10.1/junit-jupiter-params-5.10.1-javadoc.jar
2024-01-11 00:20:03,032 [Worker-14: Download sources and javadoc] INFO  o.e.m.c.i.e.AbstractTransferListenerAdapter - Downloaded https://repo.maven.apache.org/maven2/org/junit/jupiter/junit-jupiter-params/5.10.1/junit-jupiter-params-5.10.1-javadoc.jar
2024-01-11 00:20:03,036 [Worker-14: Download sources and javadoc] INFO  o.e.m.j.internal.DownloadSourcesJob - Downloaded javadoc for org.junit.jupiter:junit-jupiter-params:5.10.1
2024-01-11 00:20:03,041 [Worker-14: Download sources and javadoc] INFO  o.e.m.j.internal.DownloadSourcesJob - Downloaded sources for org.junit.jupiter:junit-jupiter-engine:5.10.1
2024-01-11 00:20:03,087 [Worker-14: Download sources and javadoc] INFO  o.e.m.c.i.e.AbstractTransferListenerAdapter - Downloading https://repo.maven.apache.org/maven2/org/junit/jupiter/junit-jupiter-engine/5.10.1/junit-jupiter-engine-5.10.1-javadoc.jar
2024-01-11 00:20:03,117 [Worker-14: Download sources and javadoc] INFO  o.e.m.c.i.e.AbstractTransferListenerAdapter - Downloaded https://repo.maven.apache.org/maven2/org/junit/jupiter/junit-jupiter-engine/5.10.1/junit-jupiter-engine-5.10.1-javadoc.jar
2024-01-11 00:20:03,126 [Worker-14: Download sources and javadoc] INFO  o.e.m.j.internal.DownloadSourcesJob - Downloaded javadoc for org.junit.jupiter:junit-jupiter-engine:5.10.1
2024-01-11 00:20:03,131 [Worker-14: Download sources and javadoc] INFO  o.e.m.j.internal.DownloadSourcesJob - Downloaded sources for org.junit.platform:junit-platform-engine:1.10.1
2024-01-11 00:20:03,166 [Worker-14: Download sources and javadoc] INFO  o.e.m.c.i.e.AbstractTransferListenerAdapter - Downloading https://repo.maven.apache.org/maven2/org/junit/platform/junit-platform-engine/1.10.1/junit-platform-engine-1.10.1-javadoc.jar
2024-01-11 00:20:03,208 [Worker-14: Download sources and javadoc] INFO  o.e.m.c.i.e.AbstractTransferListenerAdapter - Downloaded https://repo.maven.apache.org/maven2/org/junit/platform/junit-platform-engine/1.10.1/junit-platform-engine-1.10.1-javadoc.jar
2024-01-11 00:20:03,215 [Worker-14: Download sources and javadoc] INFO  o.e.m.j.internal.DownloadSourcesJob - Downloaded javadoc for org.junit.platform:junit-platform-engine:1.10.1
2024-01-11 00:20:03,223 [Worker-14: Download sources and javadoc] INFO  o.e.m.j.internal.DownloadSourcesJob - Downloaded sources for org.mockito:mockito-core:5.7.0
2024-01-11 00:20:03,261 [Worker-14: Download sources and javadoc] INFO  o.e.m.c.i.e.AbstractTransferListenerAdapter - Downloading https://repo.maven.apache.org/maven2/org/mockito/mockito-core/5.7.0/mockito-core-5.7.0-javadoc.jar
2024-01-11 00:20:03,311 [Worker-14: Download sources and javadoc] INFO  o.e.m.c.i.e.AbstractTransferListenerAdapter - Downloaded https://repo.maven.apache.org/maven2/org/mockito/mockito-core/5.7.0/mockito-core-5.7.0-javadoc.jar
2024-01-11 00:20:03,314 [Worker-14: Download sources and javadoc] INFO  o.e.m.j.internal.DownloadSourcesJob - Downloaded javadoc for org.mockito:mockito-core:5.7.0
2024-01-11 00:20:03,318 [Worker-14: Download sources and javadoc] INFO  o.e.m.j.internal.DownloadSourcesJob - Downloaded sources for net.bytebuddy:byte-buddy-agent:1.14.10
2024-01-11 00:20:03,386 [Worker-14: Download sources and javadoc] INFO  o.e.m.c.i.e.AbstractTransferListenerAdapter - Downloading https://repo.maven.apache.org/maven2/net/bytebuddy/byte-buddy-agent/1.14.10/byte-buddy-agent-1.14.10-javadoc.jar
2024-01-11 00:20:03,421 [Worker-14: Download sources and javadoc] INFO  o.e.m.c.i.e.AbstractTransferListenerAdapter - Downloaded https://repo.maven.apache.org/maven2/net/bytebuddy/byte-buddy-agent/1.14.10/byte-buddy-agent-1.14.10-javadoc.jar
2024-01-11 00:20:03,447 [Worker-14: Download sources and javadoc] INFO  o.e.m.j.internal.DownloadSourcesJob - Downloaded javadoc for net.bytebuddy:byte-buddy-agent:1.14.10
2024-01-11 00:20:03,452 [Worker-14: Download sources and javadoc] INFO  o.e.m.j.internal.DownloadSourcesJob - Downloaded sources for org.objenesis:objenesis:3.3
2024-01-11 00:20:03,486 [Worker-14: Download sources and javadoc] INFO  o.e.m.c.i.e.AbstractTransferListenerAdapter - Downloading https://repo.maven.apache.org/maven2/org/objenesis/objenesis/3.3/objenesis-3.3-javadoc.jar
2024-01-11 00:20:03,510 [Worker-14: Download sources and javadoc] INFO  o.e.m.c.i.e.AbstractTransferListenerAdapter - Downloaded https://repo.maven.apache.org/maven2/org/objenesis/objenesis/3.3/objenesis-3.3-javadoc.jar
2024-01-11 00:20:03,514 [Worker-14: Download sources and javadoc] INFO  o.e.m.j.internal.DownloadSourcesJob - Downloaded javadoc for org.objenesis:objenesis:3.3
2024-01-11 00:20:03,518 [Worker-14: Download sources and javadoc] INFO  o.e.m.j.internal.DownloadSourcesJob - Downloaded sources for org.mockito:mockito-junit-jupiter:5.7.0
2024-01-11 00:20:03,551 [Worker-14: Download sources and javadoc] INFO  o.e.m.c.i.e.AbstractTransferListenerAdapter - Downloading https://repo.maven.apache.org/maven2/org/mockito/mockito-junit-jupiter/5.7.0/mockito-junit-jupiter-5.7.0-javadoc.jar
2024-01-11 00:20:03,567 [Worker-14: Download sources and javadoc] INFO  o.e.m.c.i.e.AbstractTransferListenerAdapter - Downloaded https://repo.maven.apache.org/maven2/org/mockito/mockito-junit-jupiter/5.7.0/mockito-junit-jupiter-5.7.0-javadoc.jar
2024-01-11 00:20:03,570 [Worker-14: Download sources and javadoc] INFO  o.e.m.j.internal.DownloadSourcesJob - Downloaded javadoc for org.mockito:mockito-junit-jupiter:5.7.0
2024-01-11 00:20:03,574 [Worker-14: Download sources and javadoc] INFO  o.e.m.j.internal.DownloadSourcesJob - Downloaded sources for org.skyscreamer:jsonassert:1.5.1
2024-01-11 00:20:03,607 [Worker-14: Download sources and javadoc] INFO  o.e.m.c.i.e.AbstractTransferListenerAdapter - Downloading https://repo.maven.apache.org/maven2/org/skyscreamer/jsonassert/1.5.1/jsonassert-1.5.1-javadoc.jar
2024-01-11 00:20:03,638 [Worker-14: Download sources and javadoc] INFO  o.e.m.c.i.e.AbstractTransferListenerAdapter - Downloaded https://repo.maven.apache.org/maven2/org/skyscreamer/jsonassert/1.5.1/jsonassert-1.5.1-javadoc.jar
2024-01-11 00:20:03,644 [Worker-14: Download sources and javadoc] INFO  o.e.m.j.internal.DownloadSourcesJob - Downloaded javadoc for org.skyscreamer:jsonassert:1.5.1
2024-01-11 00:20:03,649 [Worker-14: Download sources and javadoc] INFO  o.e.m.j.internal.DownloadSourcesJob - Downloaded sources for com.vaadin.external.google:android-json:0.0.20131108.vaadin1
2024-01-11 00:20:03,678 [Worker-14: Download sources and javadoc] INFO  o.e.m.c.i.e.AbstractTransferListenerAdapter - Downloading https://repo.maven.apache.org/maven2/com/vaadin/external/google/android-json/0.0.20131108.vaadin1/android-json-0.0.20131108.vaadin1-javadoc.jar
2024-01-11 00:20:03,688 [Worker-14: Download sources and javadoc] INFO  o.e.m.c.i.e.AbstractTransferListenerAdapter - Downloaded https://repo.maven.apache.org/maven2/com/vaadin/external/google/android-json/0.0.20131108.vaadin1/android-json-0.0.20131108.vaadin1-javadoc.jar
2024-01-11 00:20:03,691 [Worker-14: Download sources and javadoc] INFO  o.e.m.j.internal.DownloadSourcesJob - Downloaded javadoc for com.vaadin.external.google:android-json:0.0.20131108.vaadin1
2024-01-11 00:20:03,696 [Worker-14: Download sources and javadoc] INFO  o.e.m.j.internal.DownloadSourcesJob - Downloaded sources for org.springframework:spring-core:6.1.2
2024-01-11 00:20:03,736 [Worker-14: Download sources and javadoc] INFO  o.e.m.c.i.e.AbstractTransferListenerAdapter - Downloading https://repo.maven.apache.org/maven2/org/springframework/spring-core/6.1.2/spring-core-6.1.2-javadoc.jar
2024-01-11 00:20:03,827 [Worker-14: Download sources and javadoc] INFO  o.e.m.c.i.e.AbstractTransferListenerAdapter - Downloaded https://repo.maven.apache.org/maven2/org/springframework/spring-core/6.1.2/spring-core-6.1.2-javadoc.jar
2024-01-11 00:20:03,831 [Worker-14: Download sources and javadoc] INFO  o.e.m.j.internal.DownloadSourcesJob - Downloaded javadoc for org.springframework:spring-core:6.1.2
2024-01-11 00:20:03,835 [Worker-14: Download sources and javadoc] INFO  o.e.m.j.internal.DownloadSourcesJob - Downloaded sources for org.springframework:spring-jcl:6.1.2
2024-01-11 00:20:03,904 [Worker-14: Download sources and javadoc] INFO  o.e.m.c.i.e.AbstractTransferListenerAdapter - Downloading https://repo.maven.apache.org/maven2/org/springframework/spring-jcl/6.1.2/spring-jcl-6.1.2-javadoc.jar
2024-01-11 00:20:03,929 [Worker-14: Download sources and javadoc] INFO  o.e.m.c.i.e.AbstractTransferListenerAdapter - Downloaded https://repo.maven.apache.org/maven2/org/springframework/spring-jcl/6.1.2/spring-jcl-6.1.2-javadoc.jar
2024-01-11 00:20:03,936 [Worker-14: Download sources and javadoc] INFO  o.e.m.j.internal.DownloadSourcesJob - Downloaded javadoc for org.springframework:spring-jcl:6.1.2
2024-01-11 00:20:03,945 [Worker-14: Download sources and javadoc] INFO  o.e.m.j.internal.DownloadSourcesJob - Downloaded sources for org.springframework:spring-test:6.1.2
2024-01-11 00:20:03,987 [Worker-14: Download sources and javadoc] INFO  o.e.m.c.i.e.AbstractTransferListenerAdapter - Downloading https://repo.maven.apache.org/maven2/org/springframework/spring-test/6.1.2/spring-test-6.1.2-javadoc.jar
2024-01-11 00:20:04,057 [Worker-14: Download sources and javadoc] INFO  o.e.m.c.i.e.AbstractTransferListenerAdapter - Downloaded https://repo.maven.apache.org/maven2/org/springframework/spring-test/6.1.2/spring-test-6.1.2-javadoc.jar
2024-01-11 00:20:04,061 [Worker-14: Download sources and javadoc] INFO  o.e.m.j.internal.DownloadSourcesJob - Downloaded javadoc for org.springframework:spring-test:6.1.2
2024-01-11 00:20:04,064 [Worker-14: Download sources and javadoc] INFO  o.e.m.j.internal.DownloadSourcesJob - Downloaded sources for org.xmlunit:xmlunit-core:2.9.1
2024-01-11 00:20:04,102 [Worker-14: Download sources and javadoc] INFO  o.e.m.c.i.e.AbstractTransferListenerAdapter - Downloading https://repo.maven.apache.org/maven2/org/xmlunit/xmlunit-core/2.9.1/xmlunit-core-2.9.1-javadoc.jar
2024-01-11 00:20:04,134 [Worker-14: Download sources and javadoc] INFO  o.e.m.c.i.e.AbstractTransferListenerAdapter - Downloaded https://repo.maven.apache.org/maven2/org/xmlunit/xmlunit-core/2.9.1/xmlunit-core-2.9.1-javadoc.jar
2024-01-11 00:20:04,137 [Worker-14: Download sources and javadoc] INFO  o.e.m.j.internal.DownloadSourcesJob - Downloaded javadoc for org.xmlunit:xmlunit-core:2.9.1
2024-01-11 00:20:04,141 [Worker-14: Download sources and javadoc] INFO  o.e.m.j.internal.DownloadSourcesJob - Downloaded sources for org.springframework.boot:spring-boot-starter-web:3.2.1
2024-01-11 00:20:04,143 [Worker-14: Download sources and javadoc] INFO  o.e.m.j.internal.DownloadSourcesJob - Downloaded javadoc for org.springframework.boot:spring-boot-starter-web:3.2.1
2024-01-11 00:20:04,147 [Worker-14: Download sources and javadoc] INFO  o.e.m.j.internal.DownloadSourcesJob - Downloaded sources for org.springframework.boot:spring-boot-starter:3.2.1
2024-01-11 00:20:04,149 [Worker-14: Download sources and javadoc] INFO  o.e.m.j.internal.DownloadSourcesJob - Downloaded javadoc for org.springframework.boot:spring-boot-starter:3.2.1
2024-01-11 00:20:04,153 [Worker-14: Download sources and javadoc] INFO  o.e.m.j.internal.DownloadSourcesJob - Downloaded sources for org.springframework.boot:spring-boot:3.2.1
2024-01-11 00:20:04,155 [Worker-14: Download sources and javadoc] INFO  o.e.m.j.internal.DownloadSourcesJob - Downloaded javadoc for org.springframework.boot:spring-boot:3.2.1
2024-01-11 00:20:04,159 [Worker-14: Download sources and javadoc] INFO  o.e.m.j.internal.DownloadSourcesJob - Downloaded sources for org.springframework.boot:spring-boot-autoconfigure:3.2.1
2024-01-11 00:20:04,161 [Worker-14: Download sources and javadoc] INFO  o.e.m.j.internal.DownloadSourcesJob - Downloaded javadoc for org.springframework.boot:spring-boot-autoconfigure:3.2.1
2024-01-11 00:20:04,165 [Worker-14: Download sources and javadoc] INFO  o.e.m.j.internal.DownloadSourcesJob - Downloaded sources for org.springframework.boot:spring-boot-starter-logging:3.2.1
2024-01-11 00:20:04,167 [Worker-14: Download sources and javadoc] INFO  o.e.m.j.internal.DownloadSourcesJob - Downloaded javadoc for org.springframework.boot:spring-boot-starter-logging:3.2.1
2024-01-11 00:20:04,171 [Worker-14: Download sources and javadoc] INFO  o.e.m.j.internal.DownloadSourcesJob - Downloaded sources for ch.qos.logback:logback-classic:1.4.14
2024-01-11 00:20:04,173 [Worker-14: Download sources and javadoc] INFO  o.e.m.j.internal.DownloadSourcesJob - Downloaded javadoc for ch.qos.logback:logback-classic:1.4.14
2024-01-11 00:20:04,177 [Worker-14: Download sources and javadoc] INFO  o.e.m.j.internal.DownloadSourcesJob - Downloaded sources for ch.qos.logback:logback-core:1.4.14
2024-01-11 00:20:04,179 [Worker-14: Download sources and javadoc] INFO  o.e.m.j.internal.DownloadSourcesJob - Downloaded javadoc for ch.qos.logback:logback-core:1.4.14
2024-01-11 00:20:04,183 [Worker-14: Download sources and javadoc] INFO  o.e.m.j.internal.DownloadSourcesJob - Downloaded sources for org.apache.logging.log4j:log4j-to-slf4j:2.21.1
2024-01-11 00:20:04,187 [Worker-14: Download sources and javadoc] INFO  o.e.m.j.internal.DownloadSourcesJob - Downloaded sources for org.apache.logging.log4j:log4j-api:2.21.1
2024-01-11 00:20:04,191 [Worker-14: Download sources and javadoc] INFO  o.e.m.j.internal.DownloadSourcesJob - Downloaded sources for org.slf4j:jul-to-slf4j:2.0.9
2024-01-11 00:20:04,193 [Worker-14: Download sources and javadoc] INFO  o.e.m.j.internal.DownloadSourcesJob - Downloaded javadoc for org.slf4j:jul-to-slf4j:2.0.9
2024-01-11 00:20:04,197 [Worker-14: Download sources and javadoc] INFO  o.e.m.j.internal.DownloadSourcesJob - Downloaded sources for jakarta.annotation:jakarta.annotation-api:2.1.1
2024-01-11 00:20:04,198 [Worker-14: Download sources and javadoc] INFO  o.e.m.j.internal.DownloadSourcesJob - Downloaded javadoc for jakarta.annotation:jakarta.annotation-api:2.1.1
2024-01-11 00:20:04,202 [Worker-14: Download sources and javadoc] INFO  o.e.m.j.internal.DownloadSourcesJob - Downloaded sources for org.yaml:snakeyaml:2.2
2024-01-11 00:20:04,204 [Worker-14: Download sources and javadoc] INFO  o.e.m.j.internal.DownloadSourcesJob - Downloaded javadoc for org.yaml:snakeyaml:2.2
2024-01-11 00:20:04,208 [Worker-14: Download sources and javadoc] INFO  o.e.m.j.internal.DownloadSourcesJob - Downloaded sources for org.springframework.boot:spring-boot-starter-json:3.2.1
2024-01-11 00:20:04,209 [Worker-14: Download sources and javadoc] INFO  o.e.m.j.internal.DownloadSourcesJob - Downloaded javadoc for org.springframework.boot:spring-boot-starter-json:3.2.1
2024-01-11 00:20:04,213 [Worker-14: Download sources and javadoc] INFO  o.e.m.j.internal.DownloadSourcesJob - Downloaded sources for com.fasterxml.jackson.core:jackson-databind:2.15.3
2024-01-11 00:20:04,215 [Worker-14: Download sources and javadoc] INFO  o.e.m.j.internal.DownloadSourcesJob - Downloaded javadoc for com.fasterxml.jackson.core:jackson-databind:2.15.3
2024-01-11 00:20:04,219 [Worker-14: Download sources and javadoc] INFO  o.e.m.j.internal.DownloadSourcesJob - Downloaded sources for com.fasterxml.jackson.core:jackson-annotations:2.15.3
2024-01-11 00:20:04,221 [Worker-14: Download sources and javadoc] INFO  o.e.m.j.internal.DownloadSourcesJob - Downloaded javadoc for com.fasterxml.jackson.core:jackson-annotations:2.15.3
2024-01-11 00:20:04,225 [Worker-14: Download sources and javadoc] INFO  o.e.m.j.internal.DownloadSourcesJob - Downloaded sources for com.fasterxml.jackson.core:jackson-core:2.15.3
2024-01-11 00:20:04,227 [Worker-14: Download sources and javadoc] INFO  o.e.m.j.internal.DownloadSourcesJob - Downloaded javadoc for com.fasterxml.jackson.core:jackson-core:2.15.3
2024-01-11 00:20:04,231 [Worker-14: Download sources and javadoc] INFO  o.e.m.j.internal.DownloadSourcesJob - Downloaded sources for com.fasterxml.jackson.datatype:jackson-datatype-jdk8:2.15.3
2024-01-11 00:20:04,233 [Worker-14: Download sources and javadoc] INFO  o.e.m.j.internal.DownloadSourcesJob - Downloaded javadoc for com.fasterxml.jackson.datatype:jackson-datatype-jdk8:2.15.3
2024-01-11 00:20:04,236 [Worker-14: Download sources and javadoc] INFO  o.e.m.j.internal.DownloadSourcesJob - Downloaded sources for com.fasterxml.jackson.datatype:jackson-datatype-jsr310:2.15.3
2024-01-11 00:20:04,238 [Worker-14: Download sources and javadoc] INFO  o.e.m.j.internal.DownloadSourcesJob - Downloaded javadoc for com.fasterxml.jackson.datatype:jackson-datatype-jsr310:2.15.3
2024-01-11 00:20:04,242 [Worker-14: Download sources and javadoc] INFO  o.e.m.j.internal.DownloadSourcesJob - Downloaded sources for com.fasterxml.jackson.module:jackson-module-parameter-names:2.15.3
2024-01-11 00:20:04,243 [Worker-14: Download sources and javadoc] INFO  o.e.m.j.internal.DownloadSourcesJob - Downloaded javadoc for com.fasterxml.jackson.module:jackson-module-parameter-names:2.15.3
2024-01-11 00:20:04,247 [Worker-14: Download sources and javadoc] INFO  o.e.m.j.internal.DownloadSourcesJob - Downloaded sources for org.springframework.boot:spring-boot-starter-tomcat:3.2.1
2024-01-11 00:20:04,249 [Worker-14: Download sources and javadoc] INFO  o.e.m.j.internal.DownloadSourcesJob - Downloaded javadoc for org.springframework.boot:spring-boot-starter-tomcat:3.2.1
2024-01-11 00:20:04,253 [Worker-14: Download sources and javadoc] INFO  o.e.m.j.internal.DownloadSourcesJob - Downloaded sources for org.apache.tomcat.embed:tomcat-embed-core:10.1.17
2024-01-11 00:20:04,256 [Worker-14: Download sources and javadoc] INFO  o.e.m.j.internal.DownloadSourcesJob - Downloaded sources for org.apache.tomcat.embed:tomcat-embed-el:10.1.17
2024-01-11 00:20:04,259 [Worker-14: Download sources and javadoc] INFO  o.e.m.j.internal.DownloadSourcesJob - Downloaded sources for org.apache.tomcat.embed:tomcat-embed-websocket:10.1.17
2024-01-11 00:20:04,263 [Worker-14: Download sources and javadoc] INFO  o.e.m.j.internal.DownloadSourcesJob - Downloaded sources for org.springframework:spring-web:6.1.2
2024-01-11 00:20:04,265 [Worker-14: Download sources and javadoc] INFO  o.e.m.j.internal.DownloadSourcesJob - Downloaded javadoc for org.springframework:spring-web:6.1.2
2024-01-11 00:20:04,269 [Worker-14: Download sources and javadoc] INFO  o.e.m.j.internal.DownloadSourcesJob - Downloaded sources for org.springframework:spring-beans:6.1.2
2024-01-11 00:20:04,270 [Worker-14: Download sources and javadoc] INFO  o.e.m.j.internal.DownloadSourcesJob - Downloaded javadoc for org.springframework:spring-beans:6.1.2
2024-01-11 00:20:04,274 [Worker-14: Download sources and javadoc] INFO  o.e.m.j.internal.DownloadSourcesJob - Downloaded sources for io.micrometer:micrometer-observation:1.12.1
2024-01-11 00:20:04,275 [Worker-14: Download sources and javadoc] INFO  o.e.m.j.internal.DownloadSourcesJob - Downloaded javadoc for io.micrometer:micrometer-observation:1.12.1
2024-01-11 00:20:04,279 [Worker-14: Download sources and javadoc] INFO  o.e.m.j.internal.DownloadSourcesJob - Downloaded sources for io.micrometer:micrometer-commons:1.12.1
2024-01-11 00:20:04,280 [Worker-14: Download sources and javadoc] INFO  o.e.m.j.internal.DownloadSourcesJob - Downloaded javadoc for io.micrometer:micrometer-commons:1.12.1
2024-01-11 00:20:04,284 [Worker-14: Download sources and javadoc] INFO  o.e.m.j.internal.DownloadSourcesJob - Downloaded sources for org.springframework:spring-webmvc:6.1.2
2024-01-11 00:20:04,285 [Worker-14: Download sources and javadoc] INFO  o.e.m.j.internal.DownloadSourcesJob - Downloaded javadoc for org.springframework:spring-webmvc:6.1.2
2024-01-11 00:20:04,289 [Worker-14: Download sources and javadoc] INFO  o.e.m.j.internal.DownloadSourcesJob - Downloaded sources for org.springframework:spring-aop:6.1.2
2024-01-11 00:20:04,290 [Worker-14: Download sources and javadoc] INFO  o.e.m.j.internal.DownloadSourcesJob - Downloaded javadoc for org.springframework:spring-aop:6.1.2
2024-01-11 00:20:04,293 [Worker-14: Download sources and javadoc] INFO  o.e.m.j.internal.DownloadSourcesJob - Downloaded sources for org.springframework:spring-context:6.1.2
2024-01-11 00:20:04,295 [Worker-14: Download sources and javadoc] INFO  o.e.m.j.internal.DownloadSourcesJob - Downloaded javadoc for org.springframework:spring-context:6.1.2
2024-01-11 00:20:04,299 [Worker-14: Download sources and javadoc] INFO  o.e.m.j.internal.DownloadSourcesJob - Downloaded sources for org.springframework:spring-expression:6.1.2
2024-01-11 00:20:04,300 [Worker-14: Download sources and javadoc] INFO  o.e.m.j.internal.DownloadSourcesJob - Downloaded javadoc for org.springframework:spring-expression:6.1.2
2024-01-11 00:20:04,304 [Worker-14: Download sources and javadoc] INFO  o.e.m.j.internal.DownloadSourcesJob - Downloaded sources for com.h2database:h2:2.2.224
2024-01-11 00:20:04,305 [Worker-14: Download sources and javadoc] INFO  o.e.m.j.internal.DownloadSourcesJob - Downloaded javadoc for com.h2database:h2:2.2.224
2024-01-11 00:20:04,308 [Worker-14: Download sources and javadoc] INFO  o.e.m.j.internal.DownloadSourcesJob - Downloaded sources for org.projectlombok:lombok:1.18.30
2024-01-11 00:20:04,310 [Worker-14: Download sources and javadoc] INFO  o.e.m.j.internal.DownloadSourcesJob - Downloaded javadoc for org.projectlombok:lombok:1.18.30
2024-01-11 00:20:04,313 [Worker-14: Download sources and javadoc] INFO  o.e.m.j.internal.DownloadSourcesJob - Downloaded sources for org.springframework.boot:spring-boot-starter-test:3.2.1
2024-01-11 00:20:04,315 [Worker-14: Download sources and javadoc] INFO  o.e.m.j.internal.DownloadSourcesJob - Downloaded javadoc for org.springframework.boot:spring-boot-starter-test:3.2.1
2024-01-11 00:20:04,319 [Worker-14: Download sources and javadoc] INFO  o.e.m.j.internal.DownloadSourcesJob - Downloaded sources for org.springframework.boot:spring-boot-test:3.2.1
2024-01-11 00:20:04,320 [Worker-14: Download sources and javadoc] INFO  o.e.m.j.internal.DownloadSourcesJob - Downloaded javadoc for org.springframework.boot:spring-boot-test:3.2.1
2024-01-11 00:20:04,324 [Worker-14: Download sources and javadoc] INFO  o.e.m.j.internal.DownloadSourcesJob - Downloaded sources for org.springframework.boot:spring-boot-test-autoconfigure:3.2.1
2024-01-11 00:20:04,326 [Worker-14: Download sources and javadoc] INFO  o.e.m.j.internal.DownloadSourcesJob - Downloaded javadoc for org.springframework.boot:spring-boot-test-autoconfigure:3.2.1
2024-01-11 00:20:04,330 [Worker-14: Download sources and javadoc] INFO  o.e.m.j.internal.DownloadSourcesJob - Downloaded sources for com.jayway.jsonpath:json-path:2.8.0
2024-01-11 00:20:04,331 [Worker-14: Download sources and javadoc] INFO  o.e.m.j.internal.DownloadSourcesJob - Downloaded javadoc for com.jayway.jsonpath:json-path:2.8.0
2024-01-11 00:20:04,335 [Worker-14: Download sources and javadoc] INFO  o.e.m.j.internal.DownloadSourcesJob - Downloaded sources for org.slf4j:slf4j-api:2.0.9
2024-01-11 00:20:04,335 [Worker-14: Download sources and javadoc] INFO  o.e.m.j.internal.DownloadSourcesJob - Downloaded javadoc for org.slf4j:slf4j-api:2.0.9
2024-01-11 00:20:04,339 [Worker-14: Download sources and javadoc] INFO  o.e.m.j.internal.DownloadSourcesJob - Downloaded sources for jakarta.xml.bind:jakarta.xml.bind-api:4.0.1
2024-01-11 00:20:04,341 [Worker-14: Download sources and javadoc] INFO  o.e.m.j.internal.DownloadSourcesJob - Downloaded javadoc for jakarta.xml.bind:jakarta.xml.bind-api:4.0.1
2024-01-11 00:20:04,344 [Worker-14: Download sources and javadoc] INFO  o.e.m.j.internal.DownloadSourcesJob - Downloaded sources for jakarta.activation:jakarta.activation-api:2.1.2
2024-01-11 00:20:04,345 [Worker-14: Download sources and javadoc] INFO  o.e.m.j.internal.DownloadSourcesJob - Downloaded javadoc for jakarta.activation:jakarta.activation-api:2.1.2
2024-01-11 00:20:04,348 [Worker-14: Download sources and javadoc] INFO  o.e.m.j.internal.DownloadSourcesJob - Downloaded sources for net.minidev:json-smart:2.5.0
2024-01-11 00:20:04,350 [Worker-14: Download sources and javadoc] INFO  o.e.m.j.internal.DownloadSourcesJob - Downloaded javadoc for net.minidev:json-smart:2.5.0
2024-01-11 00:20:04,354 [Worker-14: Download sources and javadoc] INFO  o.e.m.j.internal.DownloadSourcesJob - Downloaded sources for net.minidev:accessors-smart:2.5.0
2024-01-11 00:20:04,355 [Worker-14: Download sources and javadoc] INFO  o.e.m.j.internal.DownloadSourcesJob - Downloaded javadoc for net.minidev:accessors-smart:2.5.0
2024-01-11 00:20:04,359 [Worker-14: Download sources and javadoc] INFO  o.e.m.j.internal.DownloadSourcesJob - Downloaded sources for org.ow2.asm:asm:9.3
2024-01-11 00:20:04,360 [Worker-14: Download sources and javadoc] INFO  o.e.m.j.internal.DownloadSourcesJob - Downloaded javadoc for org.ow2.asm:asm:9.3
2024-01-11 00:20:04,364 [Worker-14: Download sources and javadoc] INFO  o.e.m.j.internal.DownloadSourcesJob - Downloaded sources for org.assertj:assertj-core:3.24.2
2024-01-11 00:20:04,366 [Worker-14: Download sources and javadoc] INFO  o.e.m.j.internal.DownloadSourcesJob - Downloaded javadoc for org.assertj:assertj-core:3.24.2
2024-01-11 00:20:04,369 [Worker-14: Download sources and javadoc] INFO  o.e.m.j.internal.DownloadSourcesJob - Downloaded sources for net.bytebuddy:byte-buddy:1.14.10
2024-01-11 00:20:04,371 [Worker-14: Download sources and javadoc] INFO  o.e.m.j.internal.DownloadSourcesJob - Downloaded javadoc for net.bytebuddy:byte-buddy:1.14.10
2024-01-11 00:20:04,374 [Worker-14: Download sources and javadoc] INFO  o.e.m.j.internal.DownloadSourcesJob - Downloaded sources for org.awaitility:awaitility:4.2.0
2024-01-11 00:20:04,376 [Worker-14: Download sources and javadoc] INFO  o.e.m.j.internal.DownloadSourcesJob - Downloaded javadoc for org.awaitility:awaitility:4.2.0
2024-01-11 00:20:04,380 [Worker-14: Download sources and javadoc] INFO  o.e.m.j.internal.DownloadSourcesJob - Downloaded sources for org.hamcrest:hamcrest:2.2
2024-01-11 00:20:04,381 [Worker-14: Download sources and javadoc] INFO  o.e.m.j.internal.DownloadSourcesJob - Downloaded javadoc for org.hamcrest:hamcrest:2.2
2024-01-11 00:20:04,385 [Worker-14: Download sources and javadoc] INFO  o.e.m.j.internal.DownloadSourcesJob - Downloaded sources for org.junit.jupiter:junit-jupiter:5.10.1
2024-01-11 00:20:04,386 [Worker-14: Download sources and javadoc] INFO  o.e.m.j.internal.DownloadSourcesJob - Downloaded javadoc for org.junit.jupiter:junit-jupiter:5.10.1
2024-01-11 00:20:04,390 [Worker-14: Download sources and javadoc] INFO  o.e.m.j.internal.DownloadSourcesJob - Downloaded sources for org.junit.jupiter:junit-jupiter-api:5.10.1
2024-01-11 00:20:04,392 [Worker-14: Download sources and javadoc] INFO  o.e.m.j.internal.DownloadSourcesJob - Downloaded javadoc for org.junit.jupiter:junit-jupiter-api:5.10.1
2024-01-11 00:20:04,395 [Worker-14: Download sources and javadoc] INFO  o.e.m.j.internal.DownloadSourcesJob - Downloaded sources for org.opentest4j:opentest4j:1.3.0
2024-01-11 00:20:04,397 [Worker-14: Download sources and javadoc] INFO  o.e.m.j.internal.DownloadSourcesJob - Downloaded javadoc for org.opentest4j:opentest4j:1.3.0
2024-01-11 00:20:04,400 [Worker-14: Download sources and javadoc] INFO  o.e.m.j.internal.DownloadSourcesJob - Downloaded sources for org.junit.platform:junit-platform-commons:1.10.1
2024-01-11 00:20:04,402 [Worker-14: Download sources and javadoc] INFO  o.e.m.j.internal.DownloadSourcesJob - Downloaded javadoc for org.junit.platform:junit-platform-commons:1.10.1
2024-01-11 00:20:04,406 [Worker-14: Download sources and javadoc] INFO  o.e.m.j.internal.DownloadSourcesJob - Downloaded sources for org.apiguardian:apiguardian-api:1.1.2
2024-01-11 00:20:04,407 [Worker-14: Download sources and javadoc] INFO  o.e.m.j.internal.DownloadSourcesJob - Downloaded javadoc for org.apiguardian:apiguardian-api:1.1.2
2024-01-11 00:20:04,411 [Worker-14: Download sources and javadoc] INFO  o.e.m.j.internal.DownloadSourcesJob - Downloaded sources for org.junit.jupiter:junit-jupiter-params:5.10.1
2024-01-11 00:20:04,413 [Worker-14: Download sources and javadoc] INFO  o.e.m.j.internal.DownloadSourcesJob - Downloaded javadoc for org.junit.jupiter:junit-jupiter-params:5.10.1
2024-01-11 00:20:04,417 [Worker-14: Download sources and javadoc] INFO  o.e.m.j.internal.DownloadSourcesJob - Downloaded sources for org.junit.jupiter:junit-jupiter-engine:5.10.1
2024-01-11 00:20:04,418 [Worker-14: Download sources and javadoc] INFO  o.e.m.j.internal.DownloadSourcesJob - Downloaded javadoc for org.junit.jupiter:junit-jupiter-engine:5.10.1
2024-01-11 00:20:04,422 [Worker-14: Download sources and javadoc] INFO  o.e.m.j.internal.DownloadSourcesJob - Downloaded sources for org.junit.platform:junit-platform-engine:1.10.1
2024-01-11 00:20:04,424 [Worker-14: Download sources and javadoc] INFO  o.e.m.j.internal.DownloadSourcesJob - Downloaded javadoc for org.junit.platform:junit-platform-engine:1.10.1
2024-01-11 00:20:04,428 [Worker-14: Download sources and javadoc] INFO  o.e.m.j.internal.DownloadSourcesJob - Downloaded sources for org.mockito:mockito-core:5.7.0
2024-01-11 00:20:04,430 [Worker-14: Download sources and javadoc] INFO  o.e.m.j.internal.DownloadSourcesJob - Downloaded javadoc for org.mockito:mockito-core:5.7.0
2024-01-11 00:20:04,433 [Worker-14: Download sources and javadoc] INFO  o.e.m.j.internal.DownloadSourcesJob - Downloaded sources for net.bytebuddy:byte-buddy-agent:1.14.10
2024-01-11 00:20:04,435 [Worker-14: Download sources and javadoc] INFO  o.e.m.j.internal.DownloadSourcesJob - Downloaded javadoc for net.bytebuddy:byte-buddy-agent:1.14.10
2024-01-11 00:20:04,439 [Worker-14: Download sources and javadoc] INFO  o.e.m.j.internal.DownloadSourcesJob - Downloaded sources for org.objenesis:objenesis:3.3
2024-01-11 00:20:04,441 [Worker-14: Download sources and javadoc] INFO  o.e.m.j.internal.DownloadSourcesJob - Downloaded javadoc for org.objenesis:objenesis:3.3
2024-01-11 00:20:04,445 [Worker-14: Download sources and javadoc] INFO  o.e.m.j.internal.DownloadSourcesJob - Downloaded sources for org.mockito:mockito-junit-jupiter:5.7.0
2024-01-11 00:20:04,447 [Worker-14: Download sources and javadoc] INFO  o.e.m.j.internal.DownloadSourcesJob - Downloaded javadoc for org.mockito:mockito-junit-jupiter:5.7.0
2024-01-11 00:20:04,451 [Worker-14: Download sources and javadoc] INFO  o.e.m.j.internal.DownloadSourcesJob - Downloaded sources for org.skyscreamer:jsonassert:1.5.1
2024-01-11 00:20:04,453 [Worker-14: Download sources and javadoc] INFO  o.e.m.j.internal.DownloadSourcesJob - Downloaded javadoc for org.skyscreamer:jsonassert:1.5.1
2024-01-11 00:20:04,457 [Worker-14: Download sources and javadoc] INFO  o.e.m.j.internal.DownloadSourcesJob - Downloaded sources for com.vaadin.external.google:android-json:0.0.20131108.vaadin1
2024-01-11 00:20:04,459 [Worker-14: Download sources and javadoc] INFO  o.e.m.j.internal.DownloadSourcesJob - Downloaded javadoc for com.vaadin.external.google:android-json:0.0.20131108.vaadin1
2024-01-11 00:20:04,463 [Worker-14: Download sources and javadoc] INFO  o.e.m.j.internal.DownloadSourcesJob - Downloaded sources for org.springframework:spring-core:6.1.2
2024-01-11 00:20:04,464 [Worker-14: Download sources and javadoc] INFO  o.e.m.j.internal.DownloadSourcesJob - Downloaded javadoc for org.springframework:spring-core:6.1.2
2024-01-11 00:20:04,468 [Worker-14: Download sources and javadoc] INFO  o.e.m.j.internal.DownloadSourcesJob - Downloaded sources for org.springframework:spring-jcl:6.1.2
2024-01-11 00:20:04,470 [Worker-14: Download sources and javadoc] INFO  o.e.m.j.internal.DownloadSourcesJob - Downloaded javadoc for org.springframework:spring-jcl:6.1.2
2024-01-11 00:20:04,474 [Worker-14: Download sources and javadoc] INFO  o.e.m.j.internal.DownloadSourcesJob - Downloaded sources for org.springframework:spring-test:6.1.2
2024-01-11 00:20:04,476 [Worker-14: Download sources and javadoc] INFO  o.e.m.j.internal.DownloadSourcesJob - Downloaded javadoc for org.springframework:spring-test:6.1.2
2024-01-11 00:20:04,480 [Worker-14: Download sources and javadoc] INFO  o.e.m.j.internal.DownloadSourcesJob - Downloaded sources for org.xmlunit:xmlunit-core:2.9.1
2024-01-11 00:20:04,481 [Worker-14: Download sources and javadoc] INFO  o.e.m.j.internal.DownloadSourcesJob - Downloaded javadoc for org.xmlunit:xmlunit-core:2.9.1
2024-01-11 00:26:18,594 [Worker-24: Building] INFO  o.a.m.s.f.DefaultMavenResourcesFiltering - Copying 1 resource from src\main\resources to target\classes
2024-01-11 00:26:18,604 [Worker-24: Building] INFO  o.a.m.s.f.DefaultMavenResourcesFiltering - Copying 0 resource from src\main\resources to target\classes
2024-01-11 00:26:18,607 [Worker-24: Building] INFO  o.a.m.s.f.DefaultMavenResourcesFiltering - skip non existing resourceDirectory C:\Users\May\Downloads\Enviar\src\test\resources
2024-01-11 00:27:56,622 [Worker-19: Building] INFO  o.e.m.c.i.l.LifecycleMappingFactory - Using org.eclipse.m2e.jdt.JarLifecycleMapping lifecycle mapping for MavenProject: proyecto:Enviar:0.0.1-SNAPSHOT @ C:\Users\May\Downloads\Enviar\pom.xml.
2024-01-11 00:27:57,365 [Worker-19: Building] INFO  o.a.m.s.f.DefaultMavenResourcesFiltering - Copying 0 resource from src\main\resources to target\classes
2024-01-11 00:27:57,366 [Worker-19: Building] INFO  o.a.m.s.f.DefaultMavenResourcesFiltering - Copying 0 resource from src\main\resources to target\classes
2024-01-11 00:27:57,369 [Worker-19: Building] INFO  o.a.m.s.f.DefaultMavenResourcesFiltering - skip non existing resourceDirectory C:\Users\May\Downloads\Enviar\src\test\resources
2024-01-11 00:27:58,229 [Worker-19: Download sources and javadoc] INFO  o.e.m.c.i.e.AbstractTransferListenerAdapter - Downloading https://repo.maven.apache.org/maven2/org/springframework/boot/spring-boot-starter-data-jpa/3.2.1/spring-boot-starter-data-jpa-3.2.1-javadoc.jar
2024-01-11 00:27:58,234 [Worker-19: Download sources and javadoc] INFO  o.e.m.c.i.e.AbstractTransferListenerAdapter - Downloaded https://repo.maven.apache.org/maven2/org/springframework/boot/spring-boot-starter-data-jpa/3.2.1/spring-boot-starter-data-jpa-3.2.1-javadoc.jar
2024-01-11 00:27:58,239 [Worker-19: Download sources and javadoc] INFO  o.e.m.j.internal.DownloadSourcesJob - Downloaded javadoc for org.springframework.boot:spring-boot-starter-data-jpa:3.2.1
2024-01-11 00:27:58,280 [Worker-19: Download sources and javadoc] INFO  o.e.m.c.i.e.AbstractTransferListenerAdapter - Downloading https://repo.maven.apache.org/maven2/org/springframework/boot/spring-boot-starter-aop/3.2.1/spring-boot-starter-aop-3.2.1-javadoc.jar
2024-01-11 00:27:58,285 [Worker-19: Download sources and javadoc] INFO  o.e.m.c.i.e.AbstractTransferListenerAdapter - Downloaded https://repo.maven.apache.org/maven2/org/springframework/boot/spring-boot-starter-aop/3.2.1/spring-boot-starter-aop-3.2.1-javadoc.jar
2024-01-11 00:27:58,289 [Worker-19: Download sources and javadoc] INFO  o.e.m.j.internal.DownloadSourcesJob - Downloaded javadoc for org.springframework.boot:spring-boot-starter-aop:3.2.1
2024-01-11 00:27:58,338 [Worker-19: Download sources and javadoc] INFO  o.e.m.c.i.e.AbstractTransferListenerAdapter - Downloading https://repo.maven.apache.org/maven2/org/aspectj/aspectjweaver/1.9.21/aspectjweaver-1.9.21-javadoc.jar
2024-01-11 00:27:58,455 [Worker-19: Download sources and javadoc] INFO  o.e.m.c.i.e.AbstractTransferListenerAdapter - Downloaded https://repo.maven.apache.org/maven2/org/aspectj/aspectjweaver/1.9.21/aspectjweaver-1.9.21-javadoc.jar
2024-01-11 00:27:58,459 [Worker-19: Download sources and javadoc] INFO  o.e.m.j.internal.DownloadSourcesJob - Downloaded javadoc for org.aspectj:aspectjweaver:1.9.21
2024-01-11 00:27:58,515 [Worker-19: Download sources and javadoc] INFO  o.e.m.c.i.e.AbstractTransferListenerAdapter - Downloading https://repo.maven.apache.org/maven2/org/springframework/boot/spring-boot-starter-jdbc/3.2.1/spring-boot-starter-jdbc-3.2.1-javadoc.jar
2024-01-11 00:27:58,520 [Worker-19: Download sources and javadoc] INFO  o.e.m.c.i.e.AbstractTransferListenerAdapter - Downloaded https://repo.maven.apache.org/maven2/org/springframework/boot/spring-boot-starter-jdbc/3.2.1/spring-boot-starter-jdbc-3.2.1-javadoc.jar
2024-01-11 00:27:58,525 [Worker-19: Download sources and javadoc] INFO  o.e.m.j.internal.DownloadSourcesJob - Downloaded javadoc for org.springframework.boot:spring-boot-starter-jdbc:3.2.1
2024-01-11 00:27:58,573 [Worker-19: Download sources and javadoc] INFO  o.e.m.c.i.e.AbstractTransferListenerAdapter - Downloading https://repo.maven.apache.org/maven2/com/zaxxer/HikariCP/5.0.1/HikariCP-5.0.1-javadoc.jar
2024-01-11 00:27:58,604 [Worker-19: Download sources and javadoc] INFO  o.e.m.c.i.e.AbstractTransferListenerAdapter - Downloaded https://repo.maven.apache.org/maven2/com/zaxxer/HikariCP/5.0.1/HikariCP-5.0.1-javadoc.jar
2024-01-11 00:27:58,609 [Worker-19: Download sources and javadoc] INFO  o.e.m.j.internal.DownloadSourcesJob - Downloaded javadoc for com.zaxxer:HikariCP:5.0.1
2024-01-11 00:27:58,648 [Worker-19: Download sources and javadoc] INFO  o.e.m.c.i.e.AbstractTransferListenerAdapter - Downloading https://repo.maven.apache.org/maven2/org/springframework/spring-jdbc/6.1.2/spring-jdbc-6.1.2-javadoc.jar
2024-01-11 00:27:58,743 [Worker-19: Download sources and javadoc] INFO  o.e.m.c.i.e.AbstractTransferListenerAdapter - Downloaded https://repo.maven.apache.org/maven2/org/springframework/spring-jdbc/6.1.2/spring-jdbc-6.1.2-javadoc.jar
2024-01-11 00:27:58,747 [Worker-19: Download sources and javadoc] INFO  o.e.m.j.internal.DownloadSourcesJob - Downloaded javadoc for org.springframework:spring-jdbc:6.1.2
2024-01-11 00:27:58,787 [Worker-19: Download sources and javadoc] INFO  o.e.m.c.i.e.AbstractTransferListenerAdapter - Downloading https://repo.maven.apache.org/maven2/org/hibernate/orm/hibernate-core/6.4.1.Final/hibernate-core-6.4.1.Final-javadoc.jar
2024-01-11 00:27:59,246 [Worker-19: Download sources and javadoc] INFO  o.e.m.c.i.e.AbstractTransferListenerAdapter - Downloaded https://repo.maven.apache.org/maven2/org/hibernate/orm/hibernate-core/6.4.1.Final/hibernate-core-6.4.1.Final-javadoc.jar
2024-01-11 00:27:59,252 [Worker-19: Download sources and javadoc] INFO  o.e.m.j.internal.DownloadSourcesJob - Downloaded javadoc for org.hibernate.orm:hibernate-core:6.4.1.Final
2024-01-11 00:27:59,305 [Worker-19: Download sources and javadoc] INFO  o.e.m.c.i.e.AbstractTransferListenerAdapter - Downloading https://repo.maven.apache.org/maven2/jakarta/persistence/jakarta.persistence-api/3.1.0/jakarta.persistence-api-3.1.0-javadoc.jar
2024-01-11 00:27:59,367 [Worker-19: Download sources and javadoc] INFO  o.e.m.c.i.e.AbstractTransferListenerAdapter - Downloaded https://repo.maven.apache.org/maven2/jakarta/persistence/jakarta.persistence-api/3.1.0/jakarta.persistence-api-3.1.0-javadoc.jar
2024-01-11 00:27:59,371 [Worker-19: Download sources and javadoc] INFO  o.e.m.j.internal.DownloadSourcesJob - Downloaded javadoc for jakarta.persistence:jakarta.persistence-api:3.1.0
2024-01-11 00:27:59,413 [Worker-19: Download sources and javadoc] INFO  o.e.m.c.i.e.AbstractTransferListenerAdapter - Downloading https://repo.maven.apache.org/maven2/jakarta/transaction/jakarta.transaction-api/2.0.1/jakarta.transaction-api-2.0.1-javadoc.jar
2024-01-11 00:27:59,453 [Worker-19: Download sources and javadoc] INFO  o.e.m.c.i.e.AbstractTransferListenerAdapter - Downloaded https://repo.maven.apache.org/maven2/jakarta/transaction/jakarta.transaction-api/2.0.1/jakarta.transaction-api-2.0.1-javadoc.jar
2024-01-11 00:27:59,458 [Worker-19: Download sources and javadoc] INFO  o.e.m.j.internal.DownloadSourcesJob - Downloaded javadoc for jakarta.transaction:jakarta.transaction-api:2.0.1
2024-01-11 00:27:59,499 [Worker-19: Download sources and javadoc] INFO  o.e.m.c.i.e.AbstractTransferListenerAdapter - Downloading https://repo.maven.apache.org/maven2/org/jboss/logging/jboss-logging/3.5.3.Final/jboss-logging-3.5.3.Final-javadoc.jar
2024-01-11 00:27:59,532 [Worker-19: Download sources and javadoc] INFO  o.e.m.c.i.e.AbstractTransferListenerAdapter - Downloaded https://repo.maven.apache.org/maven2/org/jboss/logging/jboss-logging/3.5.3.Final/jboss-logging-3.5.3.Final-javadoc.jar
2024-01-11 00:27:59,536 [Worker-19: Download sources and javadoc] INFO  o.e.m.j.internal.DownloadSourcesJob - Downloaded javadoc for org.jboss.logging:jboss-logging:3.5.3.Final
2024-01-11 00:27:59,593 [Worker-19: Download sources and javadoc] INFO  o.e.m.c.i.e.AbstractTransferListenerAdapter - Downloading https://repo.maven.apache.org/maven2/org/hibernate/common/hibernate-commons-annotations/6.0.6.Final/hibernate-commons-annotations-6.0.6.Final-javadoc.jar
2024-01-11 00:27:59,624 [Worker-19: Download sources and javadoc] INFO  o.e.m.c.i.e.AbstractTransferListenerAdapter - Downloaded https://repo.maven.apache.org/maven2/org/hibernate/common/hibernate-commons-annotations/6.0.6.Final/hibernate-commons-annotations-6.0.6.Final-javadoc.jar
2024-01-11 00:27:59,629 [Worker-19: Download sources and javadoc] INFO  o.e.m.j.internal.DownloadSourcesJob - Downloaded javadoc for org.hibernate.common:hibernate-commons-annotations:6.0.6.Final
2024-01-11 00:27:59,687 [Worker-19: Download sources and javadoc] INFO  o.e.m.c.i.e.AbstractTransferListenerAdapter - Downloading https://repo.maven.apache.org/maven2/io/smallrye/jandex/3.1.2/jandex-3.1.2-javadoc.jar
2024-01-11 00:27:59,734 [Worker-19: Download sources and javadoc] INFO  o.e.m.c.i.e.AbstractTransferListenerAdapter - Downloaded https://repo.maven.apache.org/maven2/io/smallrye/jandex/3.1.2/jandex-3.1.2-javadoc.jar
2024-01-11 00:27:59,739 [Worker-19: Download sources and javadoc] INFO  o.e.m.j.internal.DownloadSourcesJob - Downloaded javadoc for io.smallrye:jandex:3.1.2
2024-01-11 00:27:59,779 [Worker-19: Download sources and javadoc] INFO  o.e.m.c.i.e.AbstractTransferListenerAdapter - Downloading https://repo.maven.apache.org/maven2/com/fasterxml/classmate/1.6.0/classmate-1.6.0-javadoc.jar
2024-01-11 00:27:59,810 [Worker-19: Download sources and javadoc] INFO  o.e.m.c.i.e.AbstractTransferListenerAdapter - Downloaded https://repo.maven.apache.org/maven2/com/fasterxml/classmate/1.6.0/classmate-1.6.0-javadoc.jar
2024-01-11 00:27:59,814 [Worker-19: Download sources and javadoc] INFO  o.e.m.j.internal.DownloadSourcesJob - Downloaded javadoc for com.fasterxml:classmate:1.6.0
2024-01-11 00:27:59,861 [Worker-19: Download sources and javadoc] INFO  o.e.m.c.i.e.AbstractTransferListenerAdapter - Downloading https://repo.maven.apache.org/maven2/org/glassfish/jaxb/jaxb-runtime/4.0.4/jaxb-runtime-4.0.4-javadoc.jar
2024-01-11 00:27:59,923 [Worker-19: Download sources and javadoc] INFO  o.e.m.c.i.e.AbstractTransferListenerAdapter - Downloaded https://repo.maven.apache.org/maven2/org/glassfish/jaxb/jaxb-runtime/4.0.4/jaxb-runtime-4.0.4-javadoc.jar
2024-01-11 00:27:59,928 [Worker-19: Download sources and javadoc] INFO  o.e.m.j.internal.DownloadSourcesJob - Downloaded javadoc for org.glassfish.jaxb:jaxb-runtime:4.0.4
2024-01-11 00:27:59,964 [Worker-19: Download sources and javadoc] INFO  o.e.m.c.i.e.AbstractTransferListenerAdapter - Downloading https://repo.maven.apache.org/maven2/org/glassfish/jaxb/jaxb-core/4.0.4/jaxb-core-4.0.4-javadoc.jar
2024-01-11 00:28:00,006 [Worker-19: Download sources and javadoc] INFO  o.e.m.c.i.e.AbstractTransferListenerAdapter - Downloaded https://repo.maven.apache.org/maven2/org/glassfish/jaxb/jaxb-core/4.0.4/jaxb-core-4.0.4-javadoc.jar
2024-01-11 00:28:00,010 [Worker-19: Download sources and javadoc] INFO  o.e.m.j.internal.DownloadSourcesJob - Downloaded javadoc for org.glassfish.jaxb:jaxb-core:4.0.4
2024-01-11 00:28:00,044 [Worker-19: Download sources and javadoc] INFO  o.e.m.c.i.e.AbstractTransferListenerAdapter - Downloading https://repo.maven.apache.org/maven2/org/eclipse/angus/angus-activation/2.0.1/angus-activation-2.0.1-javadoc.jar
2024-01-11 00:28:00,075 [Worker-19: Download sources and javadoc] INFO  o.e.m.c.i.e.AbstractTransferListenerAdapter - Downloaded https://repo.maven.apache.org/maven2/org/eclipse/angus/angus-activation/2.0.1/angus-activation-2.0.1-javadoc.jar
2024-01-11 00:28:00,078 [Worker-19: Download sources and javadoc] INFO  o.e.m.j.internal.DownloadSourcesJob - Downloaded javadoc for org.eclipse.angus:angus-activation:2.0.1
2024-01-11 00:28:00,115 [Worker-19: Download sources and javadoc] INFO  o.e.m.c.i.e.AbstractTransferListenerAdapter - Downloading https://repo.maven.apache.org/maven2/org/glassfish/jaxb/txw2/4.0.4/txw2-4.0.4-javadoc.jar
2024-01-11 00:28:00,151 [Worker-19: Download sources and javadoc] INFO  o.e.m.c.i.e.AbstractTransferListenerAdapter - Downloaded https://repo.maven.apache.org/maven2/org/glassfish/jaxb/txw2/4.0.4/txw2-4.0.4-javadoc.jar
2024-01-11 00:28:00,160 [Worker-19: Download sources and javadoc] INFO  o.e.m.j.internal.DownloadSourcesJob - Downloaded javadoc for org.glassfish.jaxb:txw2:4.0.4
2024-01-11 00:28:00,197 [Worker-19: Download sources and javadoc] INFO  o.e.m.c.i.e.AbstractTransferListenerAdapter - Downloading https://repo.maven.apache.org/maven2/com/sun/istack/istack-commons-runtime/4.1.2/istack-commons-runtime-4.1.2-javadoc.jar
2024-01-11 00:28:00,228 [Worker-19: Download sources and javadoc] INFO  o.e.m.c.i.e.AbstractTransferListenerAdapter - Downloaded https://repo.maven.apache.org/maven2/com/sun/istack/istack-commons-runtime/4.1.2/istack-commons-runtime-4.1.2-javadoc.jar
2024-01-11 00:28:00,231 [Worker-19: Download sources and javadoc] INFO  o.e.m.j.internal.DownloadSourcesJob - Downloaded javadoc for com.sun.istack:istack-commons-runtime:4.1.2
2024-01-11 00:28:00,271 [Worker-19: Download sources and javadoc] INFO  o.e.m.c.i.e.AbstractTransferListenerAdapter - Downloading https://repo.maven.apache.org/maven2/jakarta/inject/jakarta.inject-api/2.0.1/jakarta.inject-api-2.0.1-javadoc.jar
2024-01-11 00:28:00,302 [Worker-19: Download sources and javadoc] INFO  o.e.m.c.i.e.AbstractTransferListenerAdapter - Downloaded https://repo.maven.apache.org/maven2/jakarta/inject/jakarta.inject-api/2.0.1/jakarta.inject-api-2.0.1-javadoc.jar
2024-01-11 00:28:00,305 [Worker-19: Download sources and javadoc] INFO  o.e.m.j.internal.DownloadSourcesJob - Downloaded javadoc for jakarta.inject:jakarta.inject-api:2.0.1
2024-01-11 00:28:00,348 [Worker-19: Download sources and javadoc] INFO  o.e.m.c.i.e.AbstractTransferListenerAdapter - Downloading https://repo.maven.apache.org/maven2/org/antlr/antlr4-runtime/4.13.0/antlr4-runtime-4.13.0-javadoc.jar
2024-01-11 00:28:00,400 [Worker-19: Download sources and javadoc] INFO  o.e.m.c.i.e.AbstractTransferListenerAdapter - Downloaded https://repo.maven.apache.org/maven2/org/antlr/antlr4-runtime/4.13.0/antlr4-runtime-4.13.0-javadoc.jar
2024-01-11 00:28:00,408 [Worker-19: Download sources and javadoc] INFO  o.e.m.j.internal.DownloadSourcesJob - Downloaded javadoc for org.antlr:antlr4-runtime:4.13.0
2024-01-11 00:28:00,454 [Worker-19: Download sources and javadoc] INFO  o.e.m.c.i.e.AbstractTransferListenerAdapter - Downloading https://repo.maven.apache.org/maven2/org/springframework/data/spring-data-jpa/3.2.1/spring-data-jpa-3.2.1-javadoc.jar
2024-01-11 00:28:00,497 [Worker-19: Download sources and javadoc] INFO  o.e.m.c.i.e.AbstractTransferListenerAdapter - Downloaded https://repo.maven.apache.org/maven2/org/springframework/data/spring-data-jpa/3.2.1/spring-data-jpa-3.2.1-javadoc.jar
2024-01-11 00:28:00,507 [Worker-19: Download sources and javadoc] INFO  o.e.m.j.internal.DownloadSourcesJob - Downloaded javadoc for org.springframework.data:spring-data-jpa:3.2.1
2024-01-11 00:28:00,547 [Worker-19: Download sources and javadoc] INFO  o.e.m.c.i.e.AbstractTransferListenerAdapter - Downloading https://repo.maven.apache.org/maven2/org/springframework/data/spring-data-commons/3.2.1/spring-data-commons-3.2.1-javadoc.jar
2024-01-11 00:28:00,632 [Worker-19: Download sources and javadoc] INFO  o.e.m.c.i.e.AbstractTransferListenerAdapter - Downloaded https://repo.maven.apache.org/maven2/org/springframework/data/spring-data-commons/3.2.1/spring-data-commons-3.2.1-javadoc.jar
2024-01-11 00:28:00,636 [Worker-19: Download sources and javadoc] INFO  o.e.m.j.internal.DownloadSourcesJob - Downloaded javadoc for org.springframework.data:spring-data-commons:3.2.1
2024-01-11 00:28:00,686 [Worker-19: Download sources and javadoc] INFO  o.e.m.c.i.e.AbstractTransferListenerAdapter - Downloading https://repo.maven.apache.org/maven2/org/springframework/spring-orm/6.1.2/spring-orm-6.1.2-javadoc.jar
2024-01-11 00:28:00,720 [Worker-19: Download sources and javadoc] INFO  o.e.m.c.i.e.AbstractTransferListenerAdapter - Downloaded https://repo.maven.apache.org/maven2/org/springframework/spring-orm/6.1.2/spring-orm-6.1.2-javadoc.jar
2024-01-11 00:28:00,725 [Worker-19: Download sources and javadoc] INFO  o.e.m.j.internal.DownloadSourcesJob - Downloaded javadoc for org.springframework:spring-orm:6.1.2
2024-01-11 00:28:00,760 [Worker-19: Download sources and javadoc] INFO  o.e.m.c.i.e.AbstractTransferListenerAdapter - Downloading https://repo.maven.apache.org/maven2/org/springframework/spring-tx/6.1.2/spring-tx-6.1.2-javadoc.jar
2024-01-11 00:28:00,806 [Worker-19: Download sources and javadoc] INFO  o.e.m.c.i.e.AbstractTransferListenerAdapter - Downloaded https://repo.maven.apache.org/maven2/org/springframework/spring-tx/6.1.2/spring-tx-6.1.2-javadoc.jar
2024-01-11 00:28:00,810 [Worker-19: Download sources and javadoc] INFO  o.e.m.j.internal.DownloadSourcesJob - Downloaded javadoc for org.springframework:spring-tx:6.1.2
2024-01-11 00:28:00,851 [Worker-19: Download sources and javadoc] INFO  o.e.m.c.i.e.AbstractTransferListenerAdapter - Downloading https://repo.maven.apache.org/maven2/org/springframework/spring-aspects/6.1.2/spring-aspects-6.1.2-javadoc.jar
2024-01-11 00:28:00,871 [Worker-19: Download sources and javadoc] INFO  o.e.m.c.i.e.AbstractTransferListenerAdapter - Downloaded https://repo.maven.apache.org/maven2/org/springframework/spring-aspects/6.1.2/spring-aspects-6.1.2-javadoc.jar
2024-01-11 00:28:00,877 [Worker-19: Download sources and javadoc] INFO  o.e.m.j.internal.DownloadSourcesJob - Downloaded javadoc for org.springframework:spring-aspects:6.1.2
2024-01-11 00:31:29,559 [Worker-28: Building] INFO  o.a.m.s.f.DefaultMavenResourcesFiltering - Copying 1 resource from src\main\resources to target\classes
2024-01-11 00:31:29,582 [Worker-28: Building] INFO  o.a.m.s.f.DefaultMavenResourcesFiltering - Copying 0 resource from src\main\resources to target\classes
2024-01-11 00:31:29,585 [Worker-28: Building] INFO  o.a.m.s.f.DefaultMavenResourcesFiltering - skip non existing resourceDirectory C:\Users\May\Downloads\Enviar\src\test\resources
2024-01-11 00:40:38,621 [Worker-28: Building] INFO  o.a.m.s.f.DefaultMavenResourcesFiltering - Copying 1 resource from src\main\resources to target\classes
2024-01-11 00:40:38,627 [Worker-28: Building] INFO  o.a.m.s.f.DefaultMavenResourcesFiltering - Copying 0 resource from src\main\resources to target\classes
2024-01-11 00:40:38,629 [Worker-28: Building] INFO  o.a.m.s.f.DefaultMavenResourcesFiltering - skip non existing resourceDirectory C:\Users\May\Downloads\Enviar\src\test\resources
2024-01-11 00:42:30,670 [Worker-30: Building] INFO  o.a.m.s.f.DefaultMavenResourcesFiltering - Copying 1 resource from src\main\resources to target\classes
2024-01-11 00:42:30,675 [Worker-30: Building] INFO  o.a.m.s.f.DefaultMavenResourcesFiltering - Copying 0 resource from src\main\resources to target\classes
2024-01-11 00:42:30,678 [Worker-30: Building] INFO  o.a.m.s.f.DefaultMavenResourcesFiltering - skip non existing resourceDirectory C:\Users\May\Downloads\Enviar\src\test\resources
2024-01-11 00:45:34,083 [Start Help Server] INFO  org.eclipse.jetty.server.Server - jetty-12.0.3; built: 2023-10-27T03:25:22.284Z; git: a873259fd5af141dedaa6c7fa8fe8fbdedce0d61; jvm 21.0.1+12-LTS-29
2024-01-11 00:45:34,126 [Start Help Server] INFO  o.e.j.server.handler.ContextHandler - Started oeje8n.ContextHandler$CoreContextHandler@3ba38fc0{/help,/help,b=null,a=AVAILABLE,h=oeje8n.ContextHandler$CoreContextHandler$CoreToNestedHandler@5da3aa95{STARTED}}
2024-01-11 00:45:34,126 [Start Help Server] INFO  o.e.j.s.DefaultSessionIdManager - Session workerName=node0
2024-01-11 00:45:34,142 [Start Help Server] INFO  o.e.jetty.server.AbstractConnector - Started ServerConnector@4bbb637{HTTP/1.1, (http/1.1)}{127.0.0.1:64538}
2024-01-11 00:45:34,153 [Start Help Server] INFO  org.eclipse.jetty.server.Server - Started oejs.Server@6b02d017{STARTING}[12.0.3,sto=0] @1895875ms
2024-01-11 00:45:52,933 [Worker-30: Building] INFO  o.a.m.s.f.DefaultMavenResourcesFiltering - Copying 1 resource from src\main\resources to target\classes
2024-01-11 00:45:52,937 [Worker-30: Building] INFO  o.a.m.s.f.DefaultMavenResourcesFiltering - Copying 0 resource from src\main\resources to target\classes
2024-01-11 00:45:52,939 [Worker-30: Building] INFO  o.a.m.s.f.DefaultMavenResourcesFiltering - skip non existing resourceDirectory C:\Users\May\Downloads\Enviar\src\test\resources
2024-01-11 02:50:20,520 [Worker-54: Building] INFO  o.a.m.s.f.DefaultMavenResourcesFiltering - Copying 1 resource from src\main\resources to target\classes
2024-01-11 02:50:20,536 [Worker-54: Building] INFO  o.a.m.s.f.DefaultMavenResourcesFiltering - Copying 0 resource from src\main\resources to target\classes
2024-01-11 02:50:20,539 [Worker-54: Building] INFO  o.a.m.s.f.DefaultMavenResourcesFiltering - skip non existing resourceDirectory C:\Users\May\Downloads\Enviar\src\test\resources
2024-01-11 03:02:23,808 [Worker-55: Building] INFO  o.a.m.s.f.DefaultMavenResourcesFiltering - Copying 1 resource from src\main\resources to target\classes
2024-01-11 03:02:23,815 [Worker-55: Building] INFO  o.a.m.s.f.DefaultMavenResourcesFiltering - Copying 0 resource from src\main\resources to target\classes
2024-01-11 03:02:23,818 [Worker-55: Building] INFO  o.a.m.s.f.DefaultMavenResourcesFiltering - skip non existing resourceDirectory C:\Users\May\Downloads\Enviar\src\test\resources
2024-01-11 03:10:41,246 [Worker-59: Building] INFO  o.a.m.s.f.DefaultMavenResourcesFiltering - Copying 1 resource from src\main\resources to target\classes
2024-01-11 03:10:41,262 [Worker-59: Building] INFO  o.a.m.s.f.DefaultMavenResourcesFiltering - Copying 0 resource from src\main\resources to target\classes
2024-01-11 03:10:41,264 [Worker-59: Building] INFO  o.a.m.s.f.DefaultMavenResourcesFiltering - skip non existing resourceDirectory C:\Users\May\Downloads\Enviar\src\test\resources
2024-01-12 03:28:01,811 [Worker-0: Loading available Gradle versions] INFO  o.e.b.c.i.u.g.PublishedGradleVersions - Gradle version information cache is out-of-date. Trying to update.
2024-01-12 22:41:58,151 [Worker-5: Loading available Gradle versions] INFO  o.e.b.c.i.u.g.PublishedGradleVersions - Gradle version information cache is up-to-date. Trying to read.
2024-01-12 23:17:00,864 [Worker-22: Building] INFO  o.a.m.s.f.DefaultMavenResourcesFiltering - Copying 1 resource from src\main\resources to target\classes
2024-01-12 23:17:00,890 [Worker-22: Building] INFO  o.a.m.s.f.DefaultMavenResourcesFiltering - Copying 0 resource from src\main\resources to target\classes
2024-01-12 23:17:00,895 [Worker-22: Building] INFO  o.a.m.s.f.DefaultMavenResourcesFiltering - skip non existing resourceDirectory C:\Users\May\Downloads\Enviar\src\test\resources
2024-01-12 23:17:02,084 [Worker-22: Building] INFO  o.a.m.s.f.DefaultMavenResourcesFiltering - Copying 1 resource from src\main\resources to target\classes
2024-01-12 23:17:02,094 [Worker-22: Building] INFO  o.a.m.s.f.DefaultMavenResourcesFiltering - Copying 0 resource from src\main\resources to target\classes
2024-01-12 23:17:02,097 [Worker-22: Building] INFO  o.a.m.s.f.DefaultMavenResourcesFiltering - skip non existing resourceDirectory C:\Users\May\Downloads\Pedir\src\test\resources
2024-01-12 23:18:05,122 [Worker-24: Building] INFO  o.a.m.s.f.DefaultMavenResourcesFiltering - Copying 1 resource from src\main\resources to target\classes
2024-01-12 23:18:05,125 [Worker-24: Building] INFO  o.a.m.s.f.DefaultMavenResourcesFiltering - Copying 0 resource from src\main\resources to target\classes
2024-01-12 23:18:05,128 [Worker-24: Building] INFO  o.a.m.s.f.DefaultMavenResourcesFiltering - skip non existing resourceDirectory C:\Users\May\Downloads\Enviar\src\test\resources
2024-01-12 23:18:10,474 [Worker-24: Building] INFO  o.a.m.s.f.DefaultMavenResourcesFiltering - Copying 1 resource from src\main\resources to target\classes
2024-01-12 23:18:10,478 [Worker-24: Building] INFO  o.a.m.s.f.DefaultMavenResourcesFiltering - Copying 0 resource from src\main\resources to target\classes
2024-01-12 23:18:10,480 [Worker-24: Building] INFO  o.a.m.s.f.DefaultMavenResourcesFiltering - skip non existing resourceDirectory C:\Users\May\Downloads\Enviar\src\test\resources
2024-01-12 23:20:26,460 [Start Help Server] INFO  org.eclipse.jetty.server.Server - jetty-12.0.3; built: 2023-10-27T03:25:22.284Z; git: a873259fd5af141dedaa6c7fa8fe8fbdedce0d61; jvm 21.0.1+12-LTS-29
2024-01-12 23:20:26,507 [Start Help Server] INFO  o.e.j.server.handler.ContextHandler - Started oeje8n.ContextHandler$CoreContextHandler@911d21d{/help,/help,b=null,a=AVAILABLE,h=oeje8n.ContextHandler$CoreContextHandler$CoreToNestedHandler@61d52817{STARTED}}
2024-01-12 23:20:26,507 [Start Help Server] INFO  o.e.j.s.DefaultSessionIdManager - Session workerName=node0
2024-01-12 23:20:26,529 [Start Help Server] INFO  o.e.jetty.server.AbstractConnector - Started ServerConnector@1988b2b3{HTTP/1.1, (http/1.1)}{127.0.0.1:58011}
2024-01-12 23:20:26,549 [Start Help Server] INFO  org.eclipse.jetty.server.Server - Started oejs.Server@27399bb9{STARTING}[12.0.3,sto=0] @2318105ms
2024-01-13 00:36:15,234 [Worker-46: Launching main] INFO  o.a.m.s.f.DefaultMavenResourcesFiltering - Copying 1 resource from src\main\resources to target\classes
2024-01-13 00:36:15,252 [Worker-46: Launching main] INFO  o.a.m.s.f.DefaultMavenResourcesFiltering - Copying 0 resource from src\main\resources to target\classes
2024-01-13 00:36:15,257 [Worker-46: Launching main] INFO  o.a.m.s.f.DefaultMavenResourcesFiltering - skip non existing resourceDirectory C:\Users\May\Downloads\Enviar\src\test\resources
2024-01-13 00:37:05,329 [Worker-43: Building] INFO  o.a.m.s.f.DefaultMavenResourcesFiltering - Copying 1 resource from src\main\resources to target\classes
2024-01-13 00:37:05,336 [Worker-43: Building] INFO  o.a.m.s.f.DefaultMavenResourcesFiltering - Copying 0 resource from src\main\resources to target\classes
2024-01-13 00:37:05,338 [Worker-43: Building] INFO  o.a.m.s.f.DefaultMavenResourcesFiltering - skip non existing resourceDirectory C:\Users\May\Downloads\Enviar\src\test\resources
2024-01-13 00:39:46,520 [Worker-48: Launching New_configuration] INFO  o.eclipse.m2e.core.internal.Bundles - getClasspathEntries(Bundle=org.eclipse.m2e.maven.runtime_3.9.500.20231113-2345 [295])
2024-01-13 00:39:46,521 [Worker-48: Launching New_configuration] INFO  o.eclipse.m2e.core.internal.Bundles - 	Entry: C:\Users\May\.p2\pool\plugins\org.eclipse.m2e.maven.runtime_3.9.500.20231113-2345
2024-01-13 00:39:46,521 [Worker-48: Launching New_configuration] INFO  o.eclipse.m2e.core.internal.Bundles - 	Entry: C:\Users\May\.p2\pool\plugins\org.eclipse.m2e.maven.runtime_3.9.500.20231113-2345\jars\aopalliance-1.0.jar
2024-01-13 00:39:46,521 [Worker-48: Launching New_configuration] INFO  o.eclipse.m2e.core.internal.Bundles - 	Entry: C:\Users\May\.p2\pool\plugins\org.eclipse.m2e.maven.runtime_3.9.500.20231113-2345\jars\guice-5.1.0.jar
2024-01-13 00:39:46,522 [Worker-48: Launching New_configuration] INFO  o.eclipse.m2e.core.internal.Bundles - 	Entry: C:\Users\May\.p2\pool\plugins\org.eclipse.m2e.maven.runtime_3.9.500.20231113-2345\jars\httpclient-4.5.14.jar
2024-01-13 00:39:46,522 [Worker-48: Launching New_configuration] INFO  o.eclipse.m2e.core.internal.Bundles - 	Entry: C:\Users\May\.p2\pool\plugins\org.eclipse.m2e.maven.runtime_3.9.500.20231113-2345\jars\httpcore-4.4.16.jar
2024-01-13 00:39:46,522 [Worker-48: Launching New_configuration] INFO  o.eclipse.m2e.core.internal.Bundles - 	Entry: C:\Users\May\.p2\pool\plugins\org.eclipse.m2e.maven.runtime_3.9.500.20231113-2345\jars\jansi-2.4.0.jar
2024-01-13 00:39:46,522 [Worker-48: Launching New_configuration] INFO  o.eclipse.m2e.core.internal.Bundles - 	Entry: C:\Users\May\.p2\pool\plugins\org.eclipse.m2e.maven.runtime_3.9.500.20231113-2345\jars\jcl-over-slf4j-1.7.36.jar
2024-01-13 00:39:46,522 [Worker-48: Launching New_configuration] INFO  o.eclipse.m2e.core.internal.Bundles - 	Entry: C:\Users\May\.p2\pool\plugins\org.eclipse.m2e.maven.runtime_3.9.500.20231113-2345\jars\maven-artifact-3.9.5.jar
2024-01-13 00:39:46,522 [Worker-48: Launching New_configuration] INFO  o.eclipse.m2e.core.internal.Bundles - 	Entry: C:\Users\May\.p2\pool\plugins\org.eclipse.m2e.maven.runtime_3.9.500.20231113-2345\jars\maven-builder-support-3.9.5.jar
2024-01-13 00:39:46,523 [Worker-48: Launching New_configuration] INFO  o.eclipse.m2e.core.internal.Bundles - 	Entry: C:\Users\May\.p2\pool\plugins\org.eclipse.m2e.maven.runtime_3.9.500.20231113-2345\jars\maven-compat-3.9.5.jar
2024-01-13 00:39:46,523 [Worker-48: Launching New_configuration] INFO  o.eclipse.m2e.core.internal.Bundles - 	Entry: C:\Users\May\.p2\pool\plugins\org.eclipse.m2e.maven.runtime_3.9.500.20231113-2345\jars\maven-core-3.9.5.jar
2024-01-13 00:39:46,523 [Worker-48: Launching New_configuration] INFO  o.eclipse.m2e.core.internal.Bundles - 	Entry: C:\Users\May\.p2\pool\plugins\org.eclipse.m2e.maven.runtime_3.9.500.20231113-2345\jars\maven-embedder-3.9.5.jar
2024-01-13 00:39:46,523 [Worker-48: Launching New_configuration] INFO  o.eclipse.m2e.core.internal.Bundles - 	Entry: C:\Users\May\.p2\pool\plugins\org.eclipse.m2e.maven.runtime_3.9.500.20231113-2345\jars\maven-model-3.9.5.jar
2024-01-13 00:39:46,523 [Worker-48: Launching New_configuration] INFO  o.eclipse.m2e.core.internal.Bundles - 	Entry: C:\Users\May\.p2\pool\plugins\org.eclipse.m2e.maven.runtime_3.9.500.20231113-2345\jars\maven-model-builder-3.9.5.jar
2024-01-13 00:39:46,523 [Worker-48: Launching New_configuration] INFO  o.eclipse.m2e.core.internal.Bundles - 	Entry: C:\Users\May\.p2\pool\plugins\org.eclipse.m2e.maven.runtime_3.9.500.20231113-2345\jars\maven-plugin-api-3.9.5.jar
2024-01-13 00:39:46,524 [Worker-48: Launching New_configuration] INFO  o.eclipse.m2e.core.internal.Bundles - 	Entry: C:\Users\May\.p2\pool\plugins\org.eclipse.m2e.maven.runtime_3.9.500.20231113-2345\jars\maven-repository-metadata-3.9.5.jar
2024-01-13 00:39:46,524 [Worker-48: Launching New_configuration] INFO  o.eclipse.m2e.core.internal.Bundles - 	Entry: C:\Users\May\.p2\pool\plugins\org.eclipse.m2e.maven.runtime_3.9.500.20231113-2345\jars\maven-resolver-api-1.9.16.jar
2024-01-13 00:39:46,524 [Worker-48: Launching New_configuration] INFO  o.eclipse.m2e.core.internal.Bundles - 	Entry: C:\Users\May\.p2\pool\plugins\org.eclipse.m2e.maven.runtime_3.9.500.20231113-2345\jars\maven-resolver-connector-basic-1.9.16.jar
2024-01-13 00:39:46,524 [Worker-48: Launching New_configuration] INFO  o.eclipse.m2e.core.internal.Bundles - 	Entry: C:\Users\May\.p2\pool\plugins\org.eclipse.m2e.maven.runtime_3.9.500.20231113-2345\jars\maven-resolver-impl-1.9.16.jar
2024-01-13 00:39:46,524 [Worker-48: Launching New_configuration] INFO  o.eclipse.m2e.core.internal.Bundles - 	Entry: C:\Users\May\.p2\pool\plugins\org.eclipse.m2e.maven.runtime_3.9.500.20231113-2345\jars\maven-resolver-named-locks-1.9.16.jar
2024-01-13 00:39:46,524 [Worker-48: Launching New_configuration] INFO  o.eclipse.m2e.core.internal.Bundles - 	Entry: C:\Users\May\.p2\pool\plugins\org.eclipse.m2e.maven.runtime_3.9.500.20231113-2345\jars\maven-resolver-provider-3.9.5.jar
2024-01-13 00:39:46,525 [Worker-48: Launching New_configuration] INFO  o.eclipse.m2e.core.internal.Bundles - 	Entry: C:\Users\May\.p2\pool\plugins\org.eclipse.m2e.maven.runtime_3.9.500.20231113-2345\jars\maven-resolver-spi-1.9.16.jar
2024-01-13 00:39:46,525 [Worker-48: Launching New_configuration] INFO  o.eclipse.m2e.core.internal.Bundles - 	Entry: C:\Users\May\.p2\pool\plugins\org.eclipse.m2e.maven.runtime_3.9.500.20231113-2345\jars\maven-resolver-transport-file-1.9.16.jar
2024-01-13 00:39:46,525 [Worker-48: Launching New_configuration] INFO  o.eclipse.m2e.core.internal.Bundles - 	Entry: C:\Users\May\.p2\pool\plugins\org.eclipse.m2e.maven.runtime_3.9.500.20231113-2345\jars\maven-resolver-transport-http-1.9.16.jar
2024-01-13 00:39:46,525 [Worker-48: Launching New_configuration] INFO  o.eclipse.m2e.core.internal.Bundles - 	Entry: C:\Users\May\.p2\pool\plugins\org.eclipse.m2e.maven.runtime_3.9.500.20231113-2345\jars\maven-resolver-transport-wagon-1.9.16.jar
2024-01-13 00:39:46,525 [Worker-48: Launching New_configuration] INFO  o.eclipse.m2e.core.internal.Bundles - 	Entry: C:\Users\May\.p2\pool\plugins\org.eclipse.m2e.maven.runtime_3.9.500.20231113-2345\jars\maven-resolver-util-1.9.16.jar
2024-01-13 00:39:46,525 [Worker-48: Launching New_configuration] INFO  o.eclipse.m2e.core.internal.Bundles - 	Entry: C:\Users\May\.p2\pool\plugins\org.eclipse.m2e.maven.runtime_3.9.500.20231113-2345\jars\maven-settings-3.9.5.jar
2024-01-13 00:39:46,526 [Worker-48: Launching New_configuration] INFO  o.eclipse.m2e.core.internal.Bundles - 	Entry: C:\Users\May\.p2\pool\plugins\org.eclipse.m2e.maven.runtime_3.9.500.20231113-2345\jars\maven-settings-builder-3.9.5.jar
2024-01-13 00:39:46,526 [Worker-48: Launching New_configuration] INFO  o.eclipse.m2e.core.internal.Bundles - 	Entry: C:\Users\May\.p2\pool\plugins\org.eclipse.m2e.maven.runtime_3.9.500.20231113-2345\jars\maven-shared-utils-3.3.4.jar
2024-01-13 00:39:46,526 [Worker-48: Launching New_configuration] INFO  o.eclipse.m2e.core.internal.Bundles - 	Entry: C:\Users\May\.p2\pool\plugins\org.eclipse.m2e.maven.runtime_3.9.500.20231113-2345\jars\org.eclipse.sisu.inject-0.3.5.jar
2024-01-13 00:39:46,526 [Worker-48: Launching New_configuration] INFO  o.eclipse.m2e.core.internal.Bundles - 	Entry: C:\Users\May\.p2\pool\plugins\org.eclipse.m2e.maven.runtime_3.9.500.20231113-2345\jars\org.eclipse.sisu.plexus-0.3.5.jar
2024-01-13 00:39:46,526 [Worker-48: Launching New_configuration] INFO  o.eclipse.m2e.core.internal.Bundles - 	Entry: C:\Users\May\.p2\pool\plugins\org.eclipse.m2e.maven.runtime_3.9.500.20231113-2345\jars\plexus-build-api-0.0.7.jar
2024-01-13 00:39:46,526 [Worker-48: Launching New_configuration] INFO  o.eclipse.m2e.core.internal.Bundles - 	Entry: C:\Users\May\.p2\pool\plugins\org.eclipse.m2e.maven.runtime_3.9.500.20231113-2345\jars\plexus-cipher-2.0.jar
2024-01-13 00:39:46,527 [Worker-48: Launching New_configuration] INFO  o.eclipse.m2e.core.internal.Bundles - 	Entry: C:\Users\May\.p2\pool\plugins\org.eclipse.m2e.maven.runtime_3.9.500.20231113-2345\jars\plexus-classworlds-2.7.0.jar
2024-01-13 00:39:46,527 [Worker-48: Launching New_configuration] INFO  o.eclipse.m2e.core.internal.Bundles - 	Entry: C:\Users\May\.p2\pool\plugins\org.eclipse.m2e.maven.runtime_3.9.500.20231113-2345\jars\plexus-component-annotations-2.1.0.jar
2024-01-13 00:39:46,527 [Worker-48: Launching New_configuration] INFO  o.eclipse.m2e.core.internal.Bundles - 	Entry: C:\Users\May\.p2\pool\plugins\org.eclipse.m2e.maven.runtime_3.9.500.20231113-2345\jars\plexus-interpolation-1.26.jar
2024-01-13 00:39:46,527 [Worker-48: Launching New_configuration] INFO  o.eclipse.m2e.core.internal.Bundles - 	Entry: C:\Users\May\.p2\pool\plugins\org.eclipse.m2e.maven.runtime_3.9.500.20231113-2345\jars\plexus-sec-dispatcher-2.0.jar
2024-01-13 00:39:46,527 [Worker-48: Launching New_configuration] INFO  o.eclipse.m2e.core.internal.Bundles - 	Entry: C:\Users\May\.p2\pool\plugins\org.eclipse.m2e.maven.runtime_3.9.500.20231113-2345\jars\plexus-utils-3.5.1.jar
2024-01-13 00:39:46,527 [Worker-48: Launching New_configuration] INFO  o.eclipse.m2e.core.internal.Bundles - 	Entry: C:\Users\May\.p2\pool\plugins\org.eclipse.m2e.maven.runtime_3.9.500.20231113-2345\jars\wagon-file-3.5.3.jar
2024-01-13 00:39:46,528 [Worker-48: Launching New_configuration] INFO  o.eclipse.m2e.core.internal.Bundles - 	Entry: C:\Users\May\.p2\pool\plugins\org.eclipse.m2e.maven.runtime_3.9.500.20231113-2345\jars\wagon-http-3.5.3.jar
2024-01-13 00:39:46,528 [Worker-48: Launching New_configuration] INFO  o.eclipse.m2e.core.internal.Bundles - 	Entry: C:\Users\May\.p2\pool\plugins\org.eclipse.m2e.maven.runtime_3.9.500.20231113-2345\jars\wagon-http-shared-3.5.3.jar
2024-01-13 00:39:46,528 [Worker-48: Launching New_configuration] INFO  o.eclipse.m2e.core.internal.Bundles - 	Entry: C:\Users\May\.p2\pool\plugins\org.eclipse.m2e.maven.runtime_3.9.500.20231113-2345\jars\wagon-provider-api-3.5.3.jar
2024-01-13 00:39:46,530 [Worker-48: Launching New_configuration] INFO  o.eclipse.m2e.core.internal.Bundles - getClasspathEntries(Bundle=com.google.guava_32.1.3.jre [10])
2024-01-13 00:39:46,530 [Worker-48: Launching New_configuration] INFO  o.eclipse.m2e.core.internal.Bundles - 	Entry: C:\Users\May\.p2\pool\plugins\com.google.guava_32.1.3.jre.jar
2024-01-13 00:39:46,530 [Worker-48: Launching New_configuration] INFO  o.eclipse.m2e.core.internal.Bundles - getClasspathEntries(Bundle=slf4j.api_2.0.9 [515])
2024-01-13 00:39:46,530 [Worker-48: Launching New_configuration] INFO  o.eclipse.m2e.core.internal.Bundles - 	Entry: C:\Users\May\.p2\pool\plugins\slf4j.api_2.0.9.jar
2024-01-13 00:39:46,530 [Worker-48: Launching New_configuration] INFO  o.eclipse.m2e.core.internal.Bundles - getClasspathEntries(Bundle=jakarta.inject.jakarta.inject-api_1.0.5 [22])
2024-01-13 00:39:46,531 [Worker-48: Launching New_configuration] INFO  o.eclipse.m2e.core.internal.Bundles - 	Entry: C:\Users\May\.p2\pool\plugins\jakarta.inject.jakarta.inject-api_1.0.5.jar
2024-01-13 00:39:46,531 [Worker-48: Launching New_configuration] INFO  o.eclipse.m2e.core.internal.Bundles - getClasspathEntries(Bundle=jakarta.annotation-api_1.3.5 [20])
2024-01-13 00:39:46,531 [Worker-48: Launching New_configuration] INFO  o.eclipse.m2e.core.internal.Bundles - 	Entry: C:\Users\May\.p2\pool\plugins\jakarta.annotation-api_1.3.5.jar
2024-01-13 00:39:46,531 [Worker-48: Launching New_configuration] INFO  o.eclipse.m2e.core.internal.Bundles - getClasspathEntries(Bundle=org.apache.commons.cli_1.6.0 [46])
2024-01-13 00:39:46,531 [Worker-48: Launching New_configuration] INFO  o.eclipse.m2e.core.internal.Bundles - 	Entry: C:\Users\May\.p2\pool\plugins\org.apache.commons.cli_1.6.0.jar
2024-01-13 00:39:46,531 [Worker-48: Launching New_configuration] INFO  o.eclipse.m2e.core.internal.Bundles - getClasspathEntries(Bundle=org.apache.commons.commons-codec_1.16.0 [48])
2024-01-13 00:39:46,532 [Worker-48: Launching New_configuration] INFO  o.eclipse.m2e.core.internal.Bundles - 	Entry: C:\Users\May\.p2\pool\plugins\org.apache.commons.commons-codec_1.16.0.jar
2024-01-13 00:39:46,532 [Worker-48: Launching New_configuration] INFO  o.eclipse.m2e.core.internal.Bundles - getClasspathEntries(Bundle=org.apache.commons.lang3_3.13.0 [53])
2024-01-13 00:39:46,532 [Worker-48: Launching New_configuration] INFO  o.eclipse.m2e.core.internal.Bundles - 	Entry: C:\Users\May\.p2\pool\plugins\org.apache.commons.lang3_3.13.0.jar
2024-01-13 00:39:46,532 [Worker-48: Launching New_configuration] INFO  o.eclipse.m2e.core.internal.Bundles - getClasspathEntries(Bundle=com.google.guava.failureaccess_1.0.2 [11])
2024-01-13 00:39:46,532 [Worker-48: Launching New_configuration] INFO  o.eclipse.m2e.core.internal.Bundles - 	Entry: C:\Users\May\.p2\pool\plugins\com.google.guava.failureaccess_1.0.2.jar
2024-01-13 00:39:46,534 [Worker-48: Launching New_configuration] INFO  o.e.m.i.launch.MavenLaunchDelegate - Run build in "C:\Users\May\Downloads\Enviar":
2024-01-13 00:39:46,534 [Worker-48: Launching New_configuration] INFO  o.e.m.i.launch.MavenLaunchDelegate -  mvn  -B -Dstyle.color=always clean install
2024-01-13 00:40:37,493 [Worker-51: Building] INFO  o.a.m.s.f.DefaultMavenResourcesFiltering - Copying 1 resource from src\main\resources to target\classes
2024-01-13 00:40:37,499 [Worker-51: Building] INFO  o.a.m.s.f.DefaultMavenResourcesFiltering - Copying 0 resource from src\main\resources to target\classes
2024-01-13 00:40:37,502 [Worker-51: Building] INFO  o.a.m.s.f.DefaultMavenResourcesFiltering - skip non existing resourceDirectory C:\Users\May\Downloads\Enviar\src\test\resources
2024-01-13 00:40:51,651 [Worker-48: Launching New_configuration] INFO  o.eclipse.m2e.core.internal.Bundles - getClasspathEntries(Bundle=org.eclipse.m2e.maven.runtime_3.9.500.20231113-2345 [295])
2024-01-13 00:40:51,652 [Worker-48: Launching New_configuration] INFO  o.eclipse.m2e.core.internal.Bundles - 	Entry: C:\Users\May\.p2\pool\plugins\org.eclipse.m2e.maven.runtime_3.9.500.20231113-2345
2024-01-13 00:40:51,652 [Worker-48: Launching New_configuration] INFO  o.eclipse.m2e.core.internal.Bundles - 	Entry: C:\Users\May\.p2\pool\plugins\org.eclipse.m2e.maven.runtime_3.9.500.20231113-2345\jars\aopalliance-1.0.jar
2024-01-13 00:40:51,652 [Worker-48: Launching New_configuration] INFO  o.eclipse.m2e.core.internal.Bundles - 	Entry: C:\Users\May\.p2\pool\plugins\org.eclipse.m2e.maven.runtime_3.9.500.20231113-2345\jars\guice-5.1.0.jar
2024-01-13 00:40:51,652 [Worker-48: Launching New_configuration] INFO  o.eclipse.m2e.core.internal.Bundles - 	Entry: C:\Users\May\.p2\pool\plugins\org.eclipse.m2e.maven.runtime_3.9.500.20231113-2345\jars\httpclient-4.5.14.jar
2024-01-13 00:40:51,652 [Worker-48: Launching New_configuration] INFO  o.eclipse.m2e.core.internal.Bundles - 	Entry: C:\Users\May\.p2\pool\plugins\org.eclipse.m2e.maven.runtime_3.9.500.20231113-2345\jars\httpcore-4.4.16.jar
2024-01-13 00:40:51,652 [Worker-48: Launching New_configuration] INFO  o.eclipse.m2e.core.internal.Bundles - 	Entry: C:\Users\May\.p2\pool\plugins\org.eclipse.m2e.maven.runtime_3.9.500.20231113-2345\jars\jansi-2.4.0.jar
2024-01-13 00:40:51,653 [Worker-48: Launching New_configuration] INFO  o.eclipse.m2e.core.internal.Bundles - 	Entry: C:\Users\May\.p2\pool\plugins\org.eclipse.m2e.maven.runtime_3.9.500.20231113-2345\jars\jcl-over-slf4j-1.7.36.jar
2024-01-13 00:40:51,653 [Worker-48: Launching New_configuration] INFO  o.eclipse.m2e.core.internal.Bundles - 	Entry: C:\Users\May\.p2\pool\plugins\org.eclipse.m2e.maven.runtime_3.9.500.20231113-2345\jars\maven-artifact-3.9.5.jar
2024-01-13 00:40:51,653 [Worker-48: Launching New_configuration] INFO  o.eclipse.m2e.core.internal.Bundles - 	Entry: C:\Users\May\.p2\pool\plugins\org.eclipse.m2e.maven.runtime_3.9.500.20231113-2345\jars\maven-builder-support-3.9.5.jar
2024-01-13 00:40:51,653 [Worker-48: Launching New_configuration] INFO  o.eclipse.m2e.core.internal.Bundles - 	Entry: C:\Users\May\.p2\pool\plugins\org.eclipse.m2e.maven.runtime_3.9.500.20231113-2345\jars\maven-compat-3.9.5.jar
2024-01-13 00:40:51,654 [Worker-48: Launching New_configuration] INFO  o.eclipse.m2e.core.internal.Bundles - 	Entry: C:\Users\May\.p2\pool\plugins\org.eclipse.m2e.maven.runtime_3.9.500.20231113-2345\jars\maven-core-3.9.5.jar
2024-01-13 00:40:51,654 [Worker-48: Launching New_configuration] INFO  o.eclipse.m2e.core.internal.Bundles - 	Entry: C:\Users\May\.p2\pool\plugins\org.eclipse.m2e.maven.runtime_3.9.500.20231113-2345\jars\maven-embedder-3.9.5.jar
2024-01-13 00:40:51,654 [Worker-48: Launching New_configuration] INFO  o.eclipse.m2e.core.internal.Bundles - 	Entry: C:\Users\May\.p2\pool\plugins\org.eclipse.m2e.maven.runtime_3.9.500.20231113-2345\jars\maven-model-3.9.5.jar
2024-01-13 00:40:51,654 [Worker-48: Launching New_configuration] INFO  o.eclipse.m2e.core.internal.Bundles - 	Entry: C:\Users\May\.p2\pool\plugins\org.eclipse.m2e.maven.runtime_3.9.500.20231113-2345\jars\maven-model-builder-3.9.5.jar
2024-01-13 00:40:51,654 [Worker-48: Launching New_configuration] INFO  o.eclipse.m2e.core.internal.Bundles - 	Entry: C:\Users\May\.p2\pool\plugins\org.eclipse.m2e.maven.runtime_3.9.500.20231113-2345\jars\maven-plugin-api-3.9.5.jar
2024-01-13 00:40:51,654 [Worker-48: Launching New_configuration] INFO  o.eclipse.m2e.core.internal.Bundles - 	Entry: C:\Users\May\.p2\pool\plugins\org.eclipse.m2e.maven.runtime_3.9.500.20231113-2345\jars\maven-repository-metadata-3.9.5.jar
2024-01-13 00:40:51,655 [Worker-48: Launching New_configuration] INFO  o.eclipse.m2e.core.internal.Bundles - 	Entry: C:\Users\May\.p2\pool\plugins\org.eclipse.m2e.maven.runtime_3.9.500.20231113-2345\jars\maven-resolver-api-1.9.16.jar
2024-01-13 00:40:51,655 [Worker-48: Launching New_configuration] INFO  o.eclipse.m2e.core.internal.Bundles - 	Entry: C:\Users\May\.p2\pool\plugins\org.eclipse.m2e.maven.runtime_3.9.500.20231113-2345\jars\maven-resolver-connector-basic-1.9.16.jar
2024-01-13 00:40:51,655 [Worker-48: Launching New_configuration] INFO  o.eclipse.m2e.core.internal.Bundles - 	Entry: C:\Users\May\.p2\pool\plugins\org.eclipse.m2e.maven.runtime_3.9.500.20231113-2345\jars\maven-resolver-impl-1.9.16.jar
2024-01-13 00:40:51,655 [Worker-48: Launching New_configuration] INFO  o.eclipse.m2e.core.internal.Bundles - 	Entry: C:\Users\May\.p2\pool\plugins\org.eclipse.m2e.maven.runtime_3.9.500.20231113-2345\jars\maven-resolver-named-locks-1.9.16.jar
2024-01-13 00:40:51,655 [Worker-48: Launching New_configuration] INFO  o.eclipse.m2e.core.internal.Bundles - 	Entry: C:\Users\May\.p2\pool\plugins\org.eclipse.m2e.maven.runtime_3.9.500.20231113-2345\jars\maven-resolver-provider-3.9.5.jar
2024-01-13 00:40:51,656 [Worker-48: Launching New_configuration] INFO  o.eclipse.m2e.core.internal.Bundles - 	Entry: C:\Users\May\.p2\pool\plugins\org.eclipse.m2e.maven.runtime_3.9.500.20231113-2345\jars\maven-resolver-spi-1.9.16.jar
2024-01-13 00:40:51,656 [Worker-48: Launching New_configuration] INFO  o.eclipse.m2e.core.internal.Bundles - 	Entry: C:\Users\May\.p2\pool\plugins\org.eclipse.m2e.maven.runtime_3.9.500.20231113-2345\jars\maven-resolver-transport-file-1.9.16.jar
2024-01-13 00:40:51,656 [Worker-48: Launching New_configuration] INFO  o.eclipse.m2e.core.internal.Bundles - 	Entry: C:\Users\May\.p2\pool\plugins\org.eclipse.m2e.maven.runtime_3.9.500.20231113-2345\jars\maven-resolver-transport-http-1.9.16.jar
2024-01-13 00:40:51,656 [Worker-48: Launching New_configuration] INFO  o.eclipse.m2e.core.internal.Bundles - 	Entry: C:\Users\May\.p2\pool\plugins\org.eclipse.m2e.maven.runtime_3.9.500.20231113-2345\jars\maven-resolver-transport-wagon-1.9.16.jar
2024-01-13 00:40:51,656 [Worker-48: Launching New_configuration] INFO  o.eclipse.m2e.core.internal.Bundles - 	Entry: C:\Users\May\.p2\pool\plugins\org.eclipse.m2e.maven.runtime_3.9.500.20231113-2345\jars\maven-resolver-util-1.9.16.jar
2024-01-13 00:40:51,656 [Worker-48: Launching New_configuration] INFO  o.eclipse.m2e.core.internal.Bundles - 	Entry: C:\Users\May\.p2\pool\plugins\org.eclipse.m2e.maven.runtime_3.9.500.20231113-2345\jars\maven-settings-3.9.5.jar
2024-01-13 00:40:51,656 [Worker-48: Launching New_configuration] INFO  o.eclipse.m2e.core.internal.Bundles - 	Entry: C:\Users\May\.p2\pool\plugins\org.eclipse.m2e.maven.runtime_3.9.500.20231113-2345\jars\maven-settings-builder-3.9.5.jar
2024-01-13 00:40:51,657 [Worker-48: Launching New_configuration] INFO  o.eclipse.m2e.core.internal.Bundles - 	Entry: C:\Users\May\.p2\pool\plugins\org.eclipse.m2e.maven.runtime_3.9.500.20231113-2345\jars\maven-shared-utils-3.3.4.jar
2024-01-13 00:40:51,657 [Worker-48: Launching New_configuration] INFO  o.eclipse.m2e.core.internal.Bundles - 	Entry: C:\Users\May\.p2\pool\plugins\org.eclipse.m2e.maven.runtime_3.9.500.20231113-2345\jars\org.eclipse.sisu.inject-0.3.5.jar
2024-01-13 00:40:51,657 [Worker-48: Launching New_configuration] INFO  o.eclipse.m2e.core.internal.Bundles - 	Entry: C:\Users\May\.p2\pool\plugins\org.eclipse.m2e.maven.runtime_3.9.500.20231113-2345\jars\org.eclipse.sisu.plexus-0.3.5.jar
2024-01-13 00:40:51,657 [Worker-48: Launching New_configuration] INFO  o.eclipse.m2e.core.internal.Bundles - 	Entry: C:\Users\May\.p2\pool\plugins\org.eclipse.m2e.maven.runtime_3.9.500.20231113-2345\jars\plexus-build-api-0.0.7.jar
2024-01-13 00:40:51,657 [Worker-48: Launching New_configuration] INFO  o.eclipse.m2e.core.internal.Bundles - 	Entry: C:\Users\May\.p2\pool\plugins\org.eclipse.m2e.maven.runtime_3.9.500.20231113-2345\jars\plexus-cipher-2.0.jar
2024-01-13 00:40:51,657 [Worker-48: Launching New_configuration] INFO  o.eclipse.m2e.core.internal.Bundles - 	Entry: C:\Users\May\.p2\pool\plugins\org.eclipse.m2e.maven.runtime_3.9.500.20231113-2345\jars\plexus-classworlds-2.7.0.jar
2024-01-13 00:40:51,657 [Worker-48: Launching New_configuration] INFO  o.eclipse.m2e.core.internal.Bundles - 	Entry: C:\Users\May\.p2\pool\plugins\org.eclipse.m2e.maven.runtime_3.9.500.20231113-2345\jars\plexus-component-annotations-2.1.0.jar
2024-01-13 00:40:51,657 [Worker-48: Launching New_configuration] INFO  o.eclipse.m2e.core.internal.Bundles - 	Entry: C:\Users\May\.p2\pool\plugins\org.eclipse.m2e.maven.runtime_3.9.500.20231113-2345\jars\plexus-interpolation-1.26.jar
2024-01-13 00:40:51,658 [Worker-48: Launching New_configuration] INFO  o.eclipse.m2e.core.internal.Bundles - 	Entry: C:\Users\May\.p2\pool\plugins\org.eclipse.m2e.maven.runtime_3.9.500.20231113-2345\jars\plexus-sec-dispatcher-2.0.jar
2024-01-13 00:40:51,658 [Worker-48: Launching New_configuration] INFO  o.eclipse.m2e.core.internal.Bundles - 	Entry: C:\Users\May\.p2\pool\plugins\org.eclipse.m2e.maven.runtime_3.9.500.20231113-2345\jars\plexus-utils-3.5.1.jar
2024-01-13 00:40:51,658 [Worker-48: Launching New_configuration] INFO  o.eclipse.m2e.core.internal.Bundles - 	Entry: C:\Users\May\.p2\pool\plugins\org.eclipse.m2e.maven.runtime_3.9.500.20231113-2345\jars\wagon-file-3.5.3.jar
2024-01-13 00:40:51,658 [Worker-48: Launching New_configuration] INFO  o.eclipse.m2e.core.internal.Bundles - 	Entry: C:\Users\May\.p2\pool\plugins\org.eclipse.m2e.maven.runtime_3.9.500.20231113-2345\jars\wagon-http-3.5.3.jar
2024-01-13 00:40:51,658 [Worker-48: Launching New_configuration] INFO  o.eclipse.m2e.core.internal.Bundles - 	Entry: C:\Users\May\.p2\pool\plugins\org.eclipse.m2e.maven.runtime_3.9.500.20231113-2345\jars\wagon-http-shared-3.5.3.jar
2024-01-13 00:40:51,658 [Worker-48: Launching New_configuration] INFO  o.eclipse.m2e.core.internal.Bundles - 	Entry: C:\Users\May\.p2\pool\plugins\org.eclipse.m2e.maven.runtime_3.9.500.20231113-2345\jars\wagon-provider-api-3.5.3.jar
2024-01-13 00:40:51,659 [Worker-48: Launching New_configuration] INFO  o.eclipse.m2e.core.internal.Bundles - getClasspathEntries(Bundle=com.google.guava_32.1.3.jre [10])
2024-01-13 00:40:51,659 [Worker-48: Launching New_configuration] INFO  o.eclipse.m2e.core.internal.Bundles - 	Entry: C:\Users\May\.p2\pool\plugins\com.google.guava_32.1.3.jre.jar
2024-01-13 00:40:51,659 [Worker-48: Launching New_configuration] INFO  o.eclipse.m2e.core.internal.Bundles - getClasspathEntries(Bundle=slf4j.api_2.0.9 [515])
2024-01-13 00:40:51,659 [Worker-48: Launching New_configuration] INFO  o.eclipse.m2e.core.internal.Bundles - 	Entry: C:\Users\May\.p2\pool\plugins\slf4j.api_2.0.9.jar
2024-01-13 00:40:51,659 [Worker-48: Launching New_configuration] INFO  o.eclipse.m2e.core.internal.Bundles - getClasspathEntries(Bundle=jakarta.inject.jakarta.inject-api_1.0.5 [22])
2024-01-13 00:40:51,659 [Worker-48: Launching New_configuration] INFO  o.eclipse.m2e.core.internal.Bundles - 	Entry: C:\Users\May\.p2\pool\plugins\jakarta.inject.jakarta.inject-api_1.0.5.jar
2024-01-13 00:40:51,659 [Worker-48: Launching New_configuration] INFO  o.eclipse.m2e.core.internal.Bundles - getClasspathEntries(Bundle=jakarta.annotation-api_1.3.5 [20])
2024-01-13 00:40:51,660 [Worker-48: Launching New_configuration] INFO  o.eclipse.m2e.core.internal.Bundles - 	Entry: C:\Users\May\.p2\pool\plugins\jakarta.annotation-api_1.3.5.jar
2024-01-13 00:40:51,660 [Worker-48: Launching New_configuration] INFO  o.eclipse.m2e.core.internal.Bundles - getClasspathEntries(Bundle=org.apache.commons.cli_1.6.0 [46])
2024-01-13 00:40:51,660 [Worker-48: Launching New_configuration] INFO  o.eclipse.m2e.core.internal.Bundles - 	Entry: C:\Users\May\.p2\pool\plugins\org.apache.commons.cli_1.6.0.jar
2024-01-13 00:40:51,660 [Worker-48: Launching New_configuration] INFO  o.eclipse.m2e.core.internal.Bundles - getClasspathEntries(Bundle=org.apache.commons.commons-codec_1.16.0 [48])
2024-01-13 00:40:51,660 [Worker-48: Launching New_configuration] INFO  o.eclipse.m2e.core.internal.Bundles - 	Entry: C:\Users\May\.p2\pool\plugins\org.apache.commons.commons-codec_1.16.0.jar
2024-01-13 00:40:51,660 [Worker-48: Launching New_configuration] INFO  o.eclipse.m2e.core.internal.Bundles - getClasspathEntries(Bundle=org.apache.commons.lang3_3.13.0 [53])
2024-01-13 00:40:51,661 [Worker-48: Launching New_configuration] INFO  o.eclipse.m2e.core.internal.Bundles - 	Entry: C:\Users\May\.p2\pool\plugins\org.apache.commons.lang3_3.13.0.jar
2024-01-13 00:40:51,661 [Worker-48: Launching New_configuration] INFO  o.eclipse.m2e.core.internal.Bundles - getClasspathEntries(Bundle=com.google.guava.failureaccess_1.0.2 [11])
2024-01-13 00:40:51,661 [Worker-48: Launching New_configuration] INFO  o.eclipse.m2e.core.internal.Bundles - 	Entry: C:\Users\May\.p2\pool\plugins\com.google.guava.failureaccess_1.0.2.jar
2024-01-13 00:40:51,662 [Worker-48: Launching New_configuration] INFO  o.e.m.i.launch.MavenLaunchDelegate - Run build in "C:\Users\May\Downloads\Enviar":
2024-01-13 00:40:51,662 [Worker-48: Launching New_configuration] INFO  o.e.m.i.launch.MavenLaunchDelegate -  mvn  -B -Dstyle.color=always clean install
2024-01-13 00:45:27,518 [Worker-53: Building] INFO  o.a.m.s.f.DefaultMavenResourcesFiltering - Copying 1 resource from src\main\resources to target\classes
2024-01-13 00:45:27,524 [Worker-53: Building] INFO  o.a.m.s.f.DefaultMavenResourcesFiltering - Copying 0 resource from src\main\resources to target\classes
2024-01-13 00:45:27,526 [Worker-53: Building] INFO  o.a.m.s.f.DefaultMavenResourcesFiltering - skip non existing resourceDirectory C:\Users\May\Downloads\Enviar\src\test\resources
2024-01-13 00:45:47,666 [Worker-53: Building] INFO  o.a.m.s.f.DefaultMavenResourcesFiltering - Copying 1 resource from src\main\resources to target\classes
2024-01-13 00:45:47,670 [Worker-53: Building] INFO  o.a.m.s.f.DefaultMavenResourcesFiltering - Copying 0 resource from src\main\resources to target\classes
2024-01-13 00:45:47,673 [Worker-53: Building] INFO  o.a.m.s.f.DefaultMavenResourcesFiltering - skip non existing resourceDirectory C:\Users\May\Downloads\Pedir\src\test\resources
2024-01-13 00:55:34,675 [Worker-57: Building] INFO  o.a.m.s.f.DefaultMavenResourcesFiltering - Copying 0 resource from src\main\resources to target\classes
2024-01-13 00:55:34,676 [Worker-57: Building] INFO  o.a.m.s.f.DefaultMavenResourcesFiltering - Copying 1 resource from src\main\resources to target\classes
2024-01-13 00:55:34,680 [Worker-57: Building] INFO  o.a.m.s.f.DefaultMavenResourcesFiltering - skip non existing resourceDirectory C:\Users\May\Downloads\Enviar\src\test\resources
2024-01-13 00:56:00,369 [Worker-57: Building] INFO  o.a.m.s.f.DefaultMavenResourcesFiltering - Copying 0 resource from src\main\resources to target\classes
2024-01-13 00:56:00,370 [Worker-57: Building] INFO  o.a.m.s.f.DefaultMavenResourcesFiltering - Copying 0 resource from src\main\resources to target\classes
2024-01-13 00:56:00,373 [Worker-57: Building] INFO  o.a.m.s.f.DefaultMavenResourcesFiltering - skip non existing resourceDirectory C:\Users\May\Downloads\Enviar\src\test\resources
2024-01-13 00:56:59,917 [Worker-53: Launching New_configuration] INFO  o.eclipse.m2e.core.internal.Bundles - getClasspathEntries(Bundle=org.eclipse.m2e.maven.runtime_3.9.500.20231113-2345 [295])
2024-01-13 00:56:59,918 [Worker-53: Launching New_configuration] INFO  o.eclipse.m2e.core.internal.Bundles - 	Entry: C:\Users\May\.p2\pool\plugins\org.eclipse.m2e.maven.runtime_3.9.500.20231113-2345
2024-01-13 00:56:59,918 [Worker-53: Launching New_configuration] INFO  o.eclipse.m2e.core.internal.Bundles - 	Entry: C:\Users\May\.p2\pool\plugins\org.eclipse.m2e.maven.runtime_3.9.500.20231113-2345\jars\aopalliance-1.0.jar
2024-01-13 00:56:59,918 [Worker-53: Launching New_configuration] INFO  o.eclipse.m2e.core.internal.Bundles - 	Entry: C:\Users\May\.p2\pool\plugins\org.eclipse.m2e.maven.runtime_3.9.500.20231113-2345\jars\guice-5.1.0.jar
2024-01-13 00:56:59,918 [Worker-53: Launching New_configuration] INFO  o.eclipse.m2e.core.internal.Bundles - 	Entry: C:\Users\May\.p2\pool\plugins\org.eclipse.m2e.maven.runtime_3.9.500.20231113-2345\jars\httpclient-4.5.14.jar
2024-01-13 00:56:59,919 [Worker-53: Launching New_configuration] INFO  o.eclipse.m2e.core.internal.Bundles - 	Entry: C:\Users\May\.p2\pool\plugins\org.eclipse.m2e.maven.runtime_3.9.500.20231113-2345\jars\httpcore-4.4.16.jar
2024-01-13 00:56:59,919 [Worker-53: Launching New_configuration] INFO  o.eclipse.m2e.core.internal.Bundles - 	Entry: C:\Users\May\.p2\pool\plugins\org.eclipse.m2e.maven.runtime_3.9.500.20231113-2345\jars\jansi-2.4.0.jar
2024-01-13 00:56:59,919 [Worker-53: Launching New_configuration] INFO  o.eclipse.m2e.core.internal.Bundles - 	Entry: C:\Users\May\.p2\pool\plugins\org.eclipse.m2e.maven.runtime_3.9.500.20231113-2345\jars\jcl-over-slf4j-1.7.36.jar
2024-01-13 00:56:59,919 [Worker-53: Launching New_configuration] INFO  o.eclipse.m2e.core.internal.Bundles - 	Entry: C:\Users\May\.p2\pool\plugins\org.eclipse.m2e.maven.runtime_3.9.500.20231113-2345\jars\maven-artifact-3.9.5.jar
2024-01-13 00:56:59,919 [Worker-53: Launching New_configuration] INFO  o.eclipse.m2e.core.internal.Bundles - 	Entry: C:\Users\May\.p2\pool\plugins\org.eclipse.m2e.maven.runtime_3.9.500.20231113-2345\jars\maven-builder-support-3.9.5.jar
2024-01-13 00:56:59,919 [Worker-53: Launching New_configuration] INFO  o.eclipse.m2e.core.internal.Bundles - 	Entry: C:\Users\May\.p2\pool\plugins\org.eclipse.m2e.maven.runtime_3.9.500.20231113-2345\jars\maven-compat-3.9.5.jar
2024-01-13 00:56:59,919 [Worker-53: Launching New_configuration] INFO  o.eclipse.m2e.core.internal.Bundles - 	Entry: C:\Users\May\.p2\pool\plugins\org.eclipse.m2e.maven.runtime_3.9.500.20231113-2345\jars\maven-core-3.9.5.jar
2024-01-13 00:56:59,919 [Worker-53: Launching New_configuration] INFO  o.eclipse.m2e.core.internal.Bundles - 	Entry: C:\Users\May\.p2\pool\plugins\org.eclipse.m2e.maven.runtime_3.9.500.20231113-2345\jars\maven-embedder-3.9.5.jar
2024-01-13 00:56:59,920 [Worker-53: Launching New_configuration] INFO  o.eclipse.m2e.core.internal.Bundles - 	Entry: C:\Users\May\.p2\pool\plugins\org.eclipse.m2e.maven.runtime_3.9.500.20231113-2345\jars\maven-model-3.9.5.jar
2024-01-13 00:56:59,920 [Worker-53: Launching New_configuration] INFO  o.eclipse.m2e.core.internal.Bundles - 	Entry: C:\Users\May\.p2\pool\plugins\org.eclipse.m2e.maven.runtime_3.9.500.20231113-2345\jars\maven-model-builder-3.9.5.jar
2024-01-13 00:56:59,920 [Worker-53: Launching New_configuration] INFO  o.eclipse.m2e.core.internal.Bundles - 	Entry: C:\Users\May\.p2\pool\plugins\org.eclipse.m2e.maven.runtime_3.9.500.20231113-2345\jars\maven-plugin-api-3.9.5.jar
2024-01-13 00:56:59,920 [Worker-53: Launching New_configuration] INFO  o.eclipse.m2e.core.internal.Bundles - 	Entry: C:\Users\May\.p2\pool\plugins\org.eclipse.m2e.maven.runtime_3.9.500.20231113-2345\jars\maven-repository-metadata-3.9.5.jar
2024-01-13 00:56:59,920 [Worker-53: Launching New_configuration] INFO  o.eclipse.m2e.core.internal.Bundles - 	Entry: C:\Users\May\.p2\pool\plugins\org.eclipse.m2e.maven.runtime_3.9.500.20231113-2345\jars\maven-resolver-api-1.9.16.jar
2024-01-13 00:56:59,920 [Worker-53: Launching New_configuration] INFO  o.eclipse.m2e.core.internal.Bundles - 	Entry: C:\Users\May\.p2\pool\plugins\org.eclipse.m2e.maven.runtime_3.9.500.20231113-2345\jars\maven-resolver-connector-basic-1.9.16.jar
2024-01-13 00:56:59,920 [Worker-53: Launching New_configuration] INFO  o.eclipse.m2e.core.internal.Bundles - 	Entry: C:\Users\May\.p2\pool\plugins\org.eclipse.m2e.maven.runtime_3.9.500.20231113-2345\jars\maven-resolver-impl-1.9.16.jar
2024-01-13 00:56:59,920 [Worker-53: Launching New_configuration] INFO  o.eclipse.m2e.core.internal.Bundles - 	Entry: C:\Users\May\.p2\pool\plugins\org.eclipse.m2e.maven.runtime_3.9.500.20231113-2345\jars\maven-resolver-named-locks-1.9.16.jar
2024-01-13 00:56:59,921 [Worker-53: Launching New_configuration] INFO  o.eclipse.m2e.core.internal.Bundles - 	Entry: C:\Users\May\.p2\pool\plugins\org.eclipse.m2e.maven.runtime_3.9.500.20231113-2345\jars\maven-resolver-provider-3.9.5.jar
2024-01-13 00:56:59,921 [Worker-53: Launching New_configuration] INFO  o.eclipse.m2e.core.internal.Bundles - 	Entry: C:\Users\May\.p2\pool\plugins\org.eclipse.m2e.maven.runtime_3.9.500.20231113-2345\jars\maven-resolver-spi-1.9.16.jar
2024-01-13 00:56:59,921 [Worker-53: Launching New_configuration] INFO  o.eclipse.m2e.core.internal.Bundles - 	Entry: C:\Users\May\.p2\pool\plugins\org.eclipse.m2e.maven.runtime_3.9.500.20231113-2345\jars\maven-resolver-transport-file-1.9.16.jar
2024-01-13 00:56:59,921 [Worker-53: Launching New_configuration] INFO  o.eclipse.m2e.core.internal.Bundles - 	Entry: C:\Users\May\.p2\pool\plugins\org.eclipse.m2e.maven.runtime_3.9.500.20231113-2345\jars\maven-resolver-transport-http-1.9.16.jar
2024-01-13 00:56:59,921 [Worker-53: Launching New_configuration] INFO  o.eclipse.m2e.core.internal.Bundles - 	Entry: C:\Users\May\.p2\pool\plugins\org.eclipse.m2e.maven.runtime_3.9.500.20231113-2345\jars\maven-resolver-transport-wagon-1.9.16.jar
2024-01-13 00:56:59,921 [Worker-53: Launching New_configuration] INFO  o.eclipse.m2e.core.internal.Bundles - 	Entry: C:\Users\May\.p2\pool\plugins\org.eclipse.m2e.maven.runtime_3.9.500.20231113-2345\jars\maven-resolver-util-1.9.16.jar
2024-01-13 00:56:59,922 [Worker-53: Launching New_configuration] INFO  o.eclipse.m2e.core.internal.Bundles - 	Entry: C:\Users\May\.p2\pool\plugins\org.eclipse.m2e.maven.runtime_3.9.500.20231113-2345\jars\maven-settings-3.9.5.jar
2024-01-13 00:56:59,922 [Worker-53: Launching New_configuration] INFO  o.eclipse.m2e.core.internal.Bundles - 	Entry: C:\Users\May\.p2\pool\plugins\org.eclipse.m2e.maven.runtime_3.9.500.20231113-2345\jars\maven-settings-builder-3.9.5.jar
2024-01-13 00:56:59,922 [Worker-53: Launching New_configuration] INFO  o.eclipse.m2e.core.internal.Bundles - 	Entry: C:\Users\May\.p2\pool\plugins\org.eclipse.m2e.maven.runtime_3.9.500.20231113-2345\jars\maven-shared-utils-3.3.4.jar
2024-01-13 00:56:59,922 [Worker-53: Launching New_configuration] INFO  o.eclipse.m2e.core.internal.Bundles - 	Entry: C:\Users\May\.p2\pool\plugins\org.eclipse.m2e.maven.runtime_3.9.500.20231113-2345\jars\org.eclipse.sisu.inject-0.3.5.jar
2024-01-13 00:56:59,922 [Worker-53: Launching New_configuration] INFO  o.eclipse.m2e.core.internal.Bundles - 	Entry: C:\Users\May\.p2\pool\plugins\org.eclipse.m2e.maven.runtime_3.9.500.20231113-2345\jars\org.eclipse.sisu.plexus-0.3.5.jar
2024-01-13 00:56:59,922 [Worker-53: Launching New_configuration] INFO  o.eclipse.m2e.core.internal.Bundles - 	Entry: C:\Users\May\.p2\pool\plugins\org.eclipse.m2e.maven.runtime_3.9.500.20231113-2345\jars\plexus-build-api-0.0.7.jar
2024-01-13 00:56:59,922 [Worker-53: Launching New_configuration] INFO  o.eclipse.m2e.core.internal.Bundles - 	Entry: C:\Users\May\.p2\pool\plugins\org.eclipse.m2e.maven.runtime_3.9.500.20231113-2345\jars\plexus-cipher-2.0.jar
2024-01-13 00:56:59,923 [Worker-53: Launching New_configuration] INFO  o.eclipse.m2e.core.internal.Bundles - 	Entry: C:\Users\May\.p2\pool\plugins\org.eclipse.m2e.maven.runtime_3.9.500.20231113-2345\jars\plexus-classworlds-2.7.0.jar
2024-01-13 00:56:59,923 [Worker-53: Launching New_configuration] INFO  o.eclipse.m2e.core.internal.Bundles - 	Entry: C:\Users\May\.p2\pool\plugins\org.eclipse.m2e.maven.runtime_3.9.500.20231113-2345\jars\plexus-component-annotations-2.1.0.jar
2024-01-13 00:56:59,923 [Worker-53: Launching New_configuration] INFO  o.eclipse.m2e.core.internal.Bundles - 	Entry: C:\Users\May\.p2\pool\plugins\org.eclipse.m2e.maven.runtime_3.9.500.20231113-2345\jars\plexus-interpolation-1.26.jar
2024-01-13 00:56:59,923 [Worker-53: Launching New_configuration] INFO  o.eclipse.m2e.core.internal.Bundles - 	Entry: C:\Users\May\.p2\pool\plugins\org.eclipse.m2e.maven.runtime_3.9.500.20231113-2345\jars\plexus-sec-dispatcher-2.0.jar
2024-01-13 00:56:59,923 [Worker-53: Launching New_configuration] INFO  o.eclipse.m2e.core.internal.Bundles - 	Entry: C:\Users\May\.p2\pool\plugins\org.eclipse.m2e.maven.runtime_3.9.500.20231113-2345\jars\plexus-utils-3.5.1.jar
2024-01-13 00:56:59,923 [Worker-53: Launching New_configuration] INFO  o.eclipse.m2e.core.internal.Bundles - 	Entry: C:\Users\May\.p2\pool\plugins\org.eclipse.m2e.maven.runtime_3.9.500.20231113-2345\jars\wagon-file-3.5.3.jar
2024-01-13 00:56:59,923 [Worker-53: Launching New_configuration] INFO  o.eclipse.m2e.core.internal.Bundles - 	Entry: C:\Users\May\.p2\pool\plugins\org.eclipse.m2e.maven.runtime_3.9.500.20231113-2345\jars\wagon-http-3.5.3.jar
2024-01-13 00:56:59,923 [Worker-53: Launching New_configuration] INFO  o.eclipse.m2e.core.internal.Bundles - 	Entry: C:\Users\May\.p2\pool\plugins\org.eclipse.m2e.maven.runtime_3.9.500.20231113-2345\jars\wagon-http-shared-3.5.3.jar
2024-01-13 00:56:59,924 [Worker-53: Launching New_configuration] INFO  o.eclipse.m2e.core.internal.Bundles - 	Entry: C:\Users\May\.p2\pool\plugins\org.eclipse.m2e.maven.runtime_3.9.500.20231113-2345\jars\wagon-provider-api-3.5.3.jar
2024-01-13 00:56:59,924 [Worker-53: Launching New_configuration] INFO  o.eclipse.m2e.core.internal.Bundles - getClasspathEntries(Bundle=com.google.guava_32.1.3.jre [10])
2024-01-13 00:56:59,924 [Worker-53: Launching New_configuration] INFO  o.eclipse.m2e.core.internal.Bundles - 	Entry: C:\Users\May\.p2\pool\plugins\com.google.guava_32.1.3.jre.jar
2024-01-13 00:56:59,924 [Worker-53: Launching New_configuration] INFO  o.eclipse.m2e.core.internal.Bundles - getClasspathEntries(Bundle=slf4j.api_2.0.9 [515])
2024-01-13 00:56:59,924 [Worker-53: Launching New_configuration] INFO  o.eclipse.m2e.core.internal.Bundles - 	Entry: C:\Users\May\.p2\pool\plugins\slf4j.api_2.0.9.jar
2024-01-13 00:56:59,924 [Worker-53: Launching New_configuration] INFO  o.eclipse.m2e.core.internal.Bundles - getClasspathEntries(Bundle=jakarta.inject.jakarta.inject-api_1.0.5 [22])
2024-01-13 00:56:59,925 [Worker-53: Launching New_configuration] INFO  o.eclipse.m2e.core.internal.Bundles - 	Entry: C:\Users\May\.p2\pool\plugins\jakarta.inject.jakarta.inject-api_1.0.5.jar
2024-01-13 00:56:59,925 [Worker-53: Launching New_configuration] INFO  o.eclipse.m2e.core.internal.Bundles - getClasspathEntries(Bundle=jakarta.annotation-api_1.3.5 [20])
2024-01-13 00:56:59,925 [Worker-53: Launching New_configuration] INFO  o.eclipse.m2e.core.internal.Bundles - 	Entry: C:\Users\May\.p2\pool\plugins\jakarta.annotation-api_1.3.5.jar
2024-01-13 00:56:59,925 [Worker-53: Launching New_configuration] INFO  o.eclipse.m2e.core.internal.Bundles - getClasspathEntries(Bundle=org.apache.commons.cli_1.6.0 [46])
2024-01-13 00:56:59,925 [Worker-53: Launching New_configuration] INFO  o.eclipse.m2e.core.internal.Bundles - 	Entry: C:\Users\May\.p2\pool\plugins\org.apache.commons.cli_1.6.0.jar
2024-01-13 00:56:59,925 [Worker-53: Launching New_configuration] INFO  o.eclipse.m2e.core.internal.Bundles - getClasspathEntries(Bundle=org.apache.commons.commons-codec_1.16.0 [48])
2024-01-13 00:56:59,926 [Worker-53: Launching New_configuration] INFO  o.eclipse.m2e.core.internal.Bundles - 	Entry: C:\Users\May\.p2\pool\plugins\org.apache.commons.commons-codec_1.16.0.jar
2024-01-13 00:56:59,926 [Worker-53: Launching New_configuration] INFO  o.eclipse.m2e.core.internal.Bundles - getClasspathEntries(Bundle=org.apache.commons.lang3_3.13.0 [53])
2024-01-13 00:56:59,926 [Worker-53: Launching New_configuration] INFO  o.eclipse.m2e.core.internal.Bundles - 	Entry: C:\Users\May\.p2\pool\plugins\org.apache.commons.lang3_3.13.0.jar
2024-01-13 00:56:59,926 [Worker-53: Launching New_configuration] INFO  o.eclipse.m2e.core.internal.Bundles - getClasspathEntries(Bundle=com.google.guava.failureaccess_1.0.2 [11])
2024-01-13 00:56:59,926 [Worker-53: Launching New_configuration] INFO  o.eclipse.m2e.core.internal.Bundles - 	Entry: C:\Users\May\.p2\pool\plugins\com.google.guava.failureaccess_1.0.2.jar
2024-01-13 00:56:59,927 [Worker-53: Launching New_configuration] INFO  o.e.m.i.launch.MavenLaunchDelegate - Run build in "C:\Users\May\Downloads\Enviar":
2024-01-13 00:56:59,927 [Worker-53: Launching New_configuration] INFO  o.e.m.i.launch.MavenLaunchDelegate -  mvn  -B -Dstyle.color=always clean install
2024-01-13 00:57:31,834 [Worker-47: Building] INFO  o.a.m.s.f.DefaultMavenResourcesFiltering - Copying 0 resource from src\main\resources to target\classes
2024-01-13 00:57:31,835 [Worker-47: Building] INFO  o.a.m.s.f.DefaultMavenResourcesFiltering - Copying 0 resource from src\main\resources to target\classes
2024-01-13 00:57:31,838 [Worker-47: Building] INFO  o.a.m.s.f.DefaultMavenResourcesFiltering - skip non existing resourceDirectory C:\Users\May\Downloads\Enviar\src\test\resources
2024-01-13 00:57:38,568 [Worker-47: Launching New_configuration] INFO  o.eclipse.m2e.core.internal.Bundles - getClasspathEntries(Bundle=org.eclipse.m2e.maven.runtime_3.9.500.20231113-2345 [295])
2024-01-13 00:57:38,568 [Worker-47: Launching New_configuration] INFO  o.eclipse.m2e.core.internal.Bundles - 	Entry: C:\Users\May\.p2\pool\plugins\org.eclipse.m2e.maven.runtime_3.9.500.20231113-2345
2024-01-13 00:57:38,568 [Worker-47: Launching New_configuration] INFO  o.eclipse.m2e.core.internal.Bundles - 	Entry: C:\Users\May\.p2\pool\plugins\org.eclipse.m2e.maven.runtime_3.9.500.20231113-2345\jars\aopalliance-1.0.jar
2024-01-13 00:57:38,568 [Worker-47: Launching New_configuration] INFO  o.eclipse.m2e.core.internal.Bundles - 	Entry: C:\Users\May\.p2\pool\plugins\org.eclipse.m2e.maven.runtime_3.9.500.20231113-2345\jars\guice-5.1.0.jar
2024-01-13 00:57:38,569 [Worker-47: Launching New_configuration] INFO  o.eclipse.m2e.core.internal.Bundles - 	Entry: C:\Users\May\.p2\pool\plugins\org.eclipse.m2e.maven.runtime_3.9.500.20231113-2345\jars\httpclient-4.5.14.jar
2024-01-13 00:57:38,569 [Worker-47: Launching New_configuration] INFO  o.eclipse.m2e.core.internal.Bundles - 	Entry: C:\Users\May\.p2\pool\plugins\org.eclipse.m2e.maven.runtime_3.9.500.20231113-2345\jars\httpcore-4.4.16.jar
2024-01-13 00:57:38,569 [Worker-47: Launching New_configuration] INFO  o.eclipse.m2e.core.internal.Bundles - 	Entry: C:\Users\May\.p2\pool\plugins\org.eclipse.m2e.maven.runtime_3.9.500.20231113-2345\jars\jansi-2.4.0.jar
2024-01-13 00:57:38,569 [Worker-47: Launching New_configuration] INFO  o.eclipse.m2e.core.internal.Bundles - 	Entry: C:\Users\May\.p2\pool\plugins\org.eclipse.m2e.maven.runtime_3.9.500.20231113-2345\jars\jcl-over-slf4j-1.7.36.jar
2024-01-13 00:57:38,569 [Worker-47: Launching New_configuration] INFO  o.eclipse.m2e.core.internal.Bundles - 	Entry: C:\Users\May\.p2\pool\plugins\org.eclipse.m2e.maven.runtime_3.9.500.20231113-2345\jars\maven-artifact-3.9.5.jar
2024-01-13 00:57:38,569 [Worker-47: Launching New_configuration] INFO  o.eclipse.m2e.core.internal.Bundles - 	Entry: C:\Users\May\.p2\pool\plugins\org.eclipse.m2e.maven.runtime_3.9.500.20231113-2345\jars\maven-builder-support-3.9.5.jar
2024-01-13 00:57:38,569 [Worker-47: Launching New_configuration] INFO  o.eclipse.m2e.core.internal.Bundles - 	Entry: C:\Users\May\.p2\pool\plugins\org.eclipse.m2e.maven.runtime_3.9.500.20231113-2345\jars\maven-compat-3.9.5.jar
2024-01-13 00:57:38,570 [Worker-47: Launching New_configuration] INFO  o.eclipse.m2e.core.internal.Bundles - 	Entry: C:\Users\May\.p2\pool\plugins\org.eclipse.m2e.maven.runtime_3.9.500.20231113-2345\jars\maven-core-3.9.5.jar
2024-01-13 00:57:38,570 [Worker-47: Launching New_configuration] INFO  o.eclipse.m2e.core.internal.Bundles - 	Entry: C:\Users\May\.p2\pool\plugins\org.eclipse.m2e.maven.runtime_3.9.500.20231113-2345\jars\maven-embedder-3.9.5.jar
2024-01-13 00:57:38,570 [Worker-47: Launching New_configuration] INFO  o.eclipse.m2e.core.internal.Bundles - 	Entry: C:\Users\May\.p2\pool\plugins\org.eclipse.m2e.maven.runtime_3.9.500.20231113-2345\jars\maven-model-3.9.5.jar
2024-01-13 00:57:38,570 [Worker-47: Launching New_configuration] INFO  o.eclipse.m2e.core.internal.Bundles - 	Entry: C:\Users\May\.p2\pool\plugins\org.eclipse.m2e.maven.runtime_3.9.500.20231113-2345\jars\maven-model-builder-3.9.5.jar
2024-01-13 00:57:38,570 [Worker-47: Launching New_configuration] INFO  o.eclipse.m2e.core.internal.Bundles - 	Entry: C:\Users\May\.p2\pool\plugins\org.eclipse.m2e.maven.runtime_3.9.500.20231113-2345\jars\maven-plugin-api-3.9.5.jar
2024-01-13 00:57:38,570 [Worker-47: Launching New_configuration] INFO  o.eclipse.m2e.core.internal.Bundles - 	Entry: C:\Users\May\.p2\pool\plugins\org.eclipse.m2e.maven.runtime_3.9.500.20231113-2345\jars\maven-repository-metadata-3.9.5.jar
2024-01-13 00:57:38,570 [Worker-47: Launching New_configuration] INFO  o.eclipse.m2e.core.internal.Bundles - 	Entry: C:\Users\May\.p2\pool\plugins\org.eclipse.m2e.maven.runtime_3.9.500.20231113-2345\jars\maven-resolver-api-1.9.16.jar
2024-01-13 00:57:38,570 [Worker-47: Launching New_configuration] INFO  o.eclipse.m2e.core.internal.Bundles - 	Entry: C:\Users\May\.p2\pool\plugins\org.eclipse.m2e.maven.runtime_3.9.500.20231113-2345\jars\maven-resolver-connector-basic-1.9.16.jar
2024-01-13 00:57:38,571 [Worker-47: Launching New_configuration] INFO  o.eclipse.m2e.core.internal.Bundles - 	Entry: C:\Users\May\.p2\pool\plugins\org.eclipse.m2e.maven.runtime_3.9.500.20231113-2345\jars\maven-resolver-impl-1.9.16.jar
2024-01-13 00:57:38,571 [Worker-47: Launching New_configuration] INFO  o.eclipse.m2e.core.internal.Bundles - 	Entry: C:\Users\May\.p2\pool\plugins\org.eclipse.m2e.maven.runtime_3.9.500.20231113-2345\jars\maven-resolver-named-locks-1.9.16.jar
2024-01-13 00:57:38,571 [Worker-47: Launching New_configuration] INFO  o.eclipse.m2e.core.internal.Bundles - 	Entry: C:\Users\May\.p2\pool\plugins\org.eclipse.m2e.maven.runtime_3.9.500.20231113-2345\jars\maven-resolver-provider-3.9.5.jar
2024-01-13 00:57:38,571 [Worker-47: Launching New_configuration] INFO  o.eclipse.m2e.core.internal.Bundles - 	Entry: C:\Users\May\.p2\pool\plugins\org.eclipse.m2e.maven.runtime_3.9.500.20231113-2345\jars\maven-resolver-spi-1.9.16.jar
2024-01-13 00:57:38,571 [Worker-47: Launching New_configuration] INFO  o.eclipse.m2e.core.internal.Bundles - 	Entry: C:\Users\May\.p2\pool\plugins\org.eclipse.m2e.maven.runtime_3.9.500.20231113-2345\jars\maven-resolver-transport-file-1.9.16.jar
2024-01-13 00:57:38,571 [Worker-47: Launching New_configuration] INFO  o.eclipse.m2e.core.internal.Bundles - 	Entry: C:\Users\May\.p2\pool\plugins\org.eclipse.m2e.maven.runtime_3.9.500.20231113-2345\jars\maven-resolver-transport-http-1.9.16.jar
2024-01-13 00:57:38,571 [Worker-47: Launching New_configuration] INFO  o.eclipse.m2e.core.internal.Bundles - 	Entry: C:\Users\May\.p2\pool\plugins\org.eclipse.m2e.maven.runtime_3.9.500.20231113-2345\jars\maven-resolver-transport-wagon-1.9.16.jar
2024-01-13 00:57:38,571 [Worker-47: Launching New_configuration] INFO  o.eclipse.m2e.core.internal.Bundles - 	Entry: C:\Users\May\.p2\pool\plugins\org.eclipse.m2e.maven.runtime_3.9.500.20231113-2345\jars\maven-resolver-util-1.9.16.jar
2024-01-13 00:57:38,572 [Worker-47: Launching New_configuration] INFO  o.eclipse.m2e.core.internal.Bundles - 	Entry: C:\Users\May\.p2\pool\plugins\org.eclipse.m2e.maven.runtime_3.9.500.20231113-2345\jars\maven-settings-3.9.5.jar
2024-01-13 00:57:38,572 [Worker-47: Launching New_configuration] INFO  o.eclipse.m2e.core.internal.Bundles - 	Entry: C:\Users\May\.p2\pool\plugins\org.eclipse.m2e.maven.runtime_3.9.500.20231113-2345\jars\maven-settings-builder-3.9.5.jar
2024-01-13 00:57:38,572 [Worker-47: Launching New_configuration] INFO  o.eclipse.m2e.core.internal.Bundles - 	Entry: C:\Users\May\.p2\pool\plugins\org.eclipse.m2e.maven.runtime_3.9.500.20231113-2345\jars\maven-shared-utils-3.3.4.jar
2024-01-13 00:57:38,572 [Worker-47: Launching New_configuration] INFO  o.eclipse.m2e.core.internal.Bundles - 	Entry: C:\Users\May\.p2\pool\plugins\org.eclipse.m2e.maven.runtime_3.9.500.20231113-2345\jars\org.eclipse.sisu.inject-0.3.5.jar
2024-01-13 00:57:38,572 [Worker-47: Launching New_configuration] INFO  o.eclipse.m2e.core.internal.Bundles - 	Entry: C:\Users\May\.p2\pool\plugins\org.eclipse.m2e.maven.runtime_3.9.500.20231113-2345\jars\org.eclipse.sisu.plexus-0.3.5.jar
2024-01-13 00:57:38,572 [Worker-47: Launching New_configuration] INFO  o.eclipse.m2e.core.internal.Bundles - 	Entry: C:\Users\May\.p2\pool\plugins\org.eclipse.m2e.maven.runtime_3.9.500.20231113-2345\jars\plexus-build-api-0.0.7.jar
2024-01-13 00:57:38,573 [Worker-47: Launching New_configuration] INFO  o.eclipse.m2e.core.internal.Bundles - 	Entry: C:\Users\May\.p2\pool\plugins\org.eclipse.m2e.maven.runtime_3.9.500.20231113-2345\jars\plexus-cipher-2.0.jar
2024-01-13 00:57:38,573 [Worker-47: Launching New_configuration] INFO  o.eclipse.m2e.core.internal.Bundles - 	Entry: C:\Users\May\.p2\pool\plugins\org.eclipse.m2e.maven.runtime_3.9.500.20231113-2345\jars\plexus-classworlds-2.7.0.jar
2024-01-13 00:57:38,573 [Worker-47: Launching New_configuration] INFO  o.eclipse.m2e.core.internal.Bundles - 	Entry: C:\Users\May\.p2\pool\plugins\org.eclipse.m2e.maven.runtime_3.9.500.20231113-2345\jars\plexus-component-annotations-2.1.0.jar
2024-01-13 00:57:38,573 [Worker-47: Launching New_configuration] INFO  o.eclipse.m2e.core.internal.Bundles - 	Entry: C:\Users\May\.p2\pool\plugins\org.eclipse.m2e.maven.runtime_3.9.500.20231113-2345\jars\plexus-interpolation-1.26.jar
2024-01-13 00:57:38,573 [Worker-47: Launching New_configuration] INFO  o.eclipse.m2e.core.internal.Bundles - 	Entry: C:\Users\May\.p2\pool\plugins\org.eclipse.m2e.maven.runtime_3.9.500.20231113-2345\jars\plexus-sec-dispatcher-2.0.jar
2024-01-13 00:57:38,573 [Worker-47: Launching New_configuration] INFO  o.eclipse.m2e.core.internal.Bundles - 	Entry: C:\Users\May\.p2\pool\plugins\org.eclipse.m2e.maven.runtime_3.9.500.20231113-2345\jars\plexus-utils-3.5.1.jar
2024-01-13 00:57:38,573 [Worker-47: Launching New_configuration] INFO  o.eclipse.m2e.core.internal.Bundles - 	Entry: C:\Users\May\.p2\pool\plugins\org.eclipse.m2e.maven.runtime_3.9.500.20231113-2345\jars\wagon-file-3.5.3.jar
2024-01-13 00:57:38,574 [Worker-47: Launching New_configuration] INFO  o.eclipse.m2e.core.internal.Bundles - 	Entry: C:\Users\May\.p2\pool\plugins\org.eclipse.m2e.maven.runtime_3.9.500.20231113-2345\jars\wagon-http-3.5.3.jar
2024-01-13 00:57:38,574 [Worker-47: Launching New_configuration] INFO  o.eclipse.m2e.core.internal.Bundles - 	Entry: C:\Users\May\.p2\pool\plugins\org.eclipse.m2e.maven.runtime_3.9.500.20231113-2345\jars\wagon-http-shared-3.5.3.jar
2024-01-13 00:57:38,574 [Worker-47: Launching New_configuration] INFO  o.eclipse.m2e.core.internal.Bundles - 	Entry: C:\Users\May\.p2\pool\plugins\org.eclipse.m2e.maven.runtime_3.9.500.20231113-2345\jars\wagon-provider-api-3.5.3.jar
2024-01-13 00:57:38,574 [Worker-47: Launching New_configuration] INFO  o.eclipse.m2e.core.internal.Bundles - getClasspathEntries(Bundle=com.google.guava_32.1.3.jre [10])
2024-01-13 00:57:38,574 [Worker-47: Launching New_configuration] INFO  o.eclipse.m2e.core.internal.Bundles - 	Entry: C:\Users\May\.p2\pool\plugins\com.google.guava_32.1.3.jre.jar
2024-01-13 00:57:38,574 [Worker-47: Launching New_configuration] INFO  o.eclipse.m2e.core.internal.Bundles - getClasspathEntries(Bundle=slf4j.api_2.0.9 [515])
2024-01-13 00:57:38,575 [Worker-47: Launching New_configuration] INFO  o.eclipse.m2e.core.internal.Bundles - 	Entry: C:\Users\May\.p2\pool\plugins\slf4j.api_2.0.9.jar
2024-01-13 00:57:38,575 [Worker-47: Launching New_configuration] INFO  o.eclipse.m2e.core.internal.Bundles - getClasspathEntries(Bundle=jakarta.inject.jakarta.inject-api_1.0.5 [22])
2024-01-13 00:57:38,575 [Worker-47: Launching New_configuration] INFO  o.eclipse.m2e.core.internal.Bundles - 	Entry: C:\Users\May\.p2\pool\plugins\jakarta.inject.jakarta.inject-api_1.0.5.jar
2024-01-13 00:57:38,575 [Worker-47: Launching New_configuration] INFO  o.eclipse.m2e.core.internal.Bundles - getClasspathEntries(Bundle=jakarta.annotation-api_1.3.5 [20])
2024-01-13 00:57:38,575 [Worker-47: Launching New_configuration] INFO  o.eclipse.m2e.core.internal.Bundles - 	Entry: C:\Users\May\.p2\pool\plugins\jakarta.annotation-api_1.3.5.jar
2024-01-13 00:57:38,575 [Worker-47: Launching New_configuration] INFO  o.eclipse.m2e.core.internal.Bundles - getClasspathEntries(Bundle=org.apache.commons.cli_1.6.0 [46])
2024-01-13 00:57:38,575 [Worker-47: Launching New_configuration] INFO  o.eclipse.m2e.core.internal.Bundles - 	Entry: C:\Users\May\.p2\pool\plugins\org.apache.commons.cli_1.6.0.jar
2024-01-13 00:57:38,575 [Worker-47: Launching New_configuration] INFO  o.eclipse.m2e.core.internal.Bundles - getClasspathEntries(Bundle=org.apache.commons.commons-codec_1.16.0 [48])
2024-01-13 00:57:38,576 [Worker-47: Launching New_configuration] INFO  o.eclipse.m2e.core.internal.Bundles - 	Entry: C:\Users\May\.p2\pool\plugins\org.apache.commons.commons-codec_1.16.0.jar
2024-01-13 00:57:38,576 [Worker-47: Launching New_configuration] INFO  o.eclipse.m2e.core.internal.Bundles - getClasspathEntries(Bundle=org.apache.commons.lang3_3.13.0 [53])
2024-01-13 00:57:38,576 [Worker-47: Launching New_configuration] INFO  o.eclipse.m2e.core.internal.Bundles - 	Entry: C:\Users\May\.p2\pool\plugins\org.apache.commons.lang3_3.13.0.jar
2024-01-13 00:57:38,576 [Worker-47: Launching New_configuration] INFO  o.eclipse.m2e.core.internal.Bundles - getClasspathEntries(Bundle=com.google.guava.failureaccess_1.0.2 [11])
2024-01-13 00:57:38,576 [Worker-47: Launching New_configuration] INFO  o.eclipse.m2e.core.internal.Bundles - 	Entry: C:\Users\May\.p2\pool\plugins\com.google.guava.failureaccess_1.0.2.jar
2024-01-13 00:57:38,577 [Worker-47: Launching New_configuration] INFO  o.e.m.i.launch.MavenLaunchDelegate - Run build in "C:\Users\May\Downloads\Enviar":
2024-01-13 00:57:38,577 [Worker-47: Launching New_configuration] INFO  o.e.m.i.launch.MavenLaunchDelegate -  mvn  -B -Dstyle.color=always clean install
2024-01-13 01:01:04,285 [Worker-53: Building] INFO  o.a.m.s.f.DefaultMavenResourcesFiltering - Copying 1 resource from src\main\resources to target\classes
2024-01-13 01:01:04,289 [Worker-53: Building] INFO  o.a.m.s.f.DefaultMavenResourcesFiltering - Copying 0 resource from src\main\resources to target\classes
2024-01-13 01:01:04,291 [Worker-53: Building] INFO  o.a.m.s.f.DefaultMavenResourcesFiltering - skip non existing resourceDirectory C:\Users\May\Downloads\Enviar\src\test\resources
2024-01-13 01:04:06,379 [Worker-53: Building] INFO  o.a.m.s.f.DefaultMavenResourcesFiltering - Copying 1 resource from src\main\resources to target\classes
2024-01-13 01:04:06,394 [Worker-53: Building] INFO  o.a.m.s.f.DefaultMavenResourcesFiltering - Copying 0 resource from src\main\resources to target\classes
2024-01-13 01:04:06,398 [Worker-53: Building] INFO  o.a.m.s.f.DefaultMavenResourcesFiltering - skip non existing resourceDirectory C:\Users\May\Downloads\Enviar\src\test\resources
2024-01-13 01:20:35,462 [Worker-67: Building] INFO  o.a.m.s.f.DefaultMavenResourcesFiltering - Copying 1 resource from src\main\resources to target\classes
2024-01-13 01:20:35,467 [Worker-67: Building] INFO  o.a.m.s.f.DefaultMavenResourcesFiltering - Copying 0 resource from src\main\resources to target\classes
2024-01-13 01:20:35,469 [Worker-67: Building] INFO  o.a.m.s.f.DefaultMavenResourcesFiltering - skip non existing resourceDirectory C:\Users\May\Downloads\Enviar\src\test\resources
2024-01-13 01:23:39,697 [Worker-66: Building] INFO  o.a.m.s.f.DefaultMavenResourcesFiltering - Copying 1 resource from src\main\resources to target\classes
2024-01-13 01:23:39,714 [Worker-66: Building] INFO  o.a.m.s.f.DefaultMavenResourcesFiltering - Copying 0 resource from src\main\resources to target\classes
2024-01-13 01:23:39,716 [Worker-66: Building] INFO  o.a.m.s.f.DefaultMavenResourcesFiltering - skip non existing resourceDirectory C:\Users\May\Downloads\Enviar\src\test\resources
2024-01-13 01:29:05,637 [Worker-68: Building] INFO  o.a.m.s.f.DefaultMavenResourcesFiltering - Copying 1 resource from src\main\resources to target\classes
2024-01-13 01:29:05,641 [Worker-68: Building] INFO  o.a.m.s.f.DefaultMavenResourcesFiltering - Copying 0 resource from src\main\resources to target\classes
2024-01-13 01:29:05,643 [Worker-68: Building] INFO  o.a.m.s.f.DefaultMavenResourcesFiltering - skip non existing resourceDirectory C:\Users\May\Downloads\Enviar\src\test\resources
2024-01-13 01:30:29,074 [Worker-62: Building] INFO  o.a.m.s.f.DefaultMavenResourcesFiltering - Copying 1 resource from src\main\resources to target\classes
2024-01-13 01:30:29,078 [Worker-62: Building] INFO  o.a.m.s.f.DefaultMavenResourcesFiltering - Copying 0 resource from src\main\resources to target\classes
2024-01-13 01:30:29,080 [Worker-62: Building] INFO  o.a.m.s.f.DefaultMavenResourcesFiltering - skip non existing resourceDirectory C:\Users\May\Downloads\Enviar\src\test\resources
2024-01-13 01:30:49,307 [Worker-67: Building] INFO  o.a.m.s.f.DefaultMavenResourcesFiltering - Copying 1 resource from src\main\resources to target\classes
2024-01-13 01:30:49,310 [Worker-67: Building] INFO  o.a.m.s.f.DefaultMavenResourcesFiltering - Copying 0 resource from src\main\resources to target\classes
2024-01-13 01:30:49,312 [Worker-67: Building] INFO  o.a.m.s.f.DefaultMavenResourcesFiltering - skip non existing resourceDirectory C:\Users\May\Downloads\Enviar\src\test\resources
2024-01-13 01:31:30,034 [Worker-69: Building] INFO  o.a.m.s.f.DefaultMavenResourcesFiltering - Copying 1 resource from src\main\resources to target\classes
2024-01-13 01:31:30,039 [Worker-69: Building] INFO  o.a.m.s.f.DefaultMavenResourcesFiltering - Copying 0 resource from src\main\resources to target\classes
2024-01-13 01:31:30,041 [Worker-69: Building] INFO  o.a.m.s.f.DefaultMavenResourcesFiltering - skip non existing resourceDirectory C:\Users\May\Downloads\Enviar\src\test\resources
2024-01-13 01:31:32,442 [Worker-62: Building] INFO  o.a.m.s.f.DefaultMavenResourcesFiltering - Copying 1 resource from src\main\resources to target\classes
2024-01-13 01:31:32,446 [Worker-62: Building] INFO  o.a.m.s.f.DefaultMavenResourcesFiltering - Copying 0 resource from src\main\resources to target\classes
2024-01-13 01:31:32,448 [Worker-62: Building] INFO  o.a.m.s.f.DefaultMavenResourcesFiltering - skip non existing resourceDirectory C:\Users\May\Downloads\Enviar\src\test\resources
2024-01-13 01:32:31,039 [Worker-53: Building] INFO  o.a.m.s.f.DefaultMavenResourcesFiltering - Copying 1 resource from src\main\resources to target\classes
2024-01-13 01:32:31,042 [Worker-53: Building] INFO  o.a.m.s.f.DefaultMavenResourcesFiltering - Copying 0 resource from src\main\resources to target\classes
2024-01-13 01:32:31,044 [Worker-53: Building] INFO  o.a.m.s.f.DefaultMavenResourcesFiltering - skip non existing resourceDirectory C:\Users\May\Downloads\Enviar\src\test\resources
2024-01-13 01:32:44,503 [Worker-68: Building] INFO  o.a.m.s.f.DefaultMavenResourcesFiltering - Copying 1 resource from src\main\resources to target\classes
2024-01-13 01:32:44,507 [Worker-68: Building] INFO  o.a.m.s.f.DefaultMavenResourcesFiltering - Copying 0 resource from src\main\resources to target\classes
2024-01-13 01:32:44,509 [Worker-68: Building] INFO  o.a.m.s.f.DefaultMavenResourcesFiltering - skip non existing resourceDirectory C:\Users\May\Downloads\Enviar\src\test\resources
2024-01-13 01:33:11,980 [Worker-67: Building] INFO  o.a.m.s.f.DefaultMavenResourcesFiltering - Copying 1 resource from src\main\resources to target\classes
2024-01-13 01:33:11,983 [Worker-67: Building] INFO  o.a.m.s.f.DefaultMavenResourcesFiltering - Copying 0 resource from src\main\resources to target\classes
2024-01-13 01:33:11,985 [Worker-67: Building] INFO  o.a.m.s.f.DefaultMavenResourcesFiltering - skip non existing resourceDirectory C:\Users\May\Downloads\Enviar\src\test\resources
2024-01-13 01:51:46,294 [Worker-70: Building] INFO  o.a.m.s.f.DefaultMavenResourcesFiltering - Copying 1 resource from src\main\resources to target\classes
2024-01-13 01:51:46,312 [Worker-70: Building] INFO  o.a.m.s.f.DefaultMavenResourcesFiltering - Copying 0 resource from src\main\resources to target\classes
2024-01-13 01:51:46,333 [Worker-70: Building] INFO  o.a.m.s.f.DefaultMavenResourcesFiltering - skip non existing resourceDirectory C:\Users\May\Downloads\Enviar\src\test\resources
2024-01-13 01:51:59,007 [Worker-72: Building] INFO  o.a.m.s.f.DefaultMavenResourcesFiltering - Copying 1 resource from src\main\resources to target\classes
2024-01-13 01:51:59,012 [Worker-72: Building] INFO  o.a.m.s.f.DefaultMavenResourcesFiltering - Copying 0 resource from src\main\resources to target\classes
2024-01-13 01:51:59,014 [Worker-72: Building] INFO  o.a.m.s.f.DefaultMavenResourcesFiltering - skip non existing resourceDirectory C:\Users\May\Downloads\Enviar\src\test\resources
2024-01-13 01:52:07,868 [Worker-72: Building] INFO  o.a.m.s.f.DefaultMavenResourcesFiltering - Copying 1 resource from src\main\resources to target\classes
2024-01-13 01:52:07,876 [Worker-72: Building] INFO  o.a.m.s.f.DefaultMavenResourcesFiltering - Copying 0 resource from src\main\resources to target\classes
2024-01-13 01:52:07,877 [Worker-72: Building] INFO  o.a.m.s.f.DefaultMavenResourcesFiltering - skip non existing resourceDirectory C:\Users\May\Downloads\Enviar\src\test\resources
2024-01-13 01:53:21,982 [Worker-73: Building] INFO  o.a.m.s.f.DefaultMavenResourcesFiltering - Copying 1 resource from src\main\resources to target\classes
2024-01-13 01:53:21,999 [Worker-73: Building] INFO  o.a.m.s.f.DefaultMavenResourcesFiltering - Copying 0 resource from src\main\resources to target\classes
2024-01-13 01:53:22,002 [Worker-73: Building] INFO  o.a.m.s.f.DefaultMavenResourcesFiltering - skip non existing resourceDirectory C:\Users\May\Downloads\Enviar\src\test\resources
2024-01-13 01:53:46,706 [Worker-72: Building] INFO  o.a.m.s.f.DefaultMavenResourcesFiltering - Copying 1 resource from src\main\resources to target\classes
2024-01-13 01:53:46,710 [Worker-72: Building] INFO  o.a.m.s.f.DefaultMavenResourcesFiltering - Copying 0 resource from src\main\resources to target\classes
2024-01-13 01:53:46,712 [Worker-72: Building] INFO  o.a.m.s.f.DefaultMavenResourcesFiltering - skip non existing resourceDirectory C:\Users\May\Downloads\Enviar\src\test\resources
2024-01-13 01:55:05,391 [Worker-72: Building] INFO  o.a.m.s.f.DefaultMavenResourcesFiltering - Copying 1 resource from src\main\resources to target\classes
2024-01-13 01:55:05,394 [Worker-72: Building] INFO  o.a.m.s.f.DefaultMavenResourcesFiltering - Copying 0 resource from src\main\resources to target\classes
2024-01-13 01:55:05,396 [Worker-72: Building] INFO  o.a.m.s.f.DefaultMavenResourcesFiltering - skip non existing resourceDirectory C:\Users\May\Downloads\Enviar\src\test\resources
2024-01-13 01:58:41,217 [Worker-70: Building] INFO  o.a.m.s.f.DefaultMavenResourcesFiltering - Copying 1 resource from src\main\resources to target\classes
2024-01-13 01:58:41,222 [Worker-70: Building] INFO  o.a.m.s.f.DefaultMavenResourcesFiltering - Copying 0 resource from src\main\resources to target\classes
2024-01-13 01:58:41,225 [Worker-70: Building] INFO  o.a.m.s.f.DefaultMavenResourcesFiltering - skip non existing resourceDirectory C:\Users\May\Downloads\Enviar\src\test\resources
2024-01-13 01:59:41,438 [Worker-70: Building] INFO  o.a.m.s.f.DefaultMavenResourcesFiltering - Copying 1 resource from src\main\resources to target\classes
2024-01-13 01:59:41,442 [Worker-70: Building] INFO  o.a.m.s.f.DefaultMavenResourcesFiltering - Copying 0 resource from src\main\resources to target\classes
2024-01-13 01:59:41,444 [Worker-70: Building] INFO  o.a.m.s.f.DefaultMavenResourcesFiltering - skip non existing resourceDirectory C:\Users\May\Downloads\Enviar\src\test\resources
2024-01-13 02:00:16,852 [Worker-74: Building] INFO  o.a.m.s.f.DefaultMavenResourcesFiltering - Copying 1 resource from src\main\resources to target\classes
2024-01-13 02:00:16,854 [Worker-74: Building] INFO  o.a.m.s.f.DefaultMavenResourcesFiltering - Copying 0 resource from src\main\resources to target\classes
2024-01-13 02:00:16,856 [Worker-74: Building] INFO  o.a.m.s.f.DefaultMavenResourcesFiltering - skip non existing resourceDirectory C:\Users\May\Downloads\Enviar\src\test\resources
2024-01-13 02:00:28,338 [Worker-74: Building] INFO  o.a.m.s.f.DefaultMavenResourcesFiltering - Copying 1 resource from src\main\resources to target\classes
2024-01-13 02:00:28,341 [Worker-74: Building] INFO  o.a.m.s.f.DefaultMavenResourcesFiltering - Copying 0 resource from src\main\resources to target\classes
2024-01-13 02:00:28,343 [Worker-74: Building] INFO  o.a.m.s.f.DefaultMavenResourcesFiltering - skip non existing resourceDirectory C:\Users\May\Downloads\Enviar\src\test\resources
2024-01-13 02:00:50,373 [Worker-70: Building] INFO  o.a.m.s.f.DefaultMavenResourcesFiltering - Copying 1 resource from src\main\resources to target\classes
2024-01-13 02:00:50,378 [Worker-70: Building] INFO  o.a.m.s.f.DefaultMavenResourcesFiltering - Copying 0 resource from src\main\resources to target\classes
2024-01-13 02:00:50,382 [Worker-70: Building] INFO  o.a.m.s.f.DefaultMavenResourcesFiltering - skip non existing resourceDirectory C:\Users\May\Downloads\Enviar\src\test\resources
2024-01-13 02:00:56,150 [Worker-75: Building] INFO  o.a.m.s.f.DefaultMavenResourcesFiltering - Copying 1 resource from src\main\resources to target\classes
2024-01-13 02:00:56,153 [Worker-75: Building] INFO  o.a.m.s.f.DefaultMavenResourcesFiltering - Copying 0 resource from src\main\resources to target\classes
2024-01-13 02:00:56,155 [Worker-75: Building] INFO  o.a.m.s.f.DefaultMavenResourcesFiltering - skip non existing resourceDirectory C:\Users\May\Downloads\Enviar\src\test\resources
2024-01-13 02:01:02,339 [Worker-76: Building] INFO  o.a.m.s.f.DefaultMavenResourcesFiltering - Copying 1 resource from src\main\resources to target\classes
2024-01-13 02:01:02,342 [Worker-76: Building] INFO  o.a.m.s.f.DefaultMavenResourcesFiltering - Copying 0 resource from src\main\resources to target\classes
2024-01-13 02:01:02,344 [Worker-76: Building] INFO  o.a.m.s.f.DefaultMavenResourcesFiltering - skip non existing resourceDirectory C:\Users\May\Downloads\Enviar\src\test\resources
2024-01-13 02:01:13,226 [Worker-74: Building] INFO  o.a.m.s.f.DefaultMavenResourcesFiltering - Copying 1 resource from src\main\resources to target\classes
2024-01-13 02:01:13,230 [Worker-74: Building] INFO  o.a.m.s.f.DefaultMavenResourcesFiltering - Copying 0 resource from src\main\resources to target\classes
2024-01-13 02:01:13,232 [Worker-74: Building] INFO  o.a.m.s.f.DefaultMavenResourcesFiltering - skip non existing resourceDirectory C:\Users\May\Downloads\Enviar\src\test\resources
2024-01-13 02:01:21,127 [Worker-75: Building] INFO  o.a.m.s.f.DefaultMavenResourcesFiltering - Copying 1 resource from src\main\resources to target\classes
2024-01-13 02:01:21,131 [Worker-75: Building] INFO  o.a.m.s.f.DefaultMavenResourcesFiltering - Copying 0 resource from src\main\resources to target\classes
2024-01-13 02:01:21,132 [Worker-75: Building] INFO  o.a.m.s.f.DefaultMavenResourcesFiltering - skip non existing resourceDirectory C:\Users\May\Downloads\Enviar\src\test\resources
2024-01-13 02:01:59,200 [Worker-76: Building] INFO  o.a.m.s.f.DefaultMavenResourcesFiltering - Copying 1 resource from src\main\resources to target\classes
2024-01-13 02:01:59,204 [Worker-76: Building] INFO  o.a.m.s.f.DefaultMavenResourcesFiltering - Copying 0 resource from src\main\resources to target\classes
2024-01-13 02:01:59,206 [Worker-76: Building] INFO  o.a.m.s.f.DefaultMavenResourcesFiltering - skip non existing resourceDirectory C:\Users\May\Downloads\Enviar\src\test\resources
2024-01-13 02:28:17,330 [Worker-86: Building] INFO  o.a.m.s.f.DefaultMavenResourcesFiltering - Copying 1 resource from src\main\resources to target\classes
2024-01-13 02:28:17,335 [Worker-86: Building] INFO  o.a.m.s.f.DefaultMavenResourcesFiltering - Copying 0 resource from src\main\resources to target\classes
2024-01-13 02:28:17,337 [Worker-86: Building] INFO  o.a.m.s.f.DefaultMavenResourcesFiltering - skip non existing resourceDirectory C:\Users\May\Downloads\Enviar\src\test\resources
2024-01-13 02:43:07,915 [Worker-91: Building] INFO  o.a.m.s.f.DefaultMavenResourcesFiltering - Copying 1 resource from src\main\resources to target\classes
2024-01-13 02:43:07,927 [Worker-91: Building] INFO  o.a.m.s.f.DefaultMavenResourcesFiltering - Copying 0 resource from src\main\resources to target\classes
2024-01-13 02:43:07,929 [Worker-91: Building] INFO  o.a.m.s.f.DefaultMavenResourcesFiltering - skip non existing resourceDirectory C:\Users\May\Downloads\Enviar\src\test\resources
2024-01-13 02:46:13,057 [Worker-91: Building] INFO  o.a.m.s.f.DefaultMavenResourcesFiltering - Copying 1 resource from src\main\resources to target\classes
2024-01-13 02:46:13,062 [Worker-91: Building] INFO  o.a.m.s.f.DefaultMavenResourcesFiltering - Copying 0 resource from src\main\resources to target\classes
2024-01-13 02:46:13,063 [Worker-91: Building] INFO  o.a.m.s.f.DefaultMavenResourcesFiltering - skip non existing resourceDirectory C:\Users\May\Downloads\Enviar\src\test\resources
2024-01-13 02:50:39,277 [Worker-85: Building] INFO  o.a.m.s.f.DefaultMavenResourcesFiltering - Copying 1 resource from src\main\resources to target\classes
2024-01-13 02:50:39,288 [Worker-85: Building] INFO  o.a.m.s.f.DefaultMavenResourcesFiltering - Copying 0 resource from src\main\resources to target\classes
2024-01-13 02:50:39,290 [Worker-85: Building] INFO  o.a.m.s.f.DefaultMavenResourcesFiltering - skip non existing resourceDirectory C:\Users\May\Downloads\Enviar\src\test\resources
2024-01-13 02:54:05,083 [Worker-77: Building] INFO  o.a.m.s.f.DefaultMavenResourcesFiltering - Copying 1 resource from src\main\resources to target\classes
2024-01-13 02:54:05,086 [Worker-77: Building] INFO  o.a.m.s.f.DefaultMavenResourcesFiltering - Copying 0 resource from src\main\resources to target\classes
2024-01-13 02:54:05,088 [Worker-77: Building] INFO  o.a.m.s.f.DefaultMavenResourcesFiltering - skip non existing resourceDirectory C:\Users\May\Downloads\Enviar\src\test\resources
2024-01-13 02:54:09,194 [Worker-94: Building] INFO  o.a.m.s.f.DefaultMavenResourcesFiltering - Copying 1 resource from src\main\resources to target\classes
2024-01-13 02:54:09,198 [Worker-94: Building] INFO  o.a.m.s.f.DefaultMavenResourcesFiltering - Copying 0 resource from src\main\resources to target\classes
2024-01-13 02:54:09,199 [Worker-94: Building] INFO  o.a.m.s.f.DefaultMavenResourcesFiltering - skip non existing resourceDirectory C:\Users\May\Downloads\Enviar\src\test\resources
2024-01-13 02:56:59,062 [Worker-94: Building] INFO  o.a.m.s.f.DefaultMavenResourcesFiltering - Copying 1 resource from src\main\resources to target\classes
2024-01-13 02:56:59,066 [Worker-94: Building] INFO  o.a.m.s.f.DefaultMavenResourcesFiltering - Copying 0 resource from src\main\resources to target\classes
2024-01-13 02:56:59,068 [Worker-94: Building] INFO  o.a.m.s.f.DefaultMavenResourcesFiltering - skip non existing resourceDirectory C:\Users\May\Downloads\Enviar\src\test\resources
2024-01-13 02:57:26,182 [Worker-94: Building] INFO  o.a.m.s.f.DefaultMavenResourcesFiltering - Copying 1 resource from src\main\resources to target\classes
2024-01-13 02:57:26,186 [Worker-94: Building] INFO  o.a.m.s.f.DefaultMavenResourcesFiltering - Copying 0 resource from src\main\resources to target\classes
2024-01-13 02:57:26,187 [Worker-94: Building] INFO  o.a.m.s.f.DefaultMavenResourcesFiltering - skip non existing resourceDirectory C:\Users\May\Downloads\Enviar\src\test\resources
2024-01-13 02:57:53,506 [Worker-77: Building] INFO  o.a.m.s.f.DefaultMavenResourcesFiltering - Copying 1 resource from src\main\resources to target\classes
2024-01-13 02:57:53,510 [Worker-77: Building] INFO  o.a.m.s.f.DefaultMavenResourcesFiltering - Copying 0 resource from src\main\resources to target\classes
2024-01-13 02:57:53,511 [Worker-77: Building] INFO  o.a.m.s.f.DefaultMavenResourcesFiltering - skip non existing resourceDirectory C:\Users\May\Downloads\Enviar\src\test\resources
2024-01-13 02:58:10,332 [Worker-77: Building] INFO  o.a.m.s.f.DefaultMavenResourcesFiltering - Copying 1 resource from src\main\resources to target\classes
2024-01-13 02:58:10,335 [Worker-77: Building] INFO  o.a.m.s.f.DefaultMavenResourcesFiltering - Copying 0 resource from src\main\resources to target\classes
2024-01-13 02:58:10,336 [Worker-77: Building] INFO  o.a.m.s.f.DefaultMavenResourcesFiltering - skip non existing resourceDirectory C:\Users\May\Downloads\Enviar\src\test\resources
2024-01-13 02:58:35,432 [Worker-77: Building] INFO  o.a.m.s.f.DefaultMavenResourcesFiltering - Copying 1 resource from src\main\resources to target\classes
2024-01-13 02:58:35,470 [Worker-77: Building] INFO  o.a.m.s.f.DefaultMavenResourcesFiltering - Copying 0 resource from src\main\resources to target\classes
2024-01-13 02:58:35,472 [Worker-77: Building] INFO  o.a.m.s.f.DefaultMavenResourcesFiltering - skip non existing resourceDirectory C:\Users\May\Downloads\Enviar\src\test\resources
2024-01-13 03:00:01,894 [Stop Help Server] INFO  org.eclipse.jetty.server.Server - Stopped oejs.Server@27399bb9{STOPPING}[12.0.3,sto=0]
2024-01-13 03:00:01,897 [Stop Help Server] INFO  o.e.jetty.server.AbstractConnector - Stopped ServerConnector@1988b2b3{HTTP/1.1, (http/1.1)}{127.0.0.1:0}
2024-01-15 01:56:34,267 [Worker-0: Loading available Gradle versions] INFO  o.e.b.c.i.u.g.PublishedGradleVersions - Gradle version information cache is out-of-date. Trying to update.
2024-01-15 02:46:58,220 [Start Help Server] INFO  org.eclipse.jetty.server.Server - jetty-12.0.3; built: 2023-10-27T03:25:22.284Z; git: a873259fd5af141dedaa6c7fa8fe8fbdedce0d61; jvm 21.0.1+12-LTS-29
2024-01-15 02:46:58,265 [Start Help Server] INFO  o.e.j.server.handler.ContextHandler - Started oeje8n.ContextHandler$CoreContextHandler@18addf50{/help,/help,b=null,a=AVAILABLE,h=oeje8n.ContextHandler$CoreContextHandler$CoreToNestedHandler@7f003e2b{STARTED}}
2024-01-15 02:46:58,265 [Start Help Server] INFO  o.e.j.s.DefaultSessionIdManager - Session workerName=node0
2024-01-15 02:46:58,286 [Start Help Server] INFO  o.e.jetty.server.AbstractConnector - Started ServerConnector@5c5118ed{HTTP/1.1, (http/1.1)}{127.0.0.1:56168}
2024-01-15 02:46:58,307 [Start Help Server] INFO  org.eclipse.jetty.server.Server - Started oejs.Server@66182339{STARTING}[12.0.3,sto=0] @3032486ms
2024-01-15 02:50:23,336 [Worker-32: Building] INFO  o.a.m.s.f.DefaultMavenResourcesFiltering - Copying 1 resource from src\main\resources to target\classes
2024-01-15 02:50:23,346 [Worker-32: Building] INFO  o.a.m.s.f.DefaultMavenResourcesFiltering - Copying 0 resource from src\main\resources to target\classes
2024-01-15 02:50:23,350 [Worker-32: Building] INFO  o.a.m.s.f.DefaultMavenResourcesFiltering - skip non existing resourceDirectory C:\Users\May\Downloads\Enviar\src\test\resources
2024-01-18 19:01:35,599 [Worker-0: Loading available Gradle versions] INFO  o.e.b.c.i.u.g.PublishedGradleVersions - Gradle version information cache is out-of-date. Trying to update.
2024-01-25 19:58:57,088 [Worker-5: Loading available Gradle versions] INFO  o.e.b.c.i.u.g.PublishedGradleVersions - Gradle version information cache is up-to-date. Trying to read.
2024-01-25 19:59:00,787 [Worker-3: Building] INFO  o.a.m.s.f.DefaultMavenResourcesFiltering - Copying 1 resource from src\main\resources to target\classes
2024-01-25 19:59:00,824 [Worker-3: Building] INFO  o.a.m.s.f.DefaultMavenResourcesFiltering - Copying 0 resource from src\main\resources to target\classes
2024-01-25 19:59:00,834 [Worker-3: Building] INFO  o.a.m.s.f.DefaultMavenResourcesFiltering - skip non existing resourceDirectory C:\Users\May\Downloads\Enviar\src\test\resources
2024-01-25 19:59:02,108 [Worker-3: Building] INFO  o.a.m.s.f.DefaultMavenResourcesFiltering - Copying 1 resource from src\main\resources to target\classes
2024-01-25 19:59:02,117 [Worker-3: Building] INFO  o.a.m.s.f.DefaultMavenResourcesFiltering - Copying 0 resource from src\main\resources to target\classes
2024-01-25 19:59:02,121 [Worker-3: Building] INFO  o.a.m.s.f.DefaultMavenResourcesFiltering - skip non existing resourceDirectory C:\Users\May\Downloads\Pedir\src\test\resources
2024-01-25 19:59:04,065 [Worker-6: Building] INFO  o.e.m.c.i.l.LifecycleMappingFactory - Using org.eclipse.m2e.jdt.JarLifecycleMapping lifecycle mapping for MavenProject: proyecto:Pedir:0.0.1-SNAPSHOT @ C:\Users\May\Downloads\Pedir\pom.xml.
2024-01-25 20:41:52,422 [Worker-3: Loading available Gradle versions] INFO  o.e.b.c.i.u.g.PublishedGradleVersions - Gradle version information cache is up-to-date. Trying to read.
2024-01-30 20:47:18,512 [Worker-3: Loading available Gradle versions] INFO  o.e.b.c.i.u.g.PublishedGradleVersions - Gradle version information cache is out-of-date. Trying to update.
2024-01-30 20:51:33,275 [Worker-5: Loading available Gradle versions] INFO  o.e.b.c.i.u.g.PublishedGradleVersions - Gradle version information cache is up-to-date. Trying to read.
2024-01-30 20:52:31,371 [Worker-21: Building] INFO  o.e.m.c.i.l.LifecycleMappingFactory - Using org.eclipse.m2e.jdt.JarLifecycleMapping lifecycle mapping for MavenProject: proyecto:Enviar:0.0.1-SNAPSHOT @ C:\Users\May\Downloads\Enviar\pom.xml.
2024-01-30 20:52:32,602 [Worker-21: Building] INFO  o.a.m.s.f.DefaultMavenResourcesFiltering - Copying 1 resource from src\main\resources to target\classes
2024-01-30 20:52:32,619 [Worker-21: Building] INFO  o.a.m.s.f.DefaultMavenResourcesFiltering - Copying 0 resource from src\main\resources to target\classes
2024-01-30 20:52:32,622 [Worker-21: Building] INFO  o.a.m.s.f.DefaultMavenResourcesFiltering - skip non existing resourceDirectory C:\Users\May\Downloads\Enviar\src\test\resources
2024-01-30 20:52:33,490 [Worker-21: Building] INFO  o.a.m.s.f.DefaultMavenResourcesFiltering - Copying 1 resource from src\main\resources to target\classes
2024-01-30 20:52:33,506 [Worker-21: Building] INFO  o.a.m.s.f.DefaultMavenResourcesFiltering - Copying 0 resource from src\main\resources to target\classes
2024-01-30 20:52:33,508 [Worker-21: Building] INFO  o.a.m.s.f.DefaultMavenResourcesFiltering - skip non existing resourceDirectory C:\Users\May\Downloads\Pedir\src\test\resources
2024-02-01 19:02:19,535 [Worker-3: Loading available Gradle versions] INFO  o.e.b.c.i.u.g.PublishedGradleVersions - Gradle version information cache is out-of-date. Trying to update.
2024-02-21 15:54:51,605 [Worker-5: Loading available Gradle versions] INFO  o.e.b.c.i.u.g.PublishedGradleVersions - Gradle version information cache is out-of-date. Trying to update.
2024-03-06 16:21:40,481 [Worker-5: Loading available Gradle versions] INFO  o.e.b.c.i.u.g.PublishedGradleVersions - Gradle version information cache is out-of-date. Trying to update.
2024-07-16 17:21:16,431 [Worker-2: Loading available Gradle versions] INFO  o.e.b.c.i.u.g.PublishedGradleVersions - Gradle version information cache is out-of-date. Trying to update.
2024-07-26 17:46:23,125 [Worker-2: Loading available Gradle versions] INFO  o.e.b.c.i.u.g.PublishedGradleVersions - Gradle version information cache is out-of-date. Trying to update.
2024-07-26 17:46:59,292 [Worker-15: Update Maven projects configuration] INFO  o.e.m.c.i.p.ProjectConfigurationManager - Update started
2024-07-26 17:46:59,564 [Worker-15: Update Maven projects configuration] INFO  o.e.m.c.i.e.AbstractTransferListenerAdapter - Downloading https://repo.maven.apache.org/maven2/org/springframework/boot/spring-boot-starter-parent/3.3.2/spring-boot-starter-parent-3.3.2.pom
2024-07-26 17:46:59,589 [Worker-15: Update Maven projects configuration] INFO  o.e.m.c.i.e.AbstractTransferListenerAdapter - Downloaded https://repo.maven.apache.org/maven2/org/springframework/boot/spring-boot-starter-parent/3.3.2/spring-boot-starter-parent-3.3.2.pom
2024-07-26 17:46:59,610 [Worker-15: Update Maven projects configuration] INFO  o.e.m.c.i.e.AbstractTransferListenerAdapter - Downloading https://repo.maven.apache.org/maven2/org/springframework/boot/spring-boot-dependencies/3.3.2/spring-boot-dependencies-3.3.2.pom
2024-07-26 17:46:59,628 [Worker-15: Update Maven projects configuration] INFO  o.e.m.c.i.e.AbstractTransferListenerAdapter - Downloaded https://repo.maven.apache.org/maven2/org/springframework/boot/spring-boot-dependencies/3.3.2/spring-boot-dependencies-3.3.2.pom
2024-07-26 17:46:59,678 [Worker-15: Update Maven projects configuration] INFO  o.e.m.c.i.e.AbstractTransferListenerAdapter - Downloading https://repo.maven.apache.org/maven2/org/apache/activemq/artemis-bom/2.33.0/artemis-bom-2.33.0.pom
2024-07-26 17:46:59,682 [Worker-15: Update Maven projects configuration] INFO  o.e.m.c.i.e.AbstractTransferListenerAdapter - Downloaded https://repo.maven.apache.org/maven2/org/apache/activemq/artemis-bom/2.33.0/artemis-bom-2.33.0.pom
2024-07-26 17:46:59,699 [Worker-15: Update Maven projects configuration] INFO  o.e.m.c.i.e.AbstractTransferListenerAdapter - Downloading https://repo.maven.apache.org/maven2/org/apache/activemq/artemis-project/2.33.0/artemis-project-2.33.0.pom
2024-07-26 17:46:59,706 [Worker-15: Update Maven projects configuration] INFO  o.e.m.c.i.e.AbstractTransferListenerAdapter - Downloaded https://repo.maven.apache.org/maven2/org/apache/activemq/artemis-project/2.33.0/artemis-project-2.33.0.pom
2024-07-26 17:46:59,726 [Worker-15: Update Maven projects configuration] INFO  o.e.m.c.i.e.AbstractTransferListenerAdapter - Downloading https://repo.maven.apache.org/maven2/org/apache/apache/31/apache-31.pom
2024-07-26 17:46:59,729 [Worker-15: Update Maven projects configuration] INFO  o.e.m.c.i.e.AbstractTransferListenerAdapter - Downloaded https://repo.maven.apache.org/maven2/org/apache/apache/31/apache-31.pom
2024-07-26 17:46:59,763 [Worker-15: Update Maven projects configuration] INFO  o.e.m.c.i.e.AbstractTransferListenerAdapter - Downloading https://repo.maven.apache.org/maven2/org/assertj/assertj-bom/3.25.3/assertj-bom-3.25.3.pom
2024-07-26 17:46:59,768 [Worker-15: Update Maven projects configuration] INFO  o.e.m.c.i.e.AbstractTransferListenerAdapter - Downloaded https://repo.maven.apache.org/maven2/org/assertj/assertj-bom/3.25.3/assertj-bom-3.25.3.pom
2024-07-26 17:46:59,788 [Worker-15: Update Maven projects configuration] INFO  o.e.m.c.i.e.AbstractTransferListenerAdapter - Downloading https://repo.maven.apache.org/maven2/io/zipkin/reporter2/zipkin-reporter-bom/3.4.0/zipkin-reporter-bom-3.4.0.pom
2024-07-26 17:46:59,792 [Worker-15: Update Maven projects configuration] INFO  o.e.m.c.i.e.AbstractTransferListenerAdapter - Downloaded https://repo.maven.apache.org/maven2/io/zipkin/reporter2/zipkin-reporter-bom/3.4.0/zipkin-reporter-bom-3.4.0.pom
2024-07-26 17:46:59,817 [Worker-15: Update Maven projects configuration] INFO  o.e.m.c.i.e.AbstractTransferListenerAdapter - Downloading https://repo.maven.apache.org/maven2/io/zipkin/brave/brave-bom/6.0.3/brave-bom-6.0.3.pom
2024-07-26 17:46:59,822 [Worker-15: Update Maven projects configuration] INFO  o.e.m.c.i.e.AbstractTransferListenerAdapter - Downloaded https://repo.maven.apache.org/maven2/io/zipkin/brave/brave-bom/6.0.3/brave-bom-6.0.3.pom
2024-07-26 17:46:59,848 [Worker-15: Update Maven projects configuration] INFO  o.e.m.c.i.e.AbstractTransferListenerAdapter - Downloading https://repo.maven.apache.org/maven2/org/apache/cassandra/java-driver-bom/4.18.1/java-driver-bom-4.18.1.pom
2024-07-26 17:46:59,851 [Worker-15: Update Maven projects configuration] INFO  o.e.m.c.i.e.AbstractTransferListenerAdapter - Downloaded https://repo.maven.apache.org/maven2/org/apache/cassandra/java-driver-bom/4.18.1/java-driver-bom-4.18.1.pom
2024-07-26 17:46:59,873 [Worker-15: Update Maven projects configuration] INFO  o.e.m.c.i.e.AbstractTransferListenerAdapter - Downloading https://repo.maven.apache.org/maven2/org/glassfish/jaxb/jaxb-bom/4.0.5/jaxb-bom-4.0.5.pom
2024-07-26 17:46:59,878 [Worker-15: Update Maven projects configuration] INFO  o.e.m.c.i.e.AbstractTransferListenerAdapter - Downloaded https://repo.maven.apache.org/maven2/org/glassfish/jaxb/jaxb-bom/4.0.5/jaxb-bom-4.0.5.pom
2024-07-26 17:46:59,894 [Worker-15: Update Maven projects configuration] INFO  o.e.m.c.i.e.AbstractTransferListenerAdapter - Downloading https://repo.maven.apache.org/maven2/org/eclipse/ee4j/project/1.0.9/project-1.0.9.pom
2024-07-26 17:46:59,898 [Worker-15: Update Maven projects configuration] INFO  o.e.m.c.i.e.AbstractTransferListenerAdapter - Downloaded https://repo.maven.apache.org/maven2/org/eclipse/ee4j/project/1.0.9/project-1.0.9.pom
2024-07-26 17:46:59,917 [Worker-15: Update Maven projects configuration] INFO  o.e.m.c.i.e.AbstractTransferListenerAdapter - Downloading https://repo.maven.apache.org/maven2/org/apache/groovy/groovy-bom/4.0.22/groovy-bom-4.0.22.pom
2024-07-26 17:46:59,921 [Worker-15: Update Maven projects configuration] INFO  o.e.m.c.i.e.AbstractTransferListenerAdapter - Downloaded https://repo.maven.apache.org/maven2/org/apache/groovy/groovy-bom/4.0.22/groovy-bom-4.0.22.pom
2024-07-26 17:46:59,938 [Worker-15: Update Maven projects configuration] INFO  o.e.m.c.i.e.AbstractTransferListenerAdapter - Downloading https://repo.maven.apache.org/maven2/org/infinispan/infinispan-bom/15.0.5.Final/infinispan-bom-15.0.5.Final.pom
2024-07-26 17:46:59,942 [Worker-15: Update Maven projects configuration] INFO  o.e.m.c.i.e.AbstractTransferListenerAdapter - Downloaded https://repo.maven.apache.org/maven2/org/infinispan/infinispan-bom/15.0.5.Final/infinispan-bom-15.0.5.Final.pom
2024-07-26 17:46:59,956 [Worker-15: Update Maven projects configuration] INFO  o.e.m.c.i.e.AbstractTransferListenerAdapter - Downloading https://repo.maven.apache.org/maven2/org/infinispan/infinispan-build-configuration-parent/15.0.5.Final/infinispan-build-configuration-parent-15.0.5.Final.pom
2024-07-26 17:46:59,960 [Worker-15: Update Maven projects configuration] INFO  o.e.m.c.i.e.AbstractTransferListenerAdapter - Downloaded https://repo.maven.apache.org/maven2/org/infinispan/infinispan-build-configuration-parent/15.0.5.Final/infinispan-build-configuration-parent-15.0.5.Final.pom
2024-07-26 17:46:59,977 [Worker-15: Update Maven projects configuration] INFO  o.e.m.c.i.e.AbstractTransferListenerAdapter - Downloading https://repo.maven.apache.org/maven2/org/jboss/jboss-parent/43/jboss-parent-43.pom
2024-07-26 17:46:59,981 [Worker-15: Update Maven projects configuration] INFO  o.e.m.c.i.e.AbstractTransferListenerAdapter - Downloaded https://repo.maven.apache.org/maven2/org/jboss/jboss-parent/43/jboss-parent-43.pom
2024-07-26 17:47:00,004 [Worker-15: Update Maven projects configuration] INFO  o.e.m.c.i.e.AbstractTransferListenerAdapter - Downloading https://repo.maven.apache.org/maven2/com/fasterxml/jackson/jackson-bom/2.17.2/jackson-bom-2.17.2.pom
2024-07-26 17:47:00,007 [Worker-15: Update Maven projects configuration] INFO  o.e.m.c.i.e.AbstractTransferListenerAdapter - Downloaded https://repo.maven.apache.org/maven2/com/fasterxml/jackson/jackson-bom/2.17.2/jackson-bom-2.17.2.pom
2024-07-26 17:47:00,023 [Worker-15: Update Maven projects configuration] INFO  o.e.m.c.i.e.AbstractTransferListenerAdapter - Downloading https://repo.maven.apache.org/maven2/com/fasterxml/jackson/jackson-parent/2.17/jackson-parent-2.17.pom
2024-07-26 17:47:00,026 [Worker-15: Update Maven projects configuration] INFO  o.e.m.c.i.e.AbstractTransferListenerAdapter - Downloaded https://repo.maven.apache.org/maven2/com/fasterxml/jackson/jackson-parent/2.17/jackson-parent-2.17.pom
2024-07-26 17:47:00,040 [Worker-15: Update Maven projects configuration] INFO  o.e.m.c.i.e.AbstractTransferListenerAdapter - Downloading https://repo.maven.apache.org/maven2/com/fasterxml/oss-parent/58/oss-parent-58.pom
2024-07-26 17:47:00,043 [Worker-15: Update Maven projects configuration] INFO  o.e.m.c.i.e.AbstractTransferListenerAdapter - Downloaded https://repo.maven.apache.org/maven2/com/fasterxml/oss-parent/58/oss-parent-58.pom
2024-07-26 17:47:00,060 [Worker-15: Update Maven projects configuration] INFO  o.e.m.c.i.e.AbstractTransferListenerAdapter - Downloading https://repo.maven.apache.org/maven2/org/glassfish/jersey/jersey-bom/3.1.7/jersey-bom-3.1.7.pom
2024-07-26 17:47:00,062 [Worker-15: Update Maven projects configuration] INFO  o.e.m.c.i.e.AbstractTransferListenerAdapter - Downloaded https://repo.maven.apache.org/maven2/org/glassfish/jersey/jersey-bom/3.1.7/jersey-bom-3.1.7.pom
2024-07-26 17:47:00,081 [Worker-15: Update Maven projects configuration] INFO  o.e.m.c.i.e.AbstractTransferListenerAdapter - Downloading https://repo.maven.apache.org/maven2/org/eclipse/jetty/ee10/jetty-ee10-bom/12.0.11/jetty-ee10-bom-12.0.11.pom
2024-07-26 17:47:00,084 [Worker-15: Update Maven projects configuration] INFO  o.e.m.c.i.e.AbstractTransferListenerAdapter - Downloaded https://repo.maven.apache.org/maven2/org/eclipse/jetty/ee10/jetty-ee10-bom/12.0.11/jetty-ee10-bom-12.0.11.pom
2024-07-26 17:47:00,103 [Worker-15: Update Maven projects configuration] INFO  o.e.m.c.i.e.AbstractTransferListenerAdapter - Downloading https://repo.maven.apache.org/maven2/org/eclipse/jetty/jetty-bom/12.0.11/jetty-bom-12.0.11.pom
2024-07-26 17:47:00,106 [Worker-15: Update Maven projects configuration] INFO  o.e.m.c.i.e.AbstractTransferListenerAdapter - Downloaded https://repo.maven.apache.org/maven2/org/eclipse/jetty/jetty-bom/12.0.11/jetty-bom-12.0.11.pom
2024-07-26 17:47:00,120 [Worker-15: Update Maven projects configuration] INFO  o.e.m.c.i.e.AbstractTransferListenerAdapter - Downloading https://repo.maven.apache.org/maven2/org/junit/junit-bom/5.10.3/junit-bom-5.10.3.pom
2024-07-26 17:47:00,123 [Worker-15: Update Maven projects configuration] INFO  o.e.m.c.i.e.AbstractTransferListenerAdapter - Downloaded https://repo.maven.apache.org/maven2/org/junit/junit-bom/5.10.3/junit-bom-5.10.3.pom
2024-07-26 17:47:00,138 [Worker-15: Update Maven projects configuration] INFO  o.e.m.c.i.e.AbstractTransferListenerAdapter - Downloading https://repo.maven.apache.org/maven2/org/jetbrains/kotlin/kotlin-bom/1.9.24/kotlin-bom-1.9.24.pom
2024-07-26 17:47:00,141 [Worker-15: Update Maven projects configuration] INFO  o.e.m.c.i.e.AbstractTransferListenerAdapter - Downloaded https://repo.maven.apache.org/maven2/org/jetbrains/kotlin/kotlin-bom/1.9.24/kotlin-bom-1.9.24.pom
2024-07-26 17:47:00,158 [Worker-15: Update Maven projects configuration] INFO  o.e.m.c.i.e.AbstractTransferListenerAdapter - Downloading https://repo.maven.apache.org/maven2/org/jetbrains/kotlinx/kotlinx-coroutines-bom/1.8.1/kotlinx-coroutines-bom-1.8.1.pom
2024-07-26 17:47:00,161 [Worker-15: Update Maven projects configuration] INFO  o.e.m.c.i.e.AbstractTransferListenerAdapter - Downloaded https://repo.maven.apache.org/maven2/org/jetbrains/kotlinx/kotlinx-coroutines-bom/1.8.1/kotlinx-coroutines-bom-1.8.1.pom
2024-07-26 17:47:00,176 [Worker-15: Update Maven projects configuration] INFO  o.e.m.c.i.e.AbstractTransferListenerAdapter - Downloading https://repo.maven.apache.org/maven2/org/jetbrains/kotlinx/kotlinx-serialization-bom/1.6.3/kotlinx-serialization-bom-1.6.3.pom
2024-07-26 17:47:00,180 [Worker-15: Update Maven projects configuration] INFO  o.e.m.c.i.e.AbstractTransferListenerAdapter - Downloaded https://repo.maven.apache.org/maven2/org/jetbrains/kotlinx/kotlinx-serialization-bom/1.6.3/kotlinx-serialization-bom-1.6.3.pom
2024-07-26 17:47:00,199 [Worker-15: Update Maven projects configuration] INFO  o.e.m.c.i.e.AbstractTransferListenerAdapter - Downloading https://repo.maven.apache.org/maven2/org/apache/logging/log4j/log4j-bom/2.23.1/log4j-bom-2.23.1.pom
2024-07-26 17:47:00,203 [Worker-15: Update Maven projects configuration] INFO  o.e.m.c.i.e.AbstractTransferListenerAdapter - Downloaded https://repo.maven.apache.org/maven2/org/apache/logging/log4j/log4j-bom/2.23.1/log4j-bom-2.23.1.pom
2024-07-26 17:47:00,219 [Worker-15: Update Maven projects configuration] INFO  o.e.m.c.i.e.AbstractTransferListenerAdapter - Downloading https://repo.maven.apache.org/maven2/org/apache/logging/logging-parent/10.6.0/logging-parent-10.6.0.pom
2024-07-26 17:47:00,226 [Worker-15: Update Maven projects configuration] INFO  o.e.m.c.i.e.AbstractTransferListenerAdapter - Downloaded https://repo.maven.apache.org/maven2/org/apache/logging/logging-parent/10.6.0/logging-parent-10.6.0.pom
2024-07-26 17:47:00,248 [Worker-15: Update Maven projects configuration] INFO  o.e.m.c.i.e.AbstractTransferListenerAdapter - Downloading https://repo.maven.apache.org/maven2/io/micrometer/micrometer-bom/1.13.2/micrometer-bom-1.13.2.pom
2024-07-26 17:47:00,252 [Worker-15: Update Maven projects configuration] INFO  o.e.m.c.i.e.AbstractTransferListenerAdapter - Downloaded https://repo.maven.apache.org/maven2/io/micrometer/micrometer-bom/1.13.2/micrometer-bom-1.13.2.pom
2024-07-26 17:47:00,268 [Worker-15: Update Maven projects configuration] INFO  o.e.m.c.i.e.AbstractTransferListenerAdapter - Downloading https://repo.maven.apache.org/maven2/io/micrometer/micrometer-tracing-bom/1.3.2/micrometer-tracing-bom-1.3.2.pom
2024-07-26 17:47:00,271 [Worker-15: Update Maven projects configuration] INFO  o.e.m.c.i.e.AbstractTransferListenerAdapter - Downloaded https://repo.maven.apache.org/maven2/io/micrometer/micrometer-tracing-bom/1.3.2/micrometer-tracing-bom-1.3.2.pom
2024-07-26 17:47:00,285 [Worker-15: Update Maven projects configuration] INFO  o.e.m.c.i.e.AbstractTransferListenerAdapter - Downloading https://repo.maven.apache.org/maven2/org/mockito/mockito-bom/5.11.0/mockito-bom-5.11.0.pom
2024-07-26 17:47:00,288 [Worker-15: Update Maven projects configuration] INFO  o.e.m.c.i.e.AbstractTransferListenerAdapter - Downloaded https://repo.maven.apache.org/maven2/org/mockito/mockito-bom/5.11.0/mockito-bom-5.11.0.pom
2024-07-26 17:47:00,305 [Worker-15: Update Maven projects configuration] INFO  o.e.m.c.i.e.AbstractTransferListenerAdapter - Downloading https://repo.maven.apache.org/maven2/io/netty/netty-bom/4.1.111.Final/netty-bom-4.1.111.Final.pom
2024-07-26 17:47:00,308 [Worker-15: Update Maven projects configuration] INFO  o.e.m.c.i.e.AbstractTransferListenerAdapter - Downloaded https://repo.maven.apache.org/maven2/io/netty/netty-bom/4.1.111.Final/netty-bom-4.1.111.Final.pom
2024-07-26 17:47:00,331 [Worker-15: Update Maven projects configuration] INFO  o.e.m.c.i.e.AbstractTransferListenerAdapter - Downloading https://repo.maven.apache.org/maven2/io/opentelemetry/opentelemetry-bom/1.37.0/opentelemetry-bom-1.37.0.pom
2024-07-26 17:47:00,335 [Worker-15: Update Maven projects configuration] INFO  o.e.m.c.i.e.AbstractTransferListenerAdapter - Downloaded https://repo.maven.apache.org/maven2/io/opentelemetry/opentelemetry-bom/1.37.0/opentelemetry-bom-1.37.0.pom
2024-07-26 17:47:00,351 [Worker-15: Update Maven projects configuration] INFO  o.e.m.c.i.e.AbstractTransferListenerAdapter - Downloading https://repo.maven.apache.org/maven2/io/prometheus/prometheus-metrics-bom/1.2.1/prometheus-metrics-bom-1.2.1.pom
2024-07-26 17:47:00,354 [Worker-15: Update Maven projects configuration] INFO  o.e.m.c.i.e.AbstractTransferListenerAdapter - Downloaded https://repo.maven.apache.org/maven2/io/prometheus/prometheus-metrics-bom/1.2.1/prometheus-metrics-bom-1.2.1.pom
2024-07-26 17:47:00,369 [Worker-15: Update Maven projects configuration] INFO  o.e.m.c.i.e.AbstractTransferListenerAdapter - Downloading https://repo.maven.apache.org/maven2/io/prometheus/client_java/1.2.1/client_java-1.2.1.pom
2024-07-26 17:47:00,372 [Worker-15: Update Maven projects configuration] INFO  o.e.m.c.i.e.AbstractTransferListenerAdapter - Downloaded https://repo.maven.apache.org/maven2/io/prometheus/client_java/1.2.1/client_java-1.2.1.pom
2024-07-26 17:47:00,396 [Worker-15: Update Maven projects configuration] INFO  o.e.m.c.i.e.AbstractTransferListenerAdapter - Downloading https://repo.maven.apache.org/maven2/org/apache/pulsar/pulsar-bom/3.2.3/pulsar-bom-3.2.3.pom
2024-07-26 17:47:00,400 [Worker-15: Update Maven projects configuration] INFO  o.e.m.c.i.e.AbstractTransferListenerAdapter - Downloaded https://repo.maven.apache.org/maven2/org/apache/pulsar/pulsar-bom/3.2.3/pulsar-bom-3.2.3.pom
2024-07-26 17:47:00,420 [Worker-15: Update Maven projects configuration] INFO  o.e.m.c.i.e.AbstractTransferListenerAdapter - Downloading https://repo.maven.apache.org/maven2/com/querydsl/querydsl-bom/5.1.0/querydsl-bom-5.1.0.pom
2024-07-26 17:47:00,423 [Worker-15: Update Maven projects configuration] INFO  o.e.m.c.i.e.AbstractTransferListenerAdapter - Downloaded https://repo.maven.apache.org/maven2/com/querydsl/querydsl-bom/5.1.0/querydsl-bom-5.1.0.pom
2024-07-26 17:47:00,440 [Worker-15: Update Maven projects configuration] INFO  o.e.m.c.i.e.AbstractTransferListenerAdapter - Downloading https://repo.maven.apache.org/maven2/io/projectreactor/reactor-bom/2023.0.8/reactor-bom-2023.0.8.pom
2024-07-26 17:47:00,443 [Worker-15: Update Maven projects configuration] INFO  o.e.m.c.i.e.AbstractTransferListenerAdapter - Downloaded https://repo.maven.apache.org/maven2/io/projectreactor/reactor-bom/2023.0.8/reactor-bom-2023.0.8.pom
2024-07-26 17:47:00,459 [Worker-15: Update Maven projects configuration] INFO  o.e.m.c.i.e.AbstractTransferListenerAdapter - Downloading https://repo.maven.apache.org/maven2/io/rest-assured/rest-assured-bom/5.4.0/rest-assured-bom-5.4.0.pom
2024-07-26 17:47:00,462 [Worker-15: Update Maven projects configuration] INFO  o.e.m.c.i.e.AbstractTransferListenerAdapter - Downloaded https://repo.maven.apache.org/maven2/io/rest-assured/rest-assured-bom/5.4.0/rest-assured-bom-5.4.0.pom
2024-07-26 17:47:00,481 [Worker-15: Update Maven projects configuration] INFO  o.e.m.c.i.e.AbstractTransferListenerAdapter - Downloading https://repo.maven.apache.org/maven2/org/seleniumhq/selenium/selenium-bom/4.19.1/selenium-bom-4.19.1.pom
2024-07-26 17:47:00,485 [Worker-15: Update Maven projects configuration] INFO  o.e.m.c.i.e.AbstractTransferListenerAdapter - Downloaded https://repo.maven.apache.org/maven2/org/seleniumhq/selenium/selenium-bom/4.19.1/selenium-bom-4.19.1.pom
2024-07-26 17:47:00,501 [Worker-15: Update Maven projects configuration] INFO  o.e.m.c.i.e.AbstractTransferListenerAdapter - Downloading https://repo.maven.apache.org/maven2/org/springframework/amqp/spring-amqp-bom/3.1.6/spring-amqp-bom-3.1.6.pom
2024-07-26 17:47:00,503 [Worker-15: Update Maven projects configuration] INFO  o.e.m.c.i.e.AbstractTransferListenerAdapter - Downloaded https://repo.maven.apache.org/maven2/org/springframework/amqp/spring-amqp-bom/3.1.6/spring-amqp-bom-3.1.6.pom
2024-07-26 17:47:00,518 [Worker-15: Update Maven projects configuration] INFO  o.e.m.c.i.e.AbstractTransferListenerAdapter - Downloading https://repo.maven.apache.org/maven2/org/springframework/batch/spring-batch-bom/5.1.2/spring-batch-bom-5.1.2.pom
2024-07-26 17:47:00,522 [Worker-15: Update Maven projects configuration] INFO  o.e.m.c.i.e.AbstractTransferListenerAdapter - Downloaded https://repo.maven.apache.org/maven2/org/springframework/batch/spring-batch-bom/5.1.2/spring-batch-bom-5.1.2.pom
2024-07-26 17:47:00,538 [Worker-15: Update Maven projects configuration] INFO  o.e.m.c.i.e.AbstractTransferListenerAdapter - Downloading https://repo.maven.apache.org/maven2/org/springframework/data/spring-data-bom/2024.0.2/spring-data-bom-2024.0.2.pom
2024-07-26 17:47:00,542 [Worker-15: Update Maven projects configuration] INFO  o.e.m.c.i.e.AbstractTransferListenerAdapter - Downloaded https://repo.maven.apache.org/maven2/org/springframework/data/spring-data-bom/2024.0.2/spring-data-bom-2024.0.2.pom
2024-07-26 17:47:00,558 [Worker-15: Update Maven projects configuration] INFO  o.e.m.c.i.e.AbstractTransferListenerAdapter - Downloading https://repo.maven.apache.org/maven2/org/springframework/spring-framework-bom/6.1.11/spring-framework-bom-6.1.11.pom
2024-07-26 17:47:00,562 [Worker-15: Update Maven projects configuration] INFO  o.e.m.c.i.e.AbstractTransferListenerAdapter - Downloaded https://repo.maven.apache.org/maven2/org/springframework/spring-framework-bom/6.1.11/spring-framework-bom-6.1.11.pom
2024-07-26 17:47:00,578 [Worker-15: Update Maven projects configuration] INFO  o.e.m.c.i.e.AbstractTransferListenerAdapter - Downloading https://repo.maven.apache.org/maven2/org/springframework/integration/spring-integration-bom/6.3.2/spring-integration-bom-6.3.2.pom
2024-07-26 17:47:00,581 [Worker-15: Update Maven projects configuration] INFO  o.e.m.c.i.e.AbstractTransferListenerAdapter - Downloaded https://repo.maven.apache.org/maven2/org/springframework/integration/spring-integration-bom/6.3.2/spring-integration-bom-6.3.2.pom
2024-07-26 17:47:00,598 [Worker-15: Update Maven projects configuration] INFO  o.e.m.c.i.e.AbstractTransferListenerAdapter - Downloading https://repo.maven.apache.org/maven2/org/springframework/pulsar/spring-pulsar-bom/1.1.2/spring-pulsar-bom-1.1.2.pom
2024-07-26 17:47:00,600 [Worker-15: Update Maven projects configuration] INFO  o.e.m.c.i.e.AbstractTransferListenerAdapter - Downloaded https://repo.maven.apache.org/maven2/org/springframework/pulsar/spring-pulsar-bom/1.1.2/spring-pulsar-bom-1.1.2.pom
2024-07-26 17:47:00,621 [Worker-15: Update Maven projects configuration] INFO  o.e.m.c.i.e.AbstractTransferListenerAdapter - Downloading https://repo.maven.apache.org/maven2/org/springframework/security/spring-security-bom/6.3.1/spring-security-bom-6.3.1.pom
2024-07-26 17:47:00,623 [Worker-15: Update Maven projects configuration] INFO  o.e.m.c.i.e.AbstractTransferListenerAdapter - Downloaded https://repo.maven.apache.org/maven2/org/springframework/security/spring-security-bom/6.3.1/spring-security-bom-6.3.1.pom
2024-07-26 17:47:00,638 [Worker-15: Update Maven projects configuration] INFO  o.e.m.c.i.e.AbstractTransferListenerAdapter - Downloading https://repo.maven.apache.org/maven2/org/springframework/session/spring-session-bom/3.3.1/spring-session-bom-3.3.1.pom
2024-07-26 17:47:00,640 [Worker-15: Update Maven projects configuration] INFO  o.e.m.c.i.e.AbstractTransferListenerAdapter - Downloaded https://repo.maven.apache.org/maven2/org/springframework/session/spring-session-bom/3.3.1/spring-session-bom-3.3.1.pom
2024-07-26 17:47:00,657 [Worker-15: Update Maven projects configuration] INFO  o.e.m.c.i.e.AbstractTransferListenerAdapter - Downloading https://repo.maven.apache.org/maven2/org/springframework/ws/spring-ws-bom/4.0.11/spring-ws-bom-4.0.11.pom
2024-07-26 17:47:00,659 [Worker-15: Update Maven projects configuration] INFO  o.e.m.c.i.e.AbstractTransferListenerAdapter - Downloaded https://repo.maven.apache.org/maven2/org/springframework/ws/spring-ws-bom/4.0.11/spring-ws-bom-4.0.11.pom
2024-07-26 17:47:00,675 [Worker-15: Update Maven projects configuration] INFO  o.e.m.c.i.e.AbstractTransferListenerAdapter - Downloading https://repo.maven.apache.org/maven2/org/testcontainers/testcontainers-bom/1.19.8/testcontainers-bom-1.19.8.pom
2024-07-26 17:47:00,678 [Worker-15: Update Maven projects configuration] INFO  o.e.m.c.i.e.AbstractTransferListenerAdapter - Downloaded https://repo.maven.apache.org/maven2/org/testcontainers/testcontainers-bom/1.19.8/testcontainers-bom-1.19.8.pom
2024-07-26 17:47:02,102 [Worker-15: Update Maven projects configuration] INFO  o.e.m.c.i.e.AbstractTransferListenerAdapter - Downloading https://repo.maven.apache.org/maven2/org/springframework/boot/spring-boot-maven-plugin/3.3.2/spring-boot-maven-plugin-3.3.2.pom
2024-07-26 17:47:02,105 [Worker-15: Update Maven projects configuration] INFO  o.e.m.c.i.e.AbstractTransferListenerAdapter - Downloaded https://repo.maven.apache.org/maven2/org/springframework/boot/spring-boot-maven-plugin/3.3.2/spring-boot-maven-plugin-3.3.2.pom
2024-07-26 17:47:02,128 [Worker-15: Update Maven projects configuration] INFO  o.e.m.c.i.e.AbstractTransferListenerAdapter - Downloading https://repo.maven.apache.org/maven2/org/springframework/boot/spring-boot-maven-plugin/3.3.2/spring-boot-maven-plugin-3.3.2.jar
2024-07-26 17:47:02,134 [Worker-15: Update Maven projects configuration] INFO  o.e.m.c.i.e.AbstractTransferListenerAdapter - Downloaded https://repo.maven.apache.org/maven2/org/springframework/boot/spring-boot-maven-plugin/3.3.2/spring-boot-maven-plugin-3.3.2.jar
2024-07-26 17:47:02,217 [Worker-15: Update Maven projects configuration] INFO  o.e.m.c.i.e.AbstractTransferListenerAdapter - Downloading https://repo.maven.apache.org/maven2/org/apache/maven/plugins/maven-compiler-plugin/3.13.0/maven-compiler-plugin-3.13.0.jar
2024-07-26 17:47:02,222 [Worker-15: Update Maven projects configuration] INFO  o.e.m.c.i.e.AbstractTransferListenerAdapter - Downloaded https://repo.maven.apache.org/maven2/org/apache/maven/plugins/maven-compiler-plugin/3.13.0/maven-compiler-plugin-3.13.0.jar
2024-07-26 17:47:02,242 [Worker-15: Update Maven projects configuration] INFO  o.e.m.c.i.e.AbstractTransferListenerAdapter - Downloading https://repo.maven.apache.org/maven2/org/apache/maven/plugins/maven-surefire-plugin/3.2.5/maven-surefire-plugin-3.2.5.jar
2024-07-26 17:47:02,246 [Worker-15: Update Maven projects configuration] INFO  o.e.m.c.i.e.AbstractTransferListenerAdapter - Downloaded https://repo.maven.apache.org/maven2/org/apache/maven/plugins/maven-surefire-plugin/3.2.5/maven-surefire-plugin-3.2.5.jar
2024-07-26 17:47:02,261 [Worker-15: Update Maven projects configuration] INFO  o.e.m.c.i.e.AbstractTransferListenerAdapter - Downloading https://repo.maven.apache.org/maven2/org/apache/maven/plugins/maven-jar-plugin/3.4.2/maven-jar-plugin-3.4.2.jar
2024-07-26 17:47:02,265 [Worker-15: Update Maven projects configuration] INFO  o.e.m.c.i.e.AbstractTransferListenerAdapter - Downloaded https://repo.maven.apache.org/maven2/org/apache/maven/plugins/maven-jar-plugin/3.4.2/maven-jar-plugin-3.4.2.jar
2024-07-26 17:47:02,285 [Worker-15: Update Maven projects configuration] INFO  o.e.m.c.i.e.AbstractTransferListenerAdapter - Downloading https://repo.maven.apache.org/maven2/org/apache/maven/plugins/maven-install-plugin/3.1.2/maven-install-plugin-3.1.2.jar
2024-07-26 17:47:02,288 [Worker-15: Update Maven projects configuration] INFO  o.e.m.c.i.e.AbstractTransferListenerAdapter - Downloaded https://repo.maven.apache.org/maven2/org/apache/maven/plugins/maven-install-plugin/3.1.2/maven-install-plugin-3.1.2.jar
2024-07-26 17:47:02,304 [Worker-15: Update Maven projects configuration] INFO  o.e.m.c.i.e.AbstractTransferListenerAdapter - Downloading https://repo.maven.apache.org/maven2/org/apache/maven/plugins/maven-deploy-plugin/3.1.2/maven-deploy-plugin-3.1.2.jar
2024-07-26 17:47:02,307 [Worker-15: Update Maven projects configuration] INFO  o.e.m.c.i.e.AbstractTransferListenerAdapter - Downloaded https://repo.maven.apache.org/maven2/org/apache/maven/plugins/maven-deploy-plugin/3.1.2/maven-deploy-plugin-3.1.2.jar
2024-07-26 17:47:02,337 [Worker-15: Update Maven projects configuration] INFO  o.e.m.c.i.e.AbstractTransferListenerAdapter - Downloading https://repo.maven.apache.org/maven2/org/apache/maven/plugins/maven-compiler-plugin/3.13.0/maven-compiler-plugin-3.13.0.pom
2024-07-26 17:47:02,341 [Worker-15: Update Maven projects configuration] INFO  o.e.m.c.i.e.AbstractTransferListenerAdapter - Downloaded https://repo.maven.apache.org/maven2/org/apache/maven/plugins/maven-compiler-plugin/3.13.0/maven-compiler-plugin-3.13.0.pom
2024-07-26 17:47:02,357 [Worker-15: Update Maven projects configuration] INFO  o.e.m.c.i.e.AbstractTransferListenerAdapter - Downloading https://repo.maven.apache.org/maven2/org/apache/maven/plugins/maven-plugins/41/maven-plugins-41.pom
2024-07-26 17:47:02,360 [Worker-15: Update Maven projects configuration] INFO  o.e.m.c.i.e.AbstractTransferListenerAdapter - Downloaded https://repo.maven.apache.org/maven2/org/apache/maven/plugins/maven-plugins/41/maven-plugins-41.pom
2024-07-26 17:47:02,377 [Worker-15: Update Maven projects configuration] INFO  o.e.m.c.i.e.AbstractTransferListenerAdapter - Downloading https://repo.maven.apache.org/maven2/org/apache/maven/maven-parent/41/maven-parent-41.pom
2024-07-26 17:47:02,381 [Worker-15: Update Maven projects configuration] INFO  o.e.m.c.i.e.AbstractTransferListenerAdapter - Downloaded https://repo.maven.apache.org/maven2/org/apache/maven/maven-parent/41/maven-parent-41.pom
2024-07-26 17:47:02,421 [Worker-15: Update Maven projects configuration] INFO  o.e.m.c.i.e.AbstractTransferListenerAdapter - Downloading https://repo.maven.apache.org/maven2/org/apache/maven/shared/maven-shared-utils/3.4.2/maven-shared-utils-3.4.2.pom
2024-07-26 17:47:02,424 [Worker-15: Update Maven projects configuration] INFO  o.e.m.c.i.e.AbstractTransferListenerAdapter - Downloaded https://repo.maven.apache.org/maven2/org/apache/maven/shared/maven-shared-utils/3.4.2/maven-shared-utils-3.4.2.pom
2024-07-26 17:47:02,495 [Worker-15: Update Maven projects configuration] INFO  o.e.m.c.i.e.AbstractTransferListenerAdapter - Downloading https://repo.maven.apache.org/maven2/org/codehaus/plexus/plexus-java/1.2.0/plexus-java-1.2.0.pom
2024-07-26 17:47:02,499 [Worker-15: Update Maven projects configuration] INFO  o.e.m.c.i.e.AbstractTransferListenerAdapter - Downloaded https://repo.maven.apache.org/maven2/org/codehaus/plexus/plexus-java/1.2.0/plexus-java-1.2.0.pom
2024-07-26 17:47:02,514 [Worker-15: Update Maven projects configuration] INFO  o.e.m.c.i.e.AbstractTransferListenerAdapter - Downloading https://repo.maven.apache.org/maven2/org/codehaus/plexus/plexus-languages/1.2.0/plexus-languages-1.2.0.pom
2024-07-26 17:47:02,518 [Worker-15: Update Maven projects configuration] INFO  o.e.m.c.i.e.AbstractTransferListenerAdapter - Downloaded https://repo.maven.apache.org/maven2/org/codehaus/plexus/plexus-languages/1.2.0/plexus-languages-1.2.0.pom
2024-07-26 17:47:02,535 [Worker-15: Update Maven projects configuration] INFO  o.e.m.c.i.e.AbstractTransferListenerAdapter - Downloading https://repo.maven.apache.org/maven2/org/codehaus/plexus/plexus/15/plexus-15.pom
2024-07-26 17:47:02,539 [Worker-15: Update Maven projects configuration] INFO  o.e.m.c.i.e.AbstractTransferListenerAdapter - Downloaded https://repo.maven.apache.org/maven2/org/codehaus/plexus/plexus/15/plexus-15.pom
2024-07-26 17:47:02,560 [Worker-15: Update Maven projects configuration] INFO  o.e.m.c.i.e.AbstractTransferListenerAdapter - Downloading https://repo.maven.apache.org/maven2/org/ow2/asm/asm/9.6/asm-9.6.pom
2024-07-26 17:47:02,563 [Worker-15: Update Maven projects configuration] INFO  o.e.m.c.i.e.AbstractTransferListenerAdapter - Downloaded https://repo.maven.apache.org/maven2/org/ow2/asm/asm/9.6/asm-9.6.pom
2024-07-26 17:47:02,601 [Worker-15: Update Maven projects configuration] INFO  o.e.m.c.i.e.AbstractTransferListenerAdapter - Downloading https://repo.maven.apache.org/maven2/org/codehaus/plexus/plexus-compiler-api/2.15.0/plexus-compiler-api-2.15.0.pom
2024-07-26 17:47:02,604 [Worker-15: Update Maven projects configuration] INFO  o.e.m.c.i.e.AbstractTransferListenerAdapter - Downloaded https://repo.maven.apache.org/maven2/org/codehaus/plexus/plexus-compiler-api/2.15.0/plexus-compiler-api-2.15.0.pom
2024-07-26 17:47:02,619 [Worker-15: Update Maven projects configuration] INFO  o.e.m.c.i.e.AbstractTransferListenerAdapter - Downloading https://repo.maven.apache.org/maven2/org/codehaus/plexus/plexus-compiler/2.15.0/plexus-compiler-2.15.0.pom
2024-07-26 17:47:02,622 [Worker-15: Update Maven projects configuration] INFO  o.e.m.c.i.e.AbstractTransferListenerAdapter - Downloaded https://repo.maven.apache.org/maven2/org/codehaus/plexus/plexus-compiler/2.15.0/plexus-compiler-2.15.0.pom
2024-07-26 17:47:02,640 [Worker-15: Update Maven projects configuration] INFO  o.e.m.c.i.e.AbstractTransferListenerAdapter - Downloading https://repo.maven.apache.org/maven2/org/codehaus/plexus/plexus/17/plexus-17.pom
2024-07-26 17:47:02,644 [Worker-15: Update Maven projects configuration] INFO  o.e.m.c.i.e.AbstractTransferListenerAdapter - Downloaded https://repo.maven.apache.org/maven2/org/codehaus/plexus/plexus/17/plexus-17.pom
2024-07-26 17:47:02,662 [Worker-15: Update Maven projects configuration] INFO  o.e.m.c.i.e.AbstractTransferListenerAdapter - Downloading https://repo.maven.apache.org/maven2/org/junit/junit-bom/5.10.2/junit-bom-5.10.2.pom
2024-07-26 17:47:02,665 [Worker-15: Update Maven projects configuration] INFO  o.e.m.c.i.e.AbstractTransferListenerAdapter - Downloaded https://repo.maven.apache.org/maven2/org/junit/junit-bom/5.10.2/junit-bom-5.10.2.pom
2024-07-26 17:47:02,700 [Worker-15: Update Maven projects configuration] INFO  o.e.m.c.i.e.AbstractTransferListenerAdapter - Downloading https://repo.maven.apache.org/maven2/org/codehaus/plexus/plexus-compiler-manager/2.15.0/plexus-compiler-manager-2.15.0.pom
2024-07-26 17:47:02,705 [Worker-15: Update Maven projects configuration] INFO  o.e.m.c.i.e.AbstractTransferListenerAdapter - Downloaded https://repo.maven.apache.org/maven2/org/codehaus/plexus/plexus-compiler-manager/2.15.0/plexus-compiler-manager-2.15.0.pom
2024-07-26 17:47:02,728 [Worker-15: Update Maven projects configuration] INFO  o.e.m.c.i.e.AbstractTransferListenerAdapter - Downloading https://repo.maven.apache.org/maven2/org/codehaus/plexus/plexus-xml/3.0.0/plexus-xml-3.0.0.pom
2024-07-26 17:47:02,732 [Worker-15: Update Maven projects configuration] INFO  o.e.m.c.i.e.AbstractTransferListenerAdapter - Downloaded https://repo.maven.apache.org/maven2/org/codehaus/plexus/plexus-xml/3.0.0/plexus-xml-3.0.0.pom
2024-07-26 17:47:02,747 [Worker-15: Update Maven projects configuration] INFO  o.e.m.c.i.e.AbstractTransferListenerAdapter - Downloading https://repo.maven.apache.org/maven2/org/codehaus/plexus/plexus-compiler-javac/2.15.0/plexus-compiler-javac-2.15.0.pom
2024-07-26 17:47:02,752 [Worker-15: Update Maven projects configuration] INFO  o.e.m.c.i.e.AbstractTransferListenerAdapter - Downloaded https://repo.maven.apache.org/maven2/org/codehaus/plexus/plexus-compiler-javac/2.15.0/plexus-compiler-javac-2.15.0.pom
2024-07-26 17:47:02,784 [Worker-15: Update Maven projects configuration] INFO  o.e.m.c.i.e.AbstractTransferListenerAdapter - Downloading https://repo.maven.apache.org/maven2/org/codehaus/plexus/plexus-compilers/2.15.0/plexus-compilers-2.15.0.pom
2024-07-26 17:47:02,787 [Worker-15: Update Maven projects configuration] INFO  o.e.m.c.i.e.AbstractTransferListenerAdapter - Downloaded https://repo.maven.apache.org/maven2/org/codehaus/plexus/plexus-compilers/2.15.0/plexus-compilers-2.15.0.pom
2024-07-26 17:47:02,823 [Worker-15: Update Maven projects configuration] INFO  o.e.m.c.i.e.AbstractTransferListenerAdapter - Downloading https://repo.maven.apache.org/maven2/org/apache/maven/shared/maven-shared-utils/3.4.2/maven-shared-utils-3.4.2.jar
2024-07-26 17:47:02,828 [Worker-15: Update Maven projects configuration] INFO  o.e.m.c.i.e.AbstractTransferListenerAdapter - Downloaded https://repo.maven.apache.org/maven2/org/apache/maven/shared/maven-shared-utils/3.4.2/maven-shared-utils-3.4.2.jar
2024-07-26 17:47:02,840 [BasicRepositoryConnector-repo.maven.apache.org-0-2] INFO  o.e.m.c.i.e.AbstractTransferListenerAdapter - Downloading https://repo.maven.apache.org/maven2/org/codehaus/plexus/plexus-compiler-api/2.15.0/plexus-compiler-api-2.15.0.jar
2024-07-26 17:47:02,843 [BasicRepositoryConnector-repo.maven.apache.org-0-2] INFO  o.e.m.c.i.e.AbstractTransferListenerAdapter - Downloaded https://repo.maven.apache.org/maven2/org/codehaus/plexus/plexus-compiler-api/2.15.0/plexus-compiler-api-2.15.0.jar
2024-07-26 17:47:02,853 [BasicRepositoryConnector-repo.maven.apache.org-0-2] INFO  o.e.m.c.i.e.AbstractTransferListenerAdapter - Downloading https://repo.maven.apache.org/maven2/org/codehaus/plexus/plexus-compiler-javac/2.15.0/plexus-compiler-javac-2.15.0.jar
2024-07-26 17:47:02,856 [BasicRepositoryConnector-repo.maven.apache.org-0-2] INFO  o.e.m.c.i.e.AbstractTransferListenerAdapter - Downloaded https://repo.maven.apache.org/maven2/org/codehaus/plexus/plexus-compiler-javac/2.15.0/plexus-compiler-javac-2.15.0.jar
2024-07-26 17:47:02,870 [BasicRepositoryConnector-repo.maven.apache.org-0-3] INFO  o.e.m.c.i.e.AbstractTransferListenerAdapter - Downloading https://repo.maven.apache.org/maven2/org/codehaus/plexus/plexus-compiler-manager/2.15.0/plexus-compiler-manager-2.15.0.jar
2024-07-26 17:47:02,870 [BasicRepositoryConnector-repo.maven.apache.org-0-0] INFO  o.e.m.c.i.e.AbstractTransferListenerAdapter - Downloading https://repo.maven.apache.org/maven2/org/codehaus/plexus/plexus-java/1.2.0/plexus-java-1.2.0.jar
2024-07-26 17:47:02,870 [BasicRepositoryConnector-repo.maven.apache.org-0-1] INFO  o.e.m.c.i.e.AbstractTransferListenerAdapter - Downloading https://repo.maven.apache.org/maven2/org/ow2/asm/asm/9.6/asm-9.6.jar
2024-07-26 17:47:02,871 [BasicRepositoryConnector-repo.maven.apache.org-0-4] INFO  o.e.m.c.i.e.AbstractTransferListenerAdapter - Downloading https://repo.maven.apache.org/maven2/org/codehaus/plexus/plexus-xml/3.0.0/plexus-xml-3.0.0.jar
2024-07-26 17:47:02,874 [BasicRepositoryConnector-repo.maven.apache.org-0-3] INFO  o.e.m.c.i.e.AbstractTransferListenerAdapter - Downloaded https://repo.maven.apache.org/maven2/org/codehaus/plexus/plexus-compiler-manager/2.15.0/plexus-compiler-manager-2.15.0.jar
2024-07-26 17:47:02,882 [BasicRepositoryConnector-repo.maven.apache.org-0-0] INFO  o.e.m.c.i.e.AbstractTransferListenerAdapter - Downloaded https://repo.maven.apache.org/maven2/org/codehaus/plexus/plexus-java/1.2.0/plexus-java-1.2.0.jar
2024-07-26 17:47:02,888 [BasicRepositoryConnector-repo.maven.apache.org-0-1] INFO  o.e.m.c.i.e.AbstractTransferListenerAdapter - Downloaded https://repo.maven.apache.org/maven2/org/ow2/asm/asm/9.6/asm-9.6.jar
2024-07-26 17:47:02,889 [BasicRepositoryConnector-repo.maven.apache.org-0-4] INFO  o.e.m.c.i.e.AbstractTransferListenerAdapter - Downloaded https://repo.maven.apache.org/maven2/org/codehaus/plexus/plexus-xml/3.0.0/plexus-xml-3.0.0.jar
2024-07-26 17:47:03,014 [Worker-15: Update Maven projects configuration] INFO  o.e.m.c.i.l.LifecycleMappingFactory - Using org.eclipse.m2e.jdt.JarLifecycleMapping lifecycle mapping for MavenProject: trabajo:tfg:0.0.1-SNAPSHOT @ C:\Users\May\OneDrive\Documents\PAPELES IMPORTANTES\TFG\tfg\pom.xml.
2024-07-26 17:47:03,036 [Worker-15: Update Maven projects configuration] INFO  o.e.m.c.i.e.AbstractTransferListenerAdapter - Downloading https://repo.maven.apache.org/maven2/org/springframework/boot/spring-boot-starter-data-jpa/3.3.2/spring-boot-starter-data-jpa-3.3.2.pom
2024-07-26 17:47:03,039 [Worker-15: Update Maven projects configuration] INFO  o.e.m.c.i.e.AbstractTransferListenerAdapter - Downloaded https://repo.maven.apache.org/maven2/org/springframework/boot/spring-boot-starter-data-jpa/3.3.2/spring-boot-starter-data-jpa-3.3.2.pom
2024-07-26 17:47:03,054 [Worker-15: Update Maven projects configuration] INFO  o.e.m.c.i.e.AbstractTransferListenerAdapter - Downloading https://repo.maven.apache.org/maven2/org/springframework/boot/spring-boot-starter-aop/3.3.2/spring-boot-starter-aop-3.3.2.pom
2024-07-26 17:47:03,056 [Worker-15: Update Maven projects configuration] INFO  o.e.m.c.i.e.AbstractTransferListenerAdapter - Downloaded https://repo.maven.apache.org/maven2/org/springframework/boot/spring-boot-starter-aop/3.3.2/spring-boot-starter-aop-3.3.2.pom
2024-07-26 17:47:03,071 [Worker-15: Update Maven projects configuration] INFO  o.e.m.c.i.e.AbstractTransferListenerAdapter - Downloading https://repo.maven.apache.org/maven2/org/springframework/boot/spring-boot-starter/3.3.2/spring-boot-starter-3.3.2.pom
2024-07-26 17:47:03,074 [Worker-15: Update Maven projects configuration] INFO  o.e.m.c.i.e.AbstractTransferListenerAdapter - Downloaded https://repo.maven.apache.org/maven2/org/springframework/boot/spring-boot-starter/3.3.2/spring-boot-starter-3.3.2.pom
2024-07-26 17:47:03,089 [Worker-15: Update Maven projects configuration] INFO  o.e.m.c.i.e.AbstractTransferListenerAdapter - Downloading https://repo.maven.apache.org/maven2/org/springframework/boot/spring-boot/3.3.2/spring-boot-3.3.2.pom
2024-07-26 17:47:03,092 [Worker-15: Update Maven projects configuration] INFO  o.e.m.c.i.e.AbstractTransferListenerAdapter - Downloaded https://repo.maven.apache.org/maven2/org/springframework/boot/spring-boot/3.3.2/spring-boot-3.3.2.pom
2024-07-26 17:47:03,105 [Worker-15: Update Maven projects configuration] INFO  o.e.m.c.i.e.AbstractTransferListenerAdapter - Downloading https://repo.maven.apache.org/maven2/org/springframework/spring-core/6.1.11/spring-core-6.1.11.pom
2024-07-26 17:47:03,108 [Worker-15: Update Maven projects configuration] INFO  o.e.m.c.i.e.AbstractTransferListenerAdapter - Downloaded https://repo.maven.apache.org/maven2/org/springframework/spring-core/6.1.11/spring-core-6.1.11.pom
2024-07-26 17:47:03,134 [Worker-15: Update Maven projects configuration] INFO  o.e.m.c.i.e.AbstractTransferListenerAdapter - Downloading https://repo.maven.apache.org/maven2/org/springframework/spring-jcl/6.1.11/spring-jcl-6.1.11.pom
2024-07-26 17:47:03,136 [Worker-15: Update Maven projects configuration] INFO  o.e.m.c.i.e.AbstractTransferListenerAdapter - Downloaded https://repo.maven.apache.org/maven2/org/springframework/spring-jcl/6.1.11/spring-jcl-6.1.11.pom
2024-07-26 17:47:03,153 [Worker-15: Update Maven projects configuration] INFO  o.e.m.c.i.e.AbstractTransferListenerAdapter - Downloading https://repo.maven.apache.org/maven2/org/springframework/spring-context/6.1.11/spring-context-6.1.11.pom
2024-07-26 17:47:03,155 [Worker-15: Update Maven projects configuration] INFO  o.e.m.c.i.e.AbstractTransferListenerAdapter - Downloaded https://repo.maven.apache.org/maven2/org/springframework/spring-context/6.1.11/spring-context-6.1.11.pom
2024-07-26 17:47:03,170 [Worker-15: Update Maven projects configuration] INFO  o.e.m.c.i.e.AbstractTransferListenerAdapter - Downloading https://repo.maven.apache.org/maven2/org/springframework/spring-aop/6.1.11/spring-aop-6.1.11.pom
2024-07-26 17:47:03,173 [Worker-15: Update Maven projects configuration] INFO  o.e.m.c.i.e.AbstractTransferListenerAdapter - Downloaded https://repo.maven.apache.org/maven2/org/springframework/spring-aop/6.1.11/spring-aop-6.1.11.pom
2024-07-26 17:47:03,193 [Worker-15: Update Maven projects configuration] INFO  o.e.m.c.i.e.AbstractTransferListenerAdapter - Downloading https://repo.maven.apache.org/maven2/org/springframework/spring-beans/6.1.11/spring-beans-6.1.11.pom
2024-07-26 17:47:03,195 [Worker-15: Update Maven projects configuration] INFO  o.e.m.c.i.e.AbstractTransferListenerAdapter - Downloaded https://repo.maven.apache.org/maven2/org/springframework/spring-beans/6.1.11/spring-beans-6.1.11.pom
2024-07-26 17:47:03,212 [Worker-15: Update Maven projects configuration] INFO  o.e.m.c.i.e.AbstractTransferListenerAdapter - Downloading https://repo.maven.apache.org/maven2/org/springframework/spring-expression/6.1.11/spring-expression-6.1.11.pom
2024-07-26 17:47:03,214 [Worker-15: Update Maven projects configuration] INFO  o.e.m.c.i.e.AbstractTransferListenerAdapter - Downloaded https://repo.maven.apache.org/maven2/org/springframework/spring-expression/6.1.11/spring-expression-6.1.11.pom
2024-07-26 17:47:03,229 [Worker-15: Update Maven projects configuration] INFO  o.e.m.c.i.e.AbstractTransferListenerAdapter - Downloading https://repo.maven.apache.org/maven2/io/micrometer/micrometer-observation/1.13.2/micrometer-observation-1.13.2.pom
2024-07-26 17:47:03,233 [Worker-15: Update Maven projects configuration] INFO  o.e.m.c.i.e.AbstractTransferListenerAdapter - Downloaded https://repo.maven.apache.org/maven2/io/micrometer/micrometer-observation/1.13.2/micrometer-observation-1.13.2.pom
2024-07-26 17:47:03,248 [Worker-15: Update Maven projects configuration] INFO  o.e.m.c.i.e.AbstractTransferListenerAdapter - Downloading https://repo.maven.apache.org/maven2/io/micrometer/micrometer-commons/1.13.2/micrometer-commons-1.13.2.pom
2024-07-26 17:47:03,252 [Worker-15: Update Maven projects configuration] INFO  o.e.m.c.i.e.AbstractTransferListenerAdapter - Downloaded https://repo.maven.apache.org/maven2/io/micrometer/micrometer-commons/1.13.2/micrometer-commons-1.13.2.pom
2024-07-26 17:47:03,269 [Worker-15: Update Maven projects configuration] INFO  o.e.m.c.i.e.AbstractTransferListenerAdapter - Downloading https://repo.maven.apache.org/maven2/org/springframework/boot/spring-boot-autoconfigure/3.3.2/spring-boot-autoconfigure-3.3.2.pom
2024-07-26 17:47:03,277 [Worker-15: Update Maven projects configuration] INFO  o.e.m.c.i.e.AbstractTransferListenerAdapter - Downloaded https://repo.maven.apache.org/maven2/org/springframework/boot/spring-boot-autoconfigure/3.3.2/spring-boot-autoconfigure-3.3.2.pom
2024-07-26 17:47:03,298 [Worker-15: Update Maven projects configuration] INFO  o.e.m.c.i.e.AbstractTransferListenerAdapter - Downloading https://repo.maven.apache.org/maven2/org/springframework/boot/spring-boot-starter-logging/3.3.2/spring-boot-starter-logging-3.3.2.pom
2024-07-26 17:47:03,305 [Worker-15: Update Maven projects configuration] INFO  o.e.m.c.i.e.AbstractTransferListenerAdapter - Downloaded https://repo.maven.apache.org/maven2/org/springframework/boot/spring-boot-starter-logging/3.3.2/spring-boot-starter-logging-3.3.2.pom
2024-07-26 17:47:03,326 [Worker-15: Update Maven projects configuration] INFO  o.e.m.c.i.e.AbstractTransferListenerAdapter - Downloading https://repo.maven.apache.org/maven2/ch/qos/logback/logback-classic/1.5.6/logback-classic-1.5.6.pom
2024-07-26 17:47:03,333 [Worker-15: Update Maven projects configuration] INFO  o.e.m.c.i.e.AbstractTransferListenerAdapter - Downloaded https://repo.maven.apache.org/maven2/ch/qos/logback/logback-classic/1.5.6/logback-classic-1.5.6.pom
2024-07-26 17:47:03,354 [Worker-15: Update Maven projects configuration] INFO  o.e.m.c.i.e.AbstractTransferListenerAdapter - Downloading https://repo.maven.apache.org/maven2/ch/qos/logback/logback-parent/1.5.6/logback-parent-1.5.6.pom
2024-07-26 17:47:03,359 [Worker-15: Update Maven projects configuration] INFO  o.e.m.c.i.e.AbstractTransferListenerAdapter - Downloaded https://repo.maven.apache.org/maven2/ch/qos/logback/logback-parent/1.5.6/logback-parent-1.5.6.pom
2024-07-26 17:47:03,375 [Worker-15: Update Maven projects configuration] INFO  o.e.m.c.i.e.AbstractTransferListenerAdapter - Downloading https://repo.maven.apache.org/maven2/ch/qos/logback/logback-core/1.5.6/logback-core-1.5.6.pom
2024-07-26 17:47:03,378 [Worker-15: Update Maven projects configuration] INFO  o.e.m.c.i.e.AbstractTransferListenerAdapter - Downloaded https://repo.maven.apache.org/maven2/ch/qos/logback/logback-core/1.5.6/logback-core-1.5.6.pom
2024-07-26 17:47:03,393 [Worker-15: Update Maven projects configuration] INFO  o.e.m.c.i.e.AbstractTransferListenerAdapter - Downloading https://repo.maven.apache.org/maven2/org/slf4j/slf4j-api/2.0.13/slf4j-api-2.0.13.pom
2024-07-26 17:47:03,396 [Worker-15: Update Maven projects configuration] INFO  o.e.m.c.i.e.AbstractTransferListenerAdapter - Downloaded https://repo.maven.apache.org/maven2/org/slf4j/slf4j-api/2.0.13/slf4j-api-2.0.13.pom
2024-07-26 17:47:03,412 [Worker-15: Update Maven projects configuration] INFO  o.e.m.c.i.e.AbstractTransferListenerAdapter - Downloading https://repo.maven.apache.org/maven2/org/slf4j/slf4j-parent/2.0.13/slf4j-parent-2.0.13.pom
2024-07-26 17:47:03,418 [Worker-15: Update Maven projects configuration] INFO  o.e.m.c.i.e.AbstractTransferListenerAdapter - Downloaded https://repo.maven.apache.org/maven2/org/slf4j/slf4j-parent/2.0.13/slf4j-parent-2.0.13.pom
2024-07-26 17:47:03,438 [Worker-15: Update Maven projects configuration] INFO  o.e.m.c.i.e.AbstractTransferListenerAdapter - Downloading https://repo.maven.apache.org/maven2/org/slf4j/slf4j-bom/2.0.13/slf4j-bom-2.0.13.pom
2024-07-26 17:47:03,440 [Worker-15: Update Maven projects configuration] INFO  o.e.m.c.i.e.AbstractTransferListenerAdapter - Downloaded https://repo.maven.apache.org/maven2/org/slf4j/slf4j-bom/2.0.13/slf4j-bom-2.0.13.pom
2024-07-26 17:47:03,453 [Worker-15: Update Maven projects configuration] INFO  o.e.m.c.i.e.AbstractTransferListenerAdapter - Downloading https://repo.maven.apache.org/maven2/org/apache/logging/log4j/log4j-to-slf4j/2.23.1/log4j-to-slf4j-2.23.1.pom
2024-07-26 17:47:03,456 [Worker-15: Update Maven projects configuration] INFO  o.e.m.c.i.e.AbstractTransferListenerAdapter - Downloaded https://repo.maven.apache.org/maven2/org/apache/logging/log4j/log4j-to-slf4j/2.23.1/log4j-to-slf4j-2.23.1.pom
2024-07-26 17:47:03,470 [Worker-15: Update Maven projects configuration] INFO  o.e.m.c.i.e.AbstractTransferListenerAdapter - Downloading https://repo.maven.apache.org/maven2/org/apache/logging/log4j/log4j/2.23.1/log4j-2.23.1.pom
2024-07-26 17:47:03,473 [Worker-15: Update Maven projects configuration] INFO  o.e.m.c.i.e.AbstractTransferListenerAdapter - Downloaded https://repo.maven.apache.org/maven2/org/apache/logging/log4j/log4j/2.23.1/log4j-2.23.1.pom
2024-07-26 17:47:03,494 [Worker-15: Update Maven projects configuration] INFO  o.e.m.c.i.e.AbstractTransferListenerAdapter - Downloading https://repo.maven.apache.org/maven2/org/codehaus/groovy/groovy-bom/3.0.21/groovy-bom-3.0.21.pom
2024-07-26 17:47:03,498 [Worker-15: Update Maven projects configuration] INFO  o.e.m.c.i.e.AbstractTransferListenerAdapter - Downloaded https://repo.maven.apache.org/maven2/org/codehaus/groovy/groovy-bom/3.0.21/groovy-bom-3.0.21.pom
2024-07-26 17:47:03,512 [Worker-15: Update Maven projects configuration] INFO  o.e.m.c.i.e.AbstractTransferListenerAdapter - Downloading https://repo.maven.apache.org/maven2/com/fasterxml/jackson/jackson-bom/2.16.1/jackson-bom-2.16.1.pom
2024-07-26 17:47:03,516 [Worker-15: Update Maven projects configuration] INFO  o.e.m.c.i.e.AbstractTransferListenerAdapter - Downloaded https://repo.maven.apache.org/maven2/com/fasterxml/jackson/jackson-bom/2.16.1/jackson-bom-2.16.1.pom
2024-07-26 17:47:03,532 [Worker-15: Update Maven projects configuration] INFO  o.e.m.c.i.e.AbstractTransferListenerAdapter - Downloading https://repo.maven.apache.org/maven2/com/fasterxml/jackson/jackson-parent/2.16/jackson-parent-2.16.pom
2024-07-26 17:47:03,536 [Worker-15: Update Maven projects configuration] INFO  o.e.m.c.i.e.AbstractTransferListenerAdapter - Downloaded https://repo.maven.apache.org/maven2/com/fasterxml/jackson/jackson-parent/2.16/jackson-parent-2.16.pom
2024-07-26 17:47:03,550 [Worker-15: Update Maven projects configuration] INFO  o.e.m.c.i.e.AbstractTransferListenerAdapter - Downloading https://repo.maven.apache.org/maven2/com/fasterxml/oss-parent/56/oss-parent-56.pom
2024-07-26 17:47:03,553 [Worker-15: Update Maven projects configuration] INFO  o.e.m.c.i.e.AbstractTransferListenerAdapter - Downloaded https://repo.maven.apache.org/maven2/com/fasterxml/oss-parent/56/oss-parent-56.pom
2024-07-26 17:47:03,578 [Worker-15: Update Maven projects configuration] INFO  o.e.m.c.i.e.AbstractTransferListenerAdapter - Downloading https://repo.maven.apache.org/maven2/org/eclipse/jetty/jetty-bom/9.4.54.v20240208/jetty-bom-9.4.54.v20240208.pom
2024-07-26 17:47:03,582 [Worker-15: Update Maven projects configuration] INFO  o.e.m.c.i.e.AbstractTransferListenerAdapter - Downloaded https://repo.maven.apache.org/maven2/org/eclipse/jetty/jetty-bom/9.4.54.v20240208/jetty-bom-9.4.54.v20240208.pom
2024-07-26 17:47:03,609 [Worker-15: Update Maven projects configuration] INFO  o.e.m.c.i.e.AbstractTransferListenerAdapter - Downloading https://repo.maven.apache.org/maven2/io/netty/netty-bom/4.1.107.Final/netty-bom-4.1.107.Final.pom
2024-07-26 17:47:03,612 [Worker-15: Update Maven projects configuration] INFO  o.e.m.c.i.e.AbstractTransferListenerAdapter - Downloaded https://repo.maven.apache.org/maven2/io/netty/netty-bom/4.1.107.Final/netty-bom-4.1.107.Final.pom
2024-07-26 17:47:03,627 [Worker-15: Update Maven projects configuration] INFO  o.e.m.c.i.e.AbstractTransferListenerAdapter - Downloading https://repo.maven.apache.org/maven2/org/springframework/spring-framework-bom/5.3.32/spring-framework-bom-5.3.32.pom
2024-07-26 17:47:03,629 [Worker-15: Update Maven projects configuration] INFO  o.e.m.c.i.e.AbstractTransferListenerAdapter - Downloaded https://repo.maven.apache.org/maven2/org/springframework/spring-framework-bom/5.3.32/spring-framework-bom-5.3.32.pom
2024-07-26 17:47:03,645 [Worker-15: Update Maven projects configuration] INFO  o.e.m.c.i.e.AbstractTransferListenerAdapter - Downloading https://repo.maven.apache.org/maven2/org/apache/logging/log4j/log4j-api/2.23.1/log4j-api-2.23.1.pom
2024-07-26 17:47:03,648 [Worker-15: Update Maven projects configuration] INFO  o.e.m.c.i.e.AbstractTransferListenerAdapter - Downloaded https://repo.maven.apache.org/maven2/org/apache/logging/log4j/log4j-api/2.23.1/log4j-api-2.23.1.pom
2024-07-26 17:47:03,667 [Worker-15: Update Maven projects configuration] INFO  o.e.m.c.i.e.AbstractTransferListenerAdapter - Downloading https://repo.maven.apache.org/maven2/org/slf4j/jul-to-slf4j/2.0.13/jul-to-slf4j-2.0.13.pom
2024-07-26 17:47:03,669 [Worker-15: Update Maven projects configuration] INFO  o.e.m.c.i.e.AbstractTransferListenerAdapter - Downloaded https://repo.maven.apache.org/maven2/org/slf4j/jul-to-slf4j/2.0.13/jul-to-slf4j-2.0.13.pom
2024-07-26 17:47:03,692 [Worker-15: Update Maven projects configuration] INFO  o.e.m.c.i.e.AbstractTransferListenerAdapter - Downloading https://repo.maven.apache.org/maven2/org/aspectj/aspectjweaver/1.9.22.1/aspectjweaver-1.9.22.1.pom
2024-07-26 17:47:03,694 [Worker-15: Update Maven projects configuration] INFO  o.e.m.c.i.e.AbstractTransferListenerAdapter - Downloaded https://repo.maven.apache.org/maven2/org/aspectj/aspectjweaver/1.9.22.1/aspectjweaver-1.9.22.1.pom
2024-07-26 17:47:03,711 [Worker-15: Update Maven projects configuration] INFO  o.e.m.c.i.e.AbstractTransferListenerAdapter - Downloading https://repo.maven.apache.org/maven2/org/springframework/boot/spring-boot-starter-jdbc/3.3.2/spring-boot-starter-jdbc-3.3.2.pom
2024-07-26 17:47:03,713 [Worker-15: Update Maven projects configuration] INFO  o.e.m.c.i.e.AbstractTransferListenerAdapter - Downloaded https://repo.maven.apache.org/maven2/org/springframework/boot/spring-boot-starter-jdbc/3.3.2/spring-boot-starter-jdbc-3.3.2.pom
2024-07-26 17:47:03,729 [Worker-15: Update Maven projects configuration] INFO  o.e.m.c.i.e.AbstractTransferListenerAdapter - Downloading https://repo.maven.apache.org/maven2/com/zaxxer/HikariCP/5.1.0/HikariCP-5.1.0.pom
2024-07-26 17:47:03,732 [Worker-15: Update Maven projects configuration] INFO  o.e.m.c.i.e.AbstractTransferListenerAdapter - Downloaded https://repo.maven.apache.org/maven2/com/zaxxer/HikariCP/5.1.0/HikariCP-5.1.0.pom
2024-07-26 17:47:03,748 [Worker-15: Update Maven projects configuration] INFO  o.e.m.c.i.e.AbstractTransferListenerAdapter - Downloading https://repo.maven.apache.org/maven2/org/springframework/spring-jdbc/6.1.11/spring-jdbc-6.1.11.pom
2024-07-26 17:47:03,752 [Worker-15: Update Maven projects configuration] INFO  o.e.m.c.i.e.AbstractTransferListenerAdapter - Downloaded https://repo.maven.apache.org/maven2/org/springframework/spring-jdbc/6.1.11/spring-jdbc-6.1.11.pom
2024-07-26 17:47:03,770 [Worker-15: Update Maven projects configuration] INFO  o.e.m.c.i.e.AbstractTransferListenerAdapter - Downloading https://repo.maven.apache.org/maven2/org/springframework/spring-tx/6.1.11/spring-tx-6.1.11.pom
2024-07-26 17:47:03,772 [Worker-15: Update Maven projects configuration] INFO  o.e.m.c.i.e.AbstractTransferListenerAdapter - Downloaded https://repo.maven.apache.org/maven2/org/springframework/spring-tx/6.1.11/spring-tx-6.1.11.pom
2024-07-26 17:47:03,788 [Worker-15: Update Maven projects configuration] INFO  o.e.m.c.i.e.AbstractTransferListenerAdapter - Downloading https://repo.maven.apache.org/maven2/org/hibernate/orm/hibernate-core/6.5.2.Final/hibernate-core-6.5.2.Final.pom
2024-07-26 17:47:03,791 [Worker-15: Update Maven projects configuration] INFO  o.e.m.c.i.e.AbstractTransferListenerAdapter - Downloaded https://repo.maven.apache.org/maven2/org/hibernate/orm/hibernate-core/6.5.2.Final/hibernate-core-6.5.2.Final.pom
2024-07-26 17:47:03,842 [Worker-15: Update Maven projects configuration] INFO  o.e.m.c.i.e.AbstractTransferListenerAdapter - Downloading https://repo.maven.apache.org/maven2/com/fasterxml/classmate/1.7.0/classmate-1.7.0.pom
2024-07-26 17:47:03,845 [Worker-15: Update Maven projects configuration] INFO  o.e.m.c.i.e.AbstractTransferListenerAdapter - Downloaded https://repo.maven.apache.org/maven2/com/fasterxml/classmate/1.7.0/classmate-1.7.0.pom
2024-07-26 17:47:03,861 [Worker-15: Update Maven projects configuration] INFO  o.e.m.c.i.e.AbstractTransferListenerAdapter - Downloading https://repo.maven.apache.org/maven2/net/bytebuddy/byte-buddy/1.14.18/byte-buddy-1.14.18.pom
2024-07-26 17:47:03,863 [Worker-15: Update Maven projects configuration] INFO  o.e.m.c.i.e.AbstractTransferListenerAdapter - Downloaded https://repo.maven.apache.org/maven2/net/bytebuddy/byte-buddy/1.14.18/byte-buddy-1.14.18.pom
2024-07-26 17:47:03,879 [Worker-15: Update Maven projects configuration] INFO  o.e.m.c.i.e.AbstractTransferListenerAdapter - Downloading https://repo.maven.apache.org/maven2/net/bytebuddy/byte-buddy-parent/1.14.18/byte-buddy-parent-1.14.18.pom
2024-07-26 17:47:03,884 [Worker-15: Update Maven projects configuration] INFO  o.e.m.c.i.e.AbstractTransferListenerAdapter - Downloaded https://repo.maven.apache.org/maven2/net/bytebuddy/byte-buddy-parent/1.14.18/byte-buddy-parent-1.14.18.pom
2024-07-26 17:47:03,901 [Worker-15: Update Maven projects configuration] INFO  o.e.m.c.i.e.AbstractTransferListenerAdapter - Downloading https://repo.maven.apache.org/maven2/jakarta/xml/bind/jakarta.xml.bind-api/4.0.2/jakarta.xml.bind-api-4.0.2.pom
2024-07-26 17:47:03,904 [Worker-15: Update Maven projects configuration] INFO  o.e.m.c.i.e.AbstractTransferListenerAdapter - Downloaded https://repo.maven.apache.org/maven2/jakarta/xml/bind/jakarta.xml.bind-api/4.0.2/jakarta.xml.bind-api-4.0.2.pom
2024-07-26 17:47:03,918 [Worker-15: Update Maven projects configuration] INFO  o.e.m.c.i.e.AbstractTransferListenerAdapter - Downloading https://repo.maven.apache.org/maven2/jakarta/xml/bind/jakarta.xml.bind-api-parent/4.0.2/jakarta.xml.bind-api-parent-4.0.2.pom
2024-07-26 17:47:03,921 [Worker-15: Update Maven projects configuration] INFO  o.e.m.c.i.e.AbstractTransferListenerAdapter - Downloaded https://repo.maven.apache.org/maven2/jakarta/xml/bind/jakarta.xml.bind-api-parent/4.0.2/jakarta.xml.bind-api-parent-4.0.2.pom
2024-07-26 17:47:03,937 [Worker-15: Update Maven projects configuration] INFO  o.e.m.c.i.e.AbstractTransferListenerAdapter - Downloading https://repo.maven.apache.org/maven2/jakarta/activation/jakarta.activation-api/2.1.3/jakarta.activation-api-2.1.3.pom
2024-07-26 17:47:03,940 [Worker-15: Update Maven projects configuration] INFO  o.e.m.c.i.e.AbstractTransferListenerAdapter - Downloaded https://repo.maven.apache.org/maven2/jakarta/activation/jakarta.activation-api/2.1.3/jakarta.activation-api-2.1.3.pom
2024-07-26 17:47:03,954 [Worker-15: Update Maven projects configuration] INFO  o.e.m.c.i.e.AbstractTransferListenerAdapter - Downloading https://repo.maven.apache.org/maven2/org/glassfish/jaxb/jaxb-runtime/4.0.5/jaxb-runtime-4.0.5.pom
2024-07-26 17:47:03,957 [Worker-15: Update Maven projects configuration] INFO  o.e.m.c.i.e.AbstractTransferListenerAdapter - Downloaded https://repo.maven.apache.org/maven2/org/glassfish/jaxb/jaxb-runtime/4.0.5/jaxb-runtime-4.0.5.pom
2024-07-26 17:47:03,971 [Worker-15: Update Maven projects configuration] INFO  o.e.m.c.i.e.AbstractTransferListenerAdapter - Downloading https://repo.maven.apache.org/maven2/com/sun/xml/bind/mvn/jaxb-runtime-parent/4.0.5/jaxb-runtime-parent-4.0.5.pom
2024-07-26 17:47:03,976 [Worker-15: Update Maven projects configuration] INFO  o.e.m.c.i.e.AbstractTransferListenerAdapter - Downloaded https://repo.maven.apache.org/maven2/com/sun/xml/bind/mvn/jaxb-runtime-parent/4.0.5/jaxb-runtime-parent-4.0.5.pom
2024-07-26 17:47:03,992 [Worker-15: Update Maven projects configuration] INFO  o.e.m.c.i.e.AbstractTransferListenerAdapter - Downloading https://repo.maven.apache.org/maven2/com/sun/xml/bind/mvn/jaxb-parent/4.0.5/jaxb-parent-4.0.5.pom
2024-07-26 17:47:03,995 [Worker-15: Update Maven projects configuration] INFO  o.e.m.c.i.e.AbstractTransferListenerAdapter - Downloaded https://repo.maven.apache.org/maven2/com/sun/xml/bind/mvn/jaxb-parent/4.0.5/jaxb-parent-4.0.5.pom
2024-07-26 17:47:04,010 [Worker-15: Update Maven projects configuration] INFO  o.e.m.c.i.e.AbstractTransferListenerAdapter - Downloading https://repo.maven.apache.org/maven2/com/sun/xml/bind/jaxb-bom-ext/4.0.5/jaxb-bom-ext-4.0.5.pom
2024-07-26 17:47:04,012 [Worker-15: Update Maven projects configuration] INFO  o.e.m.c.i.e.AbstractTransferListenerAdapter - Downloaded https://repo.maven.apache.org/maven2/com/sun/xml/bind/jaxb-bom-ext/4.0.5/jaxb-bom-ext-4.0.5.pom
2024-07-26 17:47:04,030 [Worker-15: Update Maven projects configuration] INFO  o.e.m.c.i.e.AbstractTransferListenerAdapter - Downloading https://repo.maven.apache.org/maven2/org/glassfish/jaxb/jaxb-core/4.0.5/jaxb-core-4.0.5.pom
2024-07-26 17:47:04,033 [Worker-15: Update Maven projects configuration] INFO  o.e.m.c.i.e.AbstractTransferListenerAdapter - Downloaded https://repo.maven.apache.org/maven2/org/glassfish/jaxb/jaxb-core/4.0.5/jaxb-core-4.0.5.pom
2024-07-26 17:47:04,049 [Worker-15: Update Maven projects configuration] INFO  o.e.m.c.i.e.AbstractTransferListenerAdapter - Downloading https://repo.maven.apache.org/maven2/org/eclipse/angus/angus-activation/2.0.2/angus-activation-2.0.2.pom
2024-07-26 17:47:04,052 [Worker-15: Update Maven projects configuration] INFO  o.e.m.c.i.e.AbstractTransferListenerAdapter - Downloaded https://repo.maven.apache.org/maven2/org/eclipse/angus/angus-activation/2.0.2/angus-activation-2.0.2.pom
2024-07-26 17:47:04,070 [Worker-15: Update Maven projects configuration] INFO  o.e.m.c.i.e.AbstractTransferListenerAdapter - Downloading https://repo.maven.apache.org/maven2/org/eclipse/angus/angus-activation-project/2.0.2/angus-activation-project-2.0.2.pom
2024-07-26 17:47:04,072 [Worker-15: Update Maven projects configuration] INFO  o.e.m.c.i.e.AbstractTransferListenerAdapter - Downloaded https://repo.maven.apache.org/maven2/org/eclipse/angus/angus-activation-project/2.0.2/angus-activation-project-2.0.2.pom
2024-07-26 17:47:04,088 [Worker-15: Update Maven projects configuration] INFO  o.e.m.c.i.e.AbstractTransferListenerAdapter - Downloading https://repo.maven.apache.org/maven2/org/glassfish/jaxb/txw2/4.0.5/txw2-4.0.5.pom
2024-07-26 17:47:04,090 [Worker-15: Update Maven projects configuration] INFO  o.e.m.c.i.e.AbstractTransferListenerAdapter - Downloaded https://repo.maven.apache.org/maven2/org/glassfish/jaxb/txw2/4.0.5/txw2-4.0.5.pom
2024-07-26 17:47:04,104 [Worker-15: Update Maven projects configuration] INFO  o.e.m.c.i.e.AbstractTransferListenerAdapter - Downloading https://repo.maven.apache.org/maven2/com/sun/xml/bind/mvn/jaxb-txw-parent/4.0.5/jaxb-txw-parent-4.0.5.pom
2024-07-26 17:47:04,106 [Worker-15: Update Maven projects configuration] INFO  o.e.m.c.i.e.AbstractTransferListenerAdapter - Downloaded https://repo.maven.apache.org/maven2/com/sun/xml/bind/mvn/jaxb-txw-parent/4.0.5/jaxb-txw-parent-4.0.5.pom
2024-07-26 17:47:04,138 [Worker-15: Update Maven projects configuration] INFO  o.e.m.c.i.e.AbstractTransferListenerAdapter - Downloading https://repo.maven.apache.org/maven2/org/springframework/data/spring-data-jpa/3.3.2/spring-data-jpa-3.3.2.pom
2024-07-26 17:47:04,141 [Worker-15: Update Maven projects configuration] INFO  o.e.m.c.i.e.AbstractTransferListenerAdapter - Downloaded https://repo.maven.apache.org/maven2/org/springframework/data/spring-data-jpa/3.3.2/spring-data-jpa-3.3.2.pom
2024-07-26 17:47:04,158 [Worker-15: Update Maven projects configuration] INFO  o.e.m.c.i.e.AbstractTransferListenerAdapter - Downloading https://repo.maven.apache.org/maven2/org/springframework/data/spring-data-jpa-parent/3.3.2/spring-data-jpa-parent-3.3.2.pom
2024-07-26 17:47:04,161 [Worker-15: Update Maven projects configuration] INFO  o.e.m.c.i.e.AbstractTransferListenerAdapter - Downloaded https://repo.maven.apache.org/maven2/org/springframework/data/spring-data-jpa-parent/3.3.2/spring-data-jpa-parent-3.3.2.pom
2024-07-26 17:47:04,176 [Worker-15: Update Maven projects configuration] INFO  o.e.m.c.i.e.AbstractTransferListenerAdapter - Downloading https://repo.maven.apache.org/maven2/org/springframework/data/build/spring-data-parent/3.3.2/spring-data-parent-3.3.2.pom
2024-07-26 17:47:04,179 [Worker-15: Update Maven projects configuration] INFO  o.e.m.c.i.e.AbstractTransferListenerAdapter - Downloaded https://repo.maven.apache.org/maven2/org/springframework/data/build/spring-data-parent/3.3.2/spring-data-parent-3.3.2.pom
2024-07-26 17:47:04,195 [Worker-15: Update Maven projects configuration] INFO  o.e.m.c.i.e.AbstractTransferListenerAdapter - Downloading https://repo.maven.apache.org/maven2/org/springframework/data/build/spring-data-build/3.3.2/spring-data-build-3.3.2.pom
2024-07-26 17:47:04,198 [Worker-15: Update Maven projects configuration] INFO  o.e.m.c.i.e.AbstractTransferListenerAdapter - Downloaded https://repo.maven.apache.org/maven2/org/springframework/data/build/spring-data-build/3.3.2/spring-data-build-3.3.2.pom
2024-07-26 17:47:04,217 [Worker-15: Update Maven projects configuration] INFO  o.e.m.c.i.e.AbstractTransferListenerAdapter - Downloading https://repo.maven.apache.org/maven2/io/projectreactor/reactor-bom/2023.0.7/reactor-bom-2023.0.7.pom
2024-07-26 17:47:04,219 [Worker-15: Update Maven projects configuration] INFO  o.e.m.c.i.e.AbstractTransferListenerAdapter - Downloaded https://repo.maven.apache.org/maven2/io/projectreactor/reactor-bom/2023.0.7/reactor-bom-2023.0.7.pom
2024-07-26 17:47:04,236 [Worker-15: Update Maven projects configuration] INFO  o.e.m.c.i.e.AbstractTransferListenerAdapter - Downloading https://repo.maven.apache.org/maven2/org/springframework/spring-framework-bom/6.1.9/spring-framework-bom-6.1.9.pom
2024-07-26 17:47:04,239 [Worker-15: Update Maven projects configuration] INFO  o.e.m.c.i.e.AbstractTransferListenerAdapter - Downloaded https://repo.maven.apache.org/maven2/org/springframework/spring-framework-bom/6.1.9/spring-framework-bom-6.1.9.pom
2024-07-26 17:47:04,263 [Worker-15: Update Maven projects configuration] INFO  o.e.m.c.i.e.AbstractTransferListenerAdapter - Downloading https://repo.maven.apache.org/maven2/org/springframework/data/spring-data-commons/3.3.2/spring-data-commons-3.3.2.pom
2024-07-26 17:47:04,267 [Worker-15: Update Maven projects configuration] INFO  o.e.m.c.i.e.AbstractTransferListenerAdapter - Downloaded https://repo.maven.apache.org/maven2/org/springframework/data/spring-data-commons/3.3.2/spring-data-commons-3.3.2.pom
2024-07-26 17:47:04,281 [Worker-15: Update Maven projects configuration] INFO  o.e.m.c.i.e.AbstractTransferListenerAdapter - Downloading https://repo.maven.apache.org/maven2/org/springframework/spring-orm/6.1.11/spring-orm-6.1.11.pom
2024-07-26 17:47:04,284 [Worker-15: Update Maven projects configuration] INFO  o.e.m.c.i.e.AbstractTransferListenerAdapter - Downloaded https://repo.maven.apache.org/maven2/org/springframework/spring-orm/6.1.11/spring-orm-6.1.11.pom
2024-07-26 17:47:04,300 [Worker-15: Update Maven projects configuration] INFO  o.e.m.c.i.e.AbstractTransferListenerAdapter - Downloading https://repo.maven.apache.org/maven2/org/springframework/spring-aspects/6.1.11/spring-aspects-6.1.11.pom
2024-07-26 17:47:04,302 [Worker-15: Update Maven projects configuration] INFO  o.e.m.c.i.e.AbstractTransferListenerAdapter - Downloaded https://repo.maven.apache.org/maven2/org/springframework/spring-aspects/6.1.11/spring-aspects-6.1.11.pom
2024-07-26 17:47:04,317 [Worker-15: Update Maven projects configuration] INFO  o.e.m.c.i.e.AbstractTransferListenerAdapter - Downloading https://repo.maven.apache.org/maven2/org/springframework/boot/spring-boot-starter-web/3.3.2/spring-boot-starter-web-3.3.2.pom
2024-07-26 17:47:04,319 [Worker-15: Update Maven projects configuration] INFO  o.e.m.c.i.e.AbstractTransferListenerAdapter - Downloaded https://repo.maven.apache.org/maven2/org/springframework/boot/spring-boot-starter-web/3.3.2/spring-boot-starter-web-3.3.2.pom
2024-07-26 17:47:04,334 [Worker-15: Update Maven projects configuration] INFO  o.e.m.c.i.e.AbstractTransferListenerAdapter - Downloading https://repo.maven.apache.org/maven2/org/springframework/boot/spring-boot-starter-json/3.3.2/spring-boot-starter-json-3.3.2.pom
2024-07-26 17:47:04,337 [Worker-15: Update Maven projects configuration] INFO  o.e.m.c.i.e.AbstractTransferListenerAdapter - Downloaded https://repo.maven.apache.org/maven2/org/springframework/boot/spring-boot-starter-json/3.3.2/spring-boot-starter-json-3.3.2.pom
2024-07-26 17:47:04,351 [Worker-15: Update Maven projects configuration] INFO  o.e.m.c.i.e.AbstractTransferListenerAdapter - Downloading https://repo.maven.apache.org/maven2/org/springframework/spring-web/6.1.11/spring-web-6.1.11.pom
2024-07-26 17:47:04,357 [Worker-15: Update Maven projects configuration] INFO  o.e.m.c.i.e.AbstractTransferListenerAdapter - Downloaded https://repo.maven.apache.org/maven2/org/springframework/spring-web/6.1.11/spring-web-6.1.11.pom
2024-07-26 17:47:04,373 [Worker-15: Update Maven projects configuration] INFO  o.e.m.c.i.e.AbstractTransferListenerAdapter - Downloading https://repo.maven.apache.org/maven2/com/fasterxml/jackson/core/jackson-databind/2.17.2/jackson-databind-2.17.2.pom
2024-07-26 17:47:04,376 [Worker-15: Update Maven projects configuration] INFO  o.e.m.c.i.e.AbstractTransferListenerAdapter - Downloaded https://repo.maven.apache.org/maven2/com/fasterxml/jackson/core/jackson-databind/2.17.2/jackson-databind-2.17.2.pom
2024-07-26 17:47:04,391 [Worker-15: Update Maven projects configuration] INFO  o.e.m.c.i.e.AbstractTransferListenerAdapter - Downloading https://repo.maven.apache.org/maven2/com/fasterxml/jackson/jackson-base/2.17.2/jackson-base-2.17.2.pom
2024-07-26 17:47:04,394 [Worker-15: Update Maven projects configuration] INFO  o.e.m.c.i.e.AbstractTransferListenerAdapter - Downloaded https://repo.maven.apache.org/maven2/com/fasterxml/jackson/jackson-base/2.17.2/jackson-base-2.17.2.pom
2024-07-26 17:47:04,413 [Worker-15: Update Maven projects configuration] INFO  o.e.m.c.i.e.AbstractTransferListenerAdapter - Downloading https://repo.maven.apache.org/maven2/com/fasterxml/jackson/core/jackson-annotations/2.17.2/jackson-annotations-2.17.2.pom
2024-07-26 17:47:04,416 [Worker-15: Update Maven projects configuration] INFO  o.e.m.c.i.e.AbstractTransferListenerAdapter - Downloaded https://repo.maven.apache.org/maven2/com/fasterxml/jackson/core/jackson-annotations/2.17.2/jackson-annotations-2.17.2.pom
2024-07-26 17:47:04,440 [Worker-15: Update Maven projects configuration] INFO  o.e.m.c.i.e.AbstractTransferListenerAdapter - Downloading https://repo.maven.apache.org/maven2/com/fasterxml/jackson/core/jackson-core/2.17.2/jackson-core-2.17.2.pom
2024-07-26 17:47:04,443 [Worker-15: Update Maven projects configuration] INFO  o.e.m.c.i.e.AbstractTransferListenerAdapter - Downloaded https://repo.maven.apache.org/maven2/com/fasterxml/jackson/core/jackson-core/2.17.2/jackson-core-2.17.2.pom
2024-07-26 17:47:04,458 [Worker-15: Update Maven projects configuration] INFO  o.e.m.c.i.e.AbstractTransferListenerAdapter - Downloading https://repo.maven.apache.org/maven2/com/fasterxml/jackson/datatype/jackson-datatype-jdk8/2.17.2/jackson-datatype-jdk8-2.17.2.pom
2024-07-26 17:47:04,462 [Worker-15: Update Maven projects configuration] INFO  o.e.m.c.i.e.AbstractTransferListenerAdapter - Downloaded https://repo.maven.apache.org/maven2/com/fasterxml/jackson/datatype/jackson-datatype-jdk8/2.17.2/jackson-datatype-jdk8-2.17.2.pom
2024-07-26 17:47:04,477 [Worker-15: Update Maven projects configuration] INFO  o.e.m.c.i.e.AbstractTransferListenerAdapter - Downloading https://repo.maven.apache.org/maven2/com/fasterxml/jackson/module/jackson-modules-java8/2.17.2/jackson-modules-java8-2.17.2.pom
2024-07-26 17:47:04,480 [Worker-15: Update Maven projects configuration] INFO  o.e.m.c.i.e.AbstractTransferListenerAdapter - Downloaded https://repo.maven.apache.org/maven2/com/fasterxml/jackson/module/jackson-modules-java8/2.17.2/jackson-modules-java8-2.17.2.pom
2024-07-26 17:47:04,496 [Worker-15: Update Maven projects configuration] INFO  o.e.m.c.i.e.AbstractTransferListenerAdapter - Downloading https://repo.maven.apache.org/maven2/com/fasterxml/jackson/datatype/jackson-datatype-jsr310/2.17.2/jackson-datatype-jsr310-2.17.2.pom
2024-07-26 17:47:04,500 [Worker-15: Update Maven projects configuration] INFO  o.e.m.c.i.e.AbstractTransferListenerAdapter - Downloaded https://repo.maven.apache.org/maven2/com/fasterxml/jackson/datatype/jackson-datatype-jsr310/2.17.2/jackson-datatype-jsr310-2.17.2.pom
2024-07-26 17:47:04,515 [Worker-15: Update Maven projects configuration] INFO  o.e.m.c.i.e.AbstractTransferListenerAdapter - Downloading https://repo.maven.apache.org/maven2/com/fasterxml/jackson/module/jackson-module-parameter-names/2.17.2/jackson-module-parameter-names-2.17.2.pom
2024-07-26 17:47:04,519 [Worker-15: Update Maven projects configuration] INFO  o.e.m.c.i.e.AbstractTransferListenerAdapter - Downloaded https://repo.maven.apache.org/maven2/com/fasterxml/jackson/module/jackson-module-parameter-names/2.17.2/jackson-module-parameter-names-2.17.2.pom
2024-07-26 17:47:04,535 [Worker-15: Update Maven projects configuration] INFO  o.e.m.c.i.e.AbstractTransferListenerAdapter - Downloading https://repo.maven.apache.org/maven2/org/springframework/boot/spring-boot-starter-tomcat/3.3.2/spring-boot-starter-tomcat-3.3.2.pom
2024-07-26 17:47:04,538 [Worker-15: Update Maven projects configuration] INFO  o.e.m.c.i.e.AbstractTransferListenerAdapter - Downloaded https://repo.maven.apache.org/maven2/org/springframework/boot/spring-boot-starter-tomcat/3.3.2/spring-boot-starter-tomcat-3.3.2.pom
2024-07-26 17:47:04,556 [Worker-15: Update Maven projects configuration] INFO  o.e.m.c.i.e.AbstractTransferListenerAdapter - Downloading https://repo.maven.apache.org/maven2/org/apache/tomcat/embed/tomcat-embed-core/10.1.26/tomcat-embed-core-10.1.26.pom
2024-07-26 17:47:04,558 [Worker-15: Update Maven projects configuration] INFO  o.e.m.c.i.e.AbstractTransferListenerAdapter - Downloaded https://repo.maven.apache.org/maven2/org/apache/tomcat/embed/tomcat-embed-core/10.1.26/tomcat-embed-core-10.1.26.pom
2024-07-26 17:47:04,652 [Worker-15: Update Maven projects configuration] INFO  o.e.m.c.i.e.AbstractTransferListenerAdapter - Downloading https://repo.maven.apache.org/maven2/org/apache/tomcat/embed/tomcat-embed-el/10.1.26/tomcat-embed-el-10.1.26.pom
2024-07-26 17:47:04,655 [Worker-15: Update Maven projects configuration] INFO  o.e.m.c.i.e.AbstractTransferListenerAdapter - Downloaded https://repo.maven.apache.org/maven2/org/apache/tomcat/embed/tomcat-embed-el/10.1.26/tomcat-embed-el-10.1.26.pom
2024-07-26 17:47:04,670 [Worker-15: Update Maven projects configuration] INFO  o.e.m.c.i.e.AbstractTransferListenerAdapter - Downloading https://repo.maven.apache.org/maven2/org/apache/tomcat/embed/tomcat-embed-websocket/10.1.26/tomcat-embed-websocket-10.1.26.pom
2024-07-26 17:47:04,673 [Worker-15: Update Maven projects configuration] INFO  o.e.m.c.i.e.AbstractTransferListenerAdapter - Downloaded https://repo.maven.apache.org/maven2/org/apache/tomcat/embed/tomcat-embed-websocket/10.1.26/tomcat-embed-websocket-10.1.26.pom
2024-07-26 17:47:04,689 [Worker-15: Update Maven projects configuration] INFO  o.e.m.c.i.e.AbstractTransferListenerAdapter - Downloading https://repo.maven.apache.org/maven2/org/springframework/spring-webmvc/6.1.11/spring-webmvc-6.1.11.pom
2024-07-26 17:47:04,691 [Worker-15: Update Maven projects configuration] INFO  o.e.m.c.i.e.AbstractTransferListenerAdapter - Downloaded https://repo.maven.apache.org/maven2/org/springframework/spring-webmvc/6.1.11/spring-webmvc-6.1.11.pom
2024-07-26 17:47:04,708 [Worker-15: Update Maven projects configuration] INFO  o.e.m.c.i.e.AbstractTransferListenerAdapter - Downloading https://repo.maven.apache.org/maven2/org/projectlombok/lombok/1.18.34/lombok-1.18.34.pom
2024-07-26 17:47:04,711 [Worker-15: Update Maven projects configuration] INFO  o.e.m.c.i.e.AbstractTransferListenerAdapter - Downloaded https://repo.maven.apache.org/maven2/org/projectlombok/lombok/1.18.34/lombok-1.18.34.pom
2024-07-26 17:47:04,728 [Worker-15: Update Maven projects configuration] INFO  o.e.m.c.i.e.AbstractTransferListenerAdapter - Downloading https://repo.maven.apache.org/maven2/org/springframework/boot/spring-boot-starter-test/3.3.2/spring-boot-starter-test-3.3.2.pom
2024-07-26 17:47:04,734 [Worker-15: Update Maven projects configuration] INFO  o.e.m.c.i.e.AbstractTransferListenerAdapter - Downloaded https://repo.maven.apache.org/maven2/org/springframework/boot/spring-boot-starter-test/3.3.2/spring-boot-starter-test-3.3.2.pom
2024-07-26 17:47:04,751 [Worker-15: Update Maven projects configuration] INFO  o.e.m.c.i.e.AbstractTransferListenerAdapter - Downloading https://repo.maven.apache.org/maven2/org/springframework/boot/spring-boot-test/3.3.2/spring-boot-test-3.3.2.pom
2024-07-26 17:47:04,754 [Worker-15: Update Maven projects configuration] INFO  o.e.m.c.i.e.AbstractTransferListenerAdapter - Downloaded https://repo.maven.apache.org/maven2/org/springframework/boot/spring-boot-test/3.3.2/spring-boot-test-3.3.2.pom
2024-07-26 17:47:04,768 [Worker-15: Update Maven projects configuration] INFO  o.e.m.c.i.e.AbstractTransferListenerAdapter - Downloading https://repo.maven.apache.org/maven2/org/springframework/spring-test/6.1.11/spring-test-6.1.11.pom
2024-07-26 17:47:04,770 [Worker-15: Update Maven projects configuration] INFO  o.e.m.c.i.e.AbstractTransferListenerAdapter - Downloaded https://repo.maven.apache.org/maven2/org/springframework/spring-test/6.1.11/spring-test-6.1.11.pom
2024-07-26 17:47:04,786 [Worker-15: Update Maven projects configuration] INFO  o.e.m.c.i.e.AbstractTransferListenerAdapter - Downloading https://repo.maven.apache.org/maven2/org/springframework/boot/spring-boot-test-autoconfigure/3.3.2/spring-boot-test-autoconfigure-3.3.2.pom
2024-07-26 17:47:04,787 [Worker-15: Update Maven projects configuration] INFO  o.e.m.c.i.e.AbstractTransferListenerAdapter - Downloaded https://repo.maven.apache.org/maven2/org/springframework/boot/spring-boot-test-autoconfigure/3.3.2/spring-boot-test-autoconfigure-3.3.2.pom
2024-07-26 17:47:04,801 [Worker-15: Update Maven projects configuration] INFO  o.e.m.c.i.e.AbstractTransferListenerAdapter - Downloading https://repo.maven.apache.org/maven2/com/jayway/jsonpath/json-path/2.9.0/json-path-2.9.0.pom
2024-07-26 17:47:04,803 [Worker-15: Update Maven projects configuration] INFO  o.e.m.c.i.e.AbstractTransferListenerAdapter - Downloaded https://repo.maven.apache.org/maven2/com/jayway/jsonpath/json-path/2.9.0/json-path-2.9.0.pom
2024-07-26 17:47:04,816 [Worker-15: Update Maven projects configuration] INFO  o.e.m.c.i.e.AbstractTransferListenerAdapter - Downloading https://repo.maven.apache.org/maven2/net/minidev/json-smart/2.5.1/json-smart-2.5.1.pom
2024-07-26 17:47:04,819 [Worker-15: Update Maven projects configuration] INFO  o.e.m.c.i.e.AbstractTransferListenerAdapter - Downloaded https://repo.maven.apache.org/maven2/net/minidev/json-smart/2.5.1/json-smart-2.5.1.pom
2024-07-26 17:47:04,833 [Worker-15: Update Maven projects configuration] INFO  o.e.m.c.i.e.AbstractTransferListenerAdapter - Downloading https://repo.maven.apache.org/maven2/net/minidev/accessors-smart/2.5.1/accessors-smart-2.5.1.pom
2024-07-26 17:47:04,835 [Worker-15: Update Maven projects configuration] INFO  o.e.m.c.i.e.AbstractTransferListenerAdapter - Downloaded https://repo.maven.apache.org/maven2/net/minidev/accessors-smart/2.5.1/accessors-smart-2.5.1.pom
2024-07-26 17:47:04,851 [Worker-15: Update Maven projects configuration] INFO  o.e.m.c.i.e.AbstractTransferListenerAdapter - Downloading https://repo.maven.apache.org/maven2/org/assertj/assertj-core/3.25.3/assertj-core-3.25.3.pom
2024-07-26 17:47:04,852 [Worker-15: Update Maven projects configuration] INFO  o.e.m.c.i.e.AbstractTransferListenerAdapter - Downloaded https://repo.maven.apache.org/maven2/org/assertj/assertj-core/3.25.3/assertj-core-3.25.3.pom
2024-07-26 17:47:04,866 [Worker-15: Update Maven projects configuration] INFO  o.e.m.c.i.e.AbstractTransferListenerAdapter - Downloading https://repo.maven.apache.org/maven2/org/awaitility/awaitility/4.2.1/awaitility-4.2.1.pom
2024-07-26 17:47:04,869 [Worker-15: Update Maven projects configuration] INFO  o.e.m.c.i.e.AbstractTransferListenerAdapter - Downloaded https://repo.maven.apache.org/maven2/org/awaitility/awaitility/4.2.1/awaitility-4.2.1.pom
2024-07-26 17:47:04,884 [Worker-15: Update Maven projects configuration] INFO  o.e.m.c.i.e.AbstractTransferListenerAdapter - Downloading https://repo.maven.apache.org/maven2/org/awaitility/awaitility-parent/4.2.1/awaitility-parent-4.2.1.pom
2024-07-26 17:47:04,886 [Worker-15: Update Maven projects configuration] INFO  o.e.m.c.i.e.AbstractTransferListenerAdapter - Downloaded https://repo.maven.apache.org/maven2/org/awaitility/awaitility-parent/4.2.1/awaitility-parent-4.2.1.pom
2024-07-26 17:47:04,903 [Worker-15: Update Maven projects configuration] INFO  o.e.m.c.i.e.AbstractTransferListenerAdapter - Downloading https://repo.maven.apache.org/maven2/org/junit/jupiter/junit-jupiter/5.10.3/junit-jupiter-5.10.3.pom
2024-07-26 17:47:04,906 [Worker-15: Update Maven projects configuration] INFO  o.e.m.c.i.e.AbstractTransferListenerAdapter - Downloaded https://repo.maven.apache.org/maven2/org/junit/jupiter/junit-jupiter/5.10.3/junit-jupiter-5.10.3.pom
2024-07-26 17:47:04,919 [Worker-15: Update Maven projects configuration] INFO  o.e.m.c.i.e.AbstractTransferListenerAdapter - Downloading https://repo.maven.apache.org/maven2/org/junit/jupiter/junit-jupiter-api/5.10.3/junit-jupiter-api-5.10.3.pom
2024-07-26 17:47:04,921 [Worker-15: Update Maven projects configuration] INFO  o.e.m.c.i.e.AbstractTransferListenerAdapter - Downloaded https://repo.maven.apache.org/maven2/org/junit/jupiter/junit-jupiter-api/5.10.3/junit-jupiter-api-5.10.3.pom
2024-07-26 17:47:04,937 [Worker-15: Update Maven projects configuration] INFO  o.e.m.c.i.e.AbstractTransferListenerAdapter - Downloading https://repo.maven.apache.org/maven2/org/junit/platform/junit-platform-commons/1.10.3/junit-platform-commons-1.10.3.pom
2024-07-26 17:47:04,940 [Worker-15: Update Maven projects configuration] INFO  o.e.m.c.i.e.AbstractTransferListenerAdapter - Downloaded https://repo.maven.apache.org/maven2/org/junit/platform/junit-platform-commons/1.10.3/junit-platform-commons-1.10.3.pom
2024-07-26 17:47:04,957 [Worker-15: Update Maven projects configuration] INFO  o.e.m.c.i.e.AbstractTransferListenerAdapter - Downloading https://repo.maven.apache.org/maven2/org/junit/jupiter/junit-jupiter-params/5.10.3/junit-jupiter-params-5.10.3.pom
2024-07-26 17:47:04,959 [Worker-15: Update Maven projects configuration] INFO  o.e.m.c.i.e.AbstractTransferListenerAdapter - Downloaded https://repo.maven.apache.org/maven2/org/junit/jupiter/junit-jupiter-params/5.10.3/junit-jupiter-params-5.10.3.pom
2024-07-26 17:47:04,972 [Worker-15: Update Maven projects configuration] INFO  o.e.m.c.i.e.AbstractTransferListenerAdapter - Downloading https://repo.maven.apache.org/maven2/org/junit/jupiter/junit-jupiter-engine/5.10.3/junit-jupiter-engine-5.10.3.pom
2024-07-26 17:47:04,975 [Worker-15: Update Maven projects configuration] INFO  o.e.m.c.i.e.AbstractTransferListenerAdapter - Downloaded https://repo.maven.apache.org/maven2/org/junit/jupiter/junit-jupiter-engine/5.10.3/junit-jupiter-engine-5.10.3.pom
2024-07-26 17:47:04,989 [Worker-15: Update Maven projects configuration] INFO  o.e.m.c.i.e.AbstractTransferListenerAdapter - Downloading https://repo.maven.apache.org/maven2/org/junit/platform/junit-platform-engine/1.10.3/junit-platform-engine-1.10.3.pom
2024-07-26 17:47:04,992 [Worker-15: Update Maven projects configuration] INFO  o.e.m.c.i.e.AbstractTransferListenerAdapter - Downloaded https://repo.maven.apache.org/maven2/org/junit/platform/junit-platform-engine/1.10.3/junit-platform-engine-1.10.3.pom
2024-07-26 17:47:05,005 [Worker-15: Update Maven projects configuration] INFO  o.e.m.c.i.e.AbstractTransferListenerAdapter - Downloading https://repo.maven.apache.org/maven2/org/mockito/mockito-core/5.11.0/mockito-core-5.11.0.pom
2024-07-26 17:47:05,008 [Worker-15: Update Maven projects configuration] INFO  o.e.m.c.i.e.AbstractTransferListenerAdapter - Downloaded https://repo.maven.apache.org/maven2/org/mockito/mockito-core/5.11.0/mockito-core-5.11.0.pom
2024-07-26 17:47:05,021 [Worker-15: Update Maven projects configuration] INFO  o.e.m.c.i.e.AbstractTransferListenerAdapter - Downloading https://repo.maven.apache.org/maven2/net/bytebuddy/byte-buddy-agent/1.14.18/byte-buddy-agent-1.14.18.pom
2024-07-26 17:47:05,023 [Worker-15: Update Maven projects configuration] INFO  o.e.m.c.i.e.AbstractTransferListenerAdapter - Downloaded https://repo.maven.apache.org/maven2/net/bytebuddy/byte-buddy-agent/1.14.18/byte-buddy-agent-1.14.18.pom
2024-07-26 17:47:05,043 [Worker-15: Update Maven projects configuration] INFO  o.e.m.c.i.e.AbstractTransferListenerAdapter - Downloading https://repo.maven.apache.org/maven2/org/mockito/mockito-junit-jupiter/5.11.0/mockito-junit-jupiter-5.11.0.pom
2024-07-26 17:47:05,045 [Worker-15: Update Maven projects configuration] INFO  o.e.m.c.i.e.AbstractTransferListenerAdapter - Downloaded https://repo.maven.apache.org/maven2/org/mockito/mockito-junit-jupiter/5.11.0/mockito-junit-jupiter-5.11.0.pom
2024-07-26 17:47:05,060 [Worker-15: Update Maven projects configuration] INFO  o.e.m.c.i.e.AbstractTransferListenerAdapter - Downloading https://repo.maven.apache.org/maven2/org/skyscreamer/jsonassert/1.5.3/jsonassert-1.5.3.pom
2024-07-26 17:47:05,073 [Worker-15: Update Maven projects configuration] INFO  o.e.m.c.i.e.AbstractTransferListenerAdapter - Downloaded https://repo.maven.apache.org/maven2/org/skyscreamer/jsonassert/1.5.3/jsonassert-1.5.3.pom
2024-07-26 17:47:05,097 [Worker-15: Update Maven projects configuration] INFO  o.e.m.c.i.e.AbstractTransferListenerAdapter - Downloading https://repo.maven.apache.org/maven2/org/springframework/boot/spring-boot-testcontainers/3.3.2/spring-boot-testcontainers-3.3.2.pom
2024-07-26 17:47:05,100 [Worker-15: Update Maven projects configuration] INFO  o.e.m.c.i.e.AbstractTransferListenerAdapter - Downloaded https://repo.maven.apache.org/maven2/org/springframework/boot/spring-boot-testcontainers/3.3.2/spring-boot-testcontainers-3.3.2.pom
2024-07-26 17:47:05,116 [Worker-15: Update Maven projects configuration] INFO  o.e.m.c.i.e.AbstractTransferListenerAdapter - Downloading https://repo.maven.apache.org/maven2/org/testcontainers/testcontainers/1.19.8/testcontainers-1.19.8.pom
2024-07-26 17:47:05,118 [Worker-15: Update Maven projects configuration] INFO  o.e.m.c.i.e.AbstractTransferListenerAdapter - Downloaded https://repo.maven.apache.org/maven2/org/testcontainers/testcontainers/1.19.8/testcontainers-1.19.8.pom
2024-07-26 17:47:05,131 [Worker-15: Update Maven projects configuration] INFO  o.e.m.c.i.e.AbstractTransferListenerAdapter - Downloading https://repo.maven.apache.org/maven2/junit/junit/4.13.2/junit-4.13.2.pom
2024-07-26 17:47:05,134 [Worker-15: Update Maven projects configuration] INFO  o.e.m.c.i.e.AbstractTransferListenerAdapter - Downloaded https://repo.maven.apache.org/maven2/junit/junit/4.13.2/junit-4.13.2.pom
2024-07-26 17:47:05,148 [Worker-15: Update Maven projects configuration] INFO  o.e.m.c.i.e.AbstractTransferListenerAdapter - Downloading https://repo.maven.apache.org/maven2/org/hamcrest/hamcrest-core/2.2/hamcrest-core-2.2.pom
2024-07-26 17:47:05,151 [Worker-15: Update Maven projects configuration] INFO  o.e.m.c.i.e.AbstractTransferListenerAdapter - Downloaded https://repo.maven.apache.org/maven2/org/hamcrest/hamcrest-core/2.2/hamcrest-core-2.2.pom
2024-07-26 17:47:05,166 [Worker-15: Update Maven projects configuration] INFO  o.e.m.c.i.e.AbstractTransferListenerAdapter - Downloading https://repo.maven.apache.org/maven2/org/apache/commons/commons-compress/1.24.0/commons-compress-1.24.0.pom
2024-07-26 17:47:05,169 [Worker-15: Update Maven projects configuration] INFO  o.e.m.c.i.e.AbstractTransferListenerAdapter - Downloaded https://repo.maven.apache.org/maven2/org/apache/commons/commons-compress/1.24.0/commons-compress-1.24.0.pom
2024-07-26 17:47:05,183 [Worker-15: Update Maven projects configuration] INFO  o.e.m.c.i.e.AbstractTransferListenerAdapter - Downloading https://repo.maven.apache.org/maven2/org/apache/commons/commons-parent/61/commons-parent-61.pom
2024-07-26 17:47:05,187 [Worker-15: Update Maven projects configuration] INFO  o.e.m.c.i.e.AbstractTransferListenerAdapter - Downloaded https://repo.maven.apache.org/maven2/org/apache/commons/commons-parent/61/commons-parent-61.pom
2024-07-26 17:47:05,206 [Worker-15: Update Maven projects configuration] INFO  o.e.m.c.i.e.AbstractTransferListenerAdapter - Downloading https://repo.maven.apache.org/maven2/org/rnorth/duct-tape/duct-tape/1.0.8/duct-tape-1.0.8.pom
2024-07-26 17:47:05,208 [Worker-15: Update Maven projects configuration] INFO  o.e.m.c.i.e.AbstractTransferListenerAdapter - Downloaded https://repo.maven.apache.org/maven2/org/rnorth/duct-tape/duct-tape/1.0.8/duct-tape-1.0.8.pom
2024-07-26 17:47:05,223 [Worker-15: Update Maven projects configuration] INFO  o.e.m.c.i.e.AbstractTransferListenerAdapter - Downloading https://repo.maven.apache.org/maven2/org/jetbrains/annotations/17.0.0/annotations-17.0.0.pom
2024-07-26 17:47:05,225 [Worker-15: Update Maven projects configuration] INFO  o.e.m.c.i.e.AbstractTransferListenerAdapter - Downloaded https://repo.maven.apache.org/maven2/org/jetbrains/annotations/17.0.0/annotations-17.0.0.pom
2024-07-26 17:47:05,241 [Worker-15: Update Maven projects configuration] INFO  o.e.m.c.i.e.AbstractTransferListenerAdapter - Downloading https://repo.maven.apache.org/maven2/com/github/docker-java/docker-java-api/3.3.6/docker-java-api-3.3.6.pom
2024-07-26 17:47:05,244 [Worker-15: Update Maven projects configuration] INFO  o.e.m.c.i.e.AbstractTransferListenerAdapter - Downloaded https://repo.maven.apache.org/maven2/com/github/docker-java/docker-java-api/3.3.6/docker-java-api-3.3.6.pom
2024-07-26 17:47:05,258 [Worker-15: Update Maven projects configuration] INFO  o.e.m.c.i.e.AbstractTransferListenerAdapter - Downloading https://repo.maven.apache.org/maven2/com/github/docker-java/docker-java-parent/3.3.6/docker-java-parent-3.3.6.pom
2024-07-26 17:47:05,261 [Worker-15: Update Maven projects configuration] INFO  o.e.m.c.i.e.AbstractTransferListenerAdapter - Downloaded https://repo.maven.apache.org/maven2/com/github/docker-java/docker-java-parent/3.3.6/docker-java-parent-3.3.6.pom
2024-07-26 17:47:05,277 [Worker-15: Update Maven projects configuration] INFO  o.e.m.c.i.e.AbstractTransferListenerAdapter - Downloading https://repo.maven.apache.org/maven2/com/github/docker-java/docker-java-transport-zerodep/3.3.6/docker-java-transport-zerodep-3.3.6.pom
2024-07-26 17:47:05,280 [Worker-15: Update Maven projects configuration] INFO  o.e.m.c.i.e.AbstractTransferListenerAdapter - Downloaded https://repo.maven.apache.org/maven2/com/github/docker-java/docker-java-transport-zerodep/3.3.6/docker-java-transport-zerodep-3.3.6.pom
2024-07-26 17:47:05,296 [Worker-15: Update Maven projects configuration] INFO  o.e.m.c.i.e.AbstractTransferListenerAdapter - Downloading https://repo.maven.apache.org/maven2/com/github/docker-java/docker-java-transport/3.3.6/docker-java-transport-3.3.6.pom
2024-07-26 17:47:05,299 [Worker-15: Update Maven projects configuration] INFO  o.e.m.c.i.e.AbstractTransferListenerAdapter - Downloaded https://repo.maven.apache.org/maven2/com/github/docker-java/docker-java-transport/3.3.6/docker-java-transport-3.3.6.pom
2024-07-26 17:47:05,318 [Worker-15: Update Maven projects configuration] INFO  o.e.m.c.i.e.AbstractTransferListenerAdapter - Downloading https://repo.maven.apache.org/maven2/org/testcontainers/junit-jupiter/1.19.8/junit-jupiter-1.19.8.pom
2024-07-26 17:47:05,321 [Worker-15: Update Maven projects configuration] INFO  o.e.m.c.i.e.AbstractTransferListenerAdapter - Downloaded https://repo.maven.apache.org/maven2/org/testcontainers/junit-jupiter/1.19.8/junit-jupiter-1.19.8.pom
2024-07-26 17:47:05,406 [Worker-15: Update Maven projects configuration] INFO  o.e.m.c.i.e.AbstractTransferListenerAdapter - Downloading https://repo.maven.apache.org/maven2/org/springframework/boot/spring-boot-starter-data-jpa/3.3.2/spring-boot-starter-data-jpa-3.3.2.jar
2024-07-26 17:47:05,410 [Worker-15: Update Maven projects configuration] INFO  o.e.m.c.i.e.AbstractTransferListenerAdapter - Downloaded https://repo.maven.apache.org/maven2/org/springframework/boot/spring-boot-starter-data-jpa/3.3.2/spring-boot-starter-data-jpa-3.3.2.jar
2024-07-26 17:47:05,421 [BasicRepositoryConnector-repo.maven.apache.org-1-1] INFO  o.e.m.c.i.e.AbstractTransferListenerAdapter - Downloading https://repo.maven.apache.org/maven2/org/springframework/spring-aop/6.1.11/spring-aop-6.1.11.jar
2024-07-26 17:47:05,433 [BasicRepositoryConnector-repo.maven.apache.org-1-0] INFO  o.e.m.c.i.e.AbstractTransferListenerAdapter - Downloading https://repo.maven.apache.org/maven2/org/springframework/boot/spring-boot-starter-aop/3.3.2/spring-boot-starter-aop-3.3.2.jar
2024-07-26 17:47:05,433 [BasicRepositoryConnector-repo.maven.apache.org-1-4] INFO  o.e.m.c.i.e.AbstractTransferListenerAdapter - Downloading https://repo.maven.apache.org/maven2/com/zaxxer/HikariCP/5.1.0/HikariCP-5.1.0.jar
2024-07-26 17:47:05,433 [BasicRepositoryConnector-repo.maven.apache.org-1-3] INFO  o.e.m.c.i.e.AbstractTransferListenerAdapter - Downloading https://repo.maven.apache.org/maven2/org/springframework/boot/spring-boot-starter-jdbc/3.3.2/spring-boot-starter-jdbc-3.3.2.jar
2024-07-26 17:47:05,433 [BasicRepositoryConnector-repo.maven.apache.org-1-2] INFO  o.e.m.c.i.e.AbstractTransferListenerAdapter - Downloading https://repo.maven.apache.org/maven2/org/aspectj/aspectjweaver/1.9.22.1/aspectjweaver-1.9.22.1.jar
2024-07-26 17:47:05,487 [BasicRepositoryConnector-repo.maven.apache.org-1-0] INFO  o.e.m.c.i.e.AbstractTransferListenerAdapter - Downloaded https://repo.maven.apache.org/maven2/org/springframework/boot/spring-boot-starter-aop/3.3.2/spring-boot-starter-aop-3.3.2.jar
2024-07-26 17:47:05,487 [BasicRepositoryConnector-repo.maven.apache.org-1-1] INFO  o.e.m.c.i.e.AbstractTransferListenerAdapter - Downloaded https://repo.maven.apache.org/maven2/org/springframework/spring-aop/6.1.11/spring-aop-6.1.11.jar
2024-07-26 17:47:05,487 [BasicRepositoryConnector-repo.maven.apache.org-1-3] INFO  o.e.m.c.i.e.AbstractTransferListenerAdapter - Downloaded https://repo.maven.apache.org/maven2/org/springframework/boot/spring-boot-starter-jdbc/3.3.2/spring-boot-starter-jdbc-3.3.2.jar
2024-07-26 17:47:05,487 [BasicRepositoryConnector-repo.maven.apache.org-1-4] INFO  o.e.m.c.i.e.AbstractTransferListenerAdapter - Downloaded https://repo.maven.apache.org/maven2/com/zaxxer/HikariCP/5.1.0/HikariCP-5.1.0.jar
2024-07-26 17:47:05,489 [BasicRepositoryConnector-repo.maven.apache.org-1-2] INFO  o.e.m.c.i.e.AbstractTransferListenerAdapter - Downloaded https://repo.maven.apache.org/maven2/org/aspectj/aspectjweaver/1.9.22.1/aspectjweaver-1.9.22.1.jar
2024-07-26 17:47:05,496 [BasicRepositoryConnector-repo.maven.apache.org-1-3] INFO  o.e.m.c.i.e.AbstractTransferListenerAdapter - Downloading https://repo.maven.apache.org/maven2/com/fasterxml/classmate/1.7.0/classmate-1.7.0.jar
2024-07-26 17:47:05,497 [BasicRepositoryConnector-repo.maven.apache.org-1-0] INFO  o.e.m.c.i.e.AbstractTransferListenerAdapter - Downloading https://repo.maven.apache.org/maven2/org/hibernate/orm/hibernate-core/6.5.2.Final/hibernate-core-6.5.2.Final.jar
2024-07-26 17:47:05,498 [BasicRepositoryConnector-repo.maven.apache.org-1-1] INFO  o.e.m.c.i.e.AbstractTransferListenerAdapter - Downloading https://repo.maven.apache.org/maven2/org/springframework/spring-jdbc/6.1.11/spring-jdbc-6.1.11.jar
2024-07-26 17:47:05,501 [BasicRepositoryConnector-repo.maven.apache.org-1-2] INFO  o.e.m.c.i.e.AbstractTransferListenerAdapter - Downloading https://repo.maven.apache.org/maven2/org/glassfish/jaxb/jaxb-runtime/4.0.5/jaxb-runtime-4.0.5.jar
2024-07-26 17:47:05,501 [BasicRepositoryConnector-repo.maven.apache.org-1-3] INFO  o.e.m.c.i.e.AbstractTransferListenerAdapter - Downloaded https://repo.maven.apache.org/maven2/com/fasterxml/classmate/1.7.0/classmate-1.7.0.jar
2024-07-26 17:47:05,502 [BasicRepositoryConnector-repo.maven.apache.org-1-4] INFO  o.e.m.c.i.e.AbstractTransferListenerAdapter - Downloading https://repo.maven.apache.org/maven2/net/bytebuddy/byte-buddy/1.14.18/byte-buddy-1.14.18.jar
2024-07-26 17:47:05,513 [BasicRepositoryConnector-repo.maven.apache.org-1-3] INFO  o.e.m.c.i.e.AbstractTransferListenerAdapter - Downloading https://repo.maven.apache.org/maven2/org/glassfish/jaxb/jaxb-core/4.0.5/jaxb-core-4.0.5.jar
2024-07-26 17:47:05,515 [BasicRepositoryConnector-repo.maven.apache.org-1-1] INFO  o.e.m.c.i.e.AbstractTransferListenerAdapter - Downloaded https://repo.maven.apache.org/maven2/org/springframework/spring-jdbc/6.1.11/spring-jdbc-6.1.11.jar
2024-07-26 17:47:05,520 [BasicRepositoryConnector-repo.maven.apache.org-1-3] INFO  o.e.m.c.i.e.AbstractTransferListenerAdapter - Downloaded https://repo.maven.apache.org/maven2/org/glassfish/jaxb/jaxb-core/4.0.5/jaxb-core-4.0.5.jar
2024-07-26 17:47:05,529 [BasicRepositoryConnector-repo.maven.apache.org-1-1] INFO  o.e.m.c.i.e.AbstractTransferListenerAdapter - Downloading https://repo.maven.apache.org/maven2/org/eclipse/angus/angus-activation/2.0.2/angus-activation-2.0.2.jar
2024-07-26 17:47:05,532 [BasicRepositoryConnector-repo.maven.apache.org-1-1] INFO  o.e.m.c.i.e.AbstractTransferListenerAdapter - Downloaded https://repo.maven.apache.org/maven2/org/eclipse/angus/angus-activation/2.0.2/angus-activation-2.0.2.jar
2024-07-26 17:47:05,551 [BasicRepositoryConnector-repo.maven.apache.org-1-1] INFO  o.e.m.c.i.e.AbstractTransferListenerAdapter - Downloading https://repo.maven.apache.org/maven2/org/springframework/data/spring-data-jpa/3.3.2/spring-data-jpa-3.3.2.jar
2024-07-26 17:47:05,551 [BasicRepositoryConnector-repo.maven.apache.org-1-3] INFO  o.e.m.c.i.e.AbstractTransferListenerAdapter - Downloading https://repo.maven.apache.org/maven2/org/glassfish/jaxb/txw2/4.0.5/txw2-4.0.5.jar
2024-07-26 17:47:05,588 [BasicRepositoryConnector-repo.maven.apache.org-1-2] INFO  o.e.m.c.i.e.AbstractTransferListenerAdapter - Downloaded https://repo.maven.apache.org/maven2/org/glassfish/jaxb/jaxb-runtime/4.0.5/jaxb-runtime-4.0.5.jar
2024-07-26 17:47:05,600 [BasicRepositoryConnector-repo.maven.apache.org-1-3] INFO  o.e.m.c.i.e.AbstractTransferListenerAdapter - Downloaded https://repo.maven.apache.org/maven2/org/glassfish/jaxb/txw2/4.0.5/txw2-4.0.5.jar
2024-07-26 17:47:05,609 [BasicRepositoryConnector-repo.maven.apache.org-1-2] INFO  o.e.m.c.i.e.AbstractTransferListenerAdapter - Downloading https://repo.maven.apache.org/maven2/org/springframework/data/spring-data-commons/3.3.2/spring-data-commons-3.3.2.jar
2024-07-26 17:47:05,617 [BasicRepositoryConnector-repo.maven.apache.org-1-3] INFO  o.e.m.c.i.e.AbstractTransferListenerAdapter - Downloading https://repo.maven.apache.org/maven2/org/springframework/spring-orm/6.1.11/spring-orm-6.1.11.jar
2024-07-26 17:47:05,621 [BasicRepositoryConnector-repo.maven.apache.org-1-1] INFO  o.e.m.c.i.e.AbstractTransferListenerAdapter - Downloaded https://repo.maven.apache.org/maven2/org/springframework/data/spring-data-jpa/3.3.2/spring-data-jpa-3.3.2.jar
2024-07-26 17:47:05,621 [BasicRepositoryConnector-repo.maven.apache.org-1-4] INFO  o.e.m.c.i.e.AbstractTransferListenerAdapter - Downloaded https://repo.maven.apache.org/maven2/net/bytebuddy/byte-buddy/1.14.18/byte-buddy-1.14.18.jar
2024-07-26 17:47:05,623 [BasicRepositoryConnector-repo.maven.apache.org-1-3] INFO  o.e.m.c.i.e.AbstractTransferListenerAdapter - Downloaded https://repo.maven.apache.org/maven2/org/springframework/spring-orm/6.1.11/spring-orm-6.1.11.jar
2024-07-26 17:47:05,631 [BasicRepositoryConnector-repo.maven.apache.org-1-1] INFO  o.e.m.c.i.e.AbstractTransferListenerAdapter - Downloading https://repo.maven.apache.org/maven2/org/springframework/spring-context/6.1.11/spring-context-6.1.11.jar
2024-07-26 17:47:05,631 [BasicRepositoryConnector-repo.maven.apache.org-1-4] INFO  o.e.m.c.i.e.AbstractTransferListenerAdapter - Downloading https://repo.maven.apache.org/maven2/org/springframework/spring-tx/6.1.11/spring-tx-6.1.11.jar
2024-07-26 17:47:05,637 [BasicRepositoryConnector-repo.maven.apache.org-1-3] INFO  o.e.m.c.i.e.AbstractTransferListenerAdapter - Downloading https://repo.maven.apache.org/maven2/org/springframework/spring-beans/6.1.11/spring-beans-6.1.11.jar
2024-07-26 17:47:05,672 [BasicRepositoryConnector-repo.maven.apache.org-1-4] INFO  o.e.m.c.i.e.AbstractTransferListenerAdapter - Downloaded https://repo.maven.apache.org/maven2/org/springframework/spring-tx/6.1.11/spring-tx-6.1.11.jar
2024-07-26 17:47:05,674 [BasicRepositoryConnector-repo.maven.apache.org-1-2] INFO  o.e.m.c.i.e.AbstractTransferListenerAdapter - Downloaded https://repo.maven.apache.org/maven2/org/springframework/data/spring-data-commons/3.3.2/spring-data-commons-3.3.2.jar
2024-07-26 17:47:05,677 [BasicRepositoryConnector-repo.maven.apache.org-1-1] INFO  o.e.m.c.i.e.AbstractTransferListenerAdapter - Downloaded https://repo.maven.apache.org/maven2/org/springframework/spring-context/6.1.11/spring-context-6.1.11.jar
2024-07-26 17:47:05,684 [BasicRepositoryConnector-repo.maven.apache.org-1-4] INFO  o.e.m.c.i.e.AbstractTransferListenerAdapter - Downloading https://repo.maven.apache.org/maven2/org/slf4j/slf4j-api/2.0.13/slf4j-api-2.0.13.jar
2024-07-26 17:47:05,685 [BasicRepositoryConnector-repo.maven.apache.org-1-2] INFO  o.e.m.c.i.e.AbstractTransferListenerAdapter - Downloading https://repo.maven.apache.org/maven2/org/springframework/spring-aspects/6.1.11/spring-aspects-6.1.11.jar
2024-07-26 17:47:05,688 [BasicRepositoryConnector-repo.maven.apache.org-1-1] INFO  o.e.m.c.i.e.AbstractTransferListenerAdapter - Downloading https://repo.maven.apache.org/maven2/org/springframework/boot/spring-boot-starter-web/3.3.2/spring-boot-starter-web-3.3.2.jar
2024-07-26 17:47:05,688 [BasicRepositoryConnector-repo.maven.apache.org-1-4] INFO  o.e.m.c.i.e.AbstractTransferListenerAdapter - Downloaded https://repo.maven.apache.org/maven2/org/slf4j/slf4j-api/2.0.13/slf4j-api-2.0.13.jar
2024-07-26 17:47:05,691 [BasicRepositoryConnector-repo.maven.apache.org-1-2] INFO  o.e.m.c.i.e.AbstractTransferListenerAdapter - Downloaded https://repo.maven.apache.org/maven2/org/springframework/spring-aspects/6.1.11/spring-aspects-6.1.11.jar
2024-07-26 17:47:05,692 [BasicRepositoryConnector-repo.maven.apache.org-1-1] INFO  o.e.m.c.i.e.AbstractTransferListenerAdapter - Downloaded https://repo.maven.apache.org/maven2/org/springframework/boot/spring-boot-starter-web/3.3.2/spring-boot-starter-web-3.3.2.jar
2024-07-26 17:47:05,698 [BasicRepositoryConnector-repo.maven.apache.org-1-3] INFO  o.e.m.c.i.e.AbstractTransferListenerAdapter - Downloaded https://repo.maven.apache.org/maven2/org/springframework/spring-beans/6.1.11/spring-beans-6.1.11.jar
2024-07-26 17:47:05,700 [BasicRepositoryConnector-repo.maven.apache.org-1-4] INFO  o.e.m.c.i.e.AbstractTransferListenerAdapter - Downloading https://repo.maven.apache.org/maven2/org/springframework/boot/spring-boot-starter/3.3.2/spring-boot-starter-3.3.2.jar
2024-07-26 17:47:05,703 [BasicRepositoryConnector-repo.maven.apache.org-1-2] INFO  o.e.m.c.i.e.AbstractTransferListenerAdapter - Downloading https://repo.maven.apache.org/maven2/org/springframework/boot/spring-boot/3.3.2/spring-boot-3.3.2.jar
2024-07-26 17:47:05,704 [BasicRepositoryConnector-repo.maven.apache.org-1-4] INFO  o.e.m.c.i.e.AbstractTransferListenerAdapter - Downloaded https://repo.maven.apache.org/maven2/org/springframework/boot/spring-boot-starter/3.3.2/spring-boot-starter-3.3.2.jar
2024-07-26 17:47:05,705 [BasicRepositoryConnector-repo.maven.apache.org-1-1] INFO  o.e.m.c.i.e.AbstractTransferListenerAdapter - Downloading https://repo.maven.apache.org/maven2/org/springframework/boot/spring-boot-starter-logging/3.3.2/spring-boot-starter-logging-3.3.2.jar
2024-07-26 17:47:05,708 [BasicRepositoryConnector-repo.maven.apache.org-1-1] INFO  o.e.m.c.i.e.AbstractTransferListenerAdapter - Downloaded https://repo.maven.apache.org/maven2/org/springframework/boot/spring-boot-starter-logging/3.3.2/spring-boot-starter-logging-3.3.2.jar
2024-07-26 17:47:05,709 [BasicRepositoryConnector-repo.maven.apache.org-1-3] INFO  o.e.m.c.i.e.AbstractTransferListenerAdapter - Downloading https://repo.maven.apache.org/maven2/ch/qos/logback/logback-classic/1.5.6/logback-classic-1.5.6.jar
2024-07-26 17:47:05,715 [BasicRepositoryConnector-repo.maven.apache.org-1-4] INFO  o.e.m.c.i.e.AbstractTransferListenerAdapter - Downloading https://repo.maven.apache.org/maven2/ch/qos/logback/logback-core/1.5.6/logback-core-1.5.6.jar
2024-07-26 17:47:05,722 [BasicRepositoryConnector-repo.maven.apache.org-1-1] INFO  o.e.m.c.i.e.AbstractTransferListenerAdapter - Downloading https://repo.maven.apache.org/maven2/org/apache/logging/log4j/log4j-to-slf4j/2.23.1/log4j-to-slf4j-2.23.1.jar
2024-07-26 17:47:05,726 [BasicRepositoryConnector-repo.maven.apache.org-1-1] INFO  o.e.m.c.i.e.AbstractTransferListenerAdapter - Downloaded https://repo.maven.apache.org/maven2/org/apache/logging/log4j/log4j-to-slf4j/2.23.1/log4j-to-slf4j-2.23.1.jar
2024-07-26 17:47:05,726 [BasicRepositoryConnector-repo.maven.apache.org-1-3] INFO  o.e.m.c.i.e.AbstractTransferListenerAdapter - Downloaded https://repo.maven.apache.org/maven2/ch/qos/logback/logback-classic/1.5.6/logback-classic-1.5.6.jar
2024-07-26 17:47:05,735 [BasicRepositoryConnector-repo.maven.apache.org-1-4] INFO  o.e.m.c.i.e.AbstractTransferListenerAdapter - Downloaded https://repo.maven.apache.org/maven2/ch/qos/logback/logback-core/1.5.6/logback-core-1.5.6.jar
2024-07-26 17:47:05,737 [BasicRepositoryConnector-repo.maven.apache.org-1-3] INFO  o.e.m.c.i.e.AbstractTransferListenerAdapter - Downloading https://repo.maven.apache.org/maven2/org/slf4j/jul-to-slf4j/2.0.13/jul-to-slf4j-2.0.13.jar
2024-07-26 17:47:05,740 [BasicRepositoryConnector-repo.maven.apache.org-1-3] INFO  o.e.m.c.i.e.AbstractTransferListenerAdapter - Downloaded https://repo.maven.apache.org/maven2/org/slf4j/jul-to-slf4j/2.0.13/jul-to-slf4j-2.0.13.jar
2024-07-26 17:47:05,745 [BasicRepositoryConnector-repo.maven.apache.org-1-4] INFO  o.e.m.c.i.e.AbstractTransferListenerAdapter - Downloading https://repo.maven.apache.org/maven2/org/springframework/boot/spring-boot-starter-json/3.3.2/spring-boot-starter-json-3.3.2.jar
2024-07-26 17:47:05,745 [BasicRepositoryConnector-repo.maven.apache.org-1-1] INFO  o.e.m.c.i.e.AbstractTransferListenerAdapter - Downloading https://repo.maven.apache.org/maven2/org/apache/logging/log4j/log4j-api/2.23.1/log4j-api-2.23.1.jar
2024-07-26 17:47:05,749 [BasicRepositoryConnector-repo.maven.apache.org-1-4] INFO  o.e.m.c.i.e.AbstractTransferListenerAdapter - Downloaded https://repo.maven.apache.org/maven2/org/springframework/boot/spring-boot-starter-json/3.3.2/spring-boot-starter-json-3.3.2.jar
2024-07-26 17:47:05,754 [BasicRepositoryConnector-repo.maven.apache.org-1-3] INFO  o.e.m.c.i.e.AbstractTransferListenerAdapter - Downloading https://repo.maven.apache.org/maven2/com/fasterxml/jackson/core/jackson-databind/2.17.2/jackson-databind-2.17.2.jar
2024-07-26 17:47:05,760 [BasicRepositoryConnector-repo.maven.apache.org-1-1] INFO  o.e.m.c.i.e.AbstractTransferListenerAdapter - Downloaded https://repo.maven.apache.org/maven2/org/apache/logging/log4j/log4j-api/2.23.1/log4j-api-2.23.1.jar
2024-07-26 17:47:05,760 [BasicRepositoryConnector-repo.maven.apache.org-1-4] INFO  o.e.m.c.i.e.AbstractTransferListenerAdapter - Downloading https://repo.maven.apache.org/maven2/com/fasterxml/jackson/core/jackson-annotations/2.17.2/jackson-annotations-2.17.2.jar
2024-07-26 17:47:05,766 [BasicRepositoryConnector-repo.maven.apache.org-1-4] INFO  o.e.m.c.i.e.AbstractTransferListenerAdapter - Downloaded https://repo.maven.apache.org/maven2/com/fasterxml/jackson/core/jackson-annotations/2.17.2/jackson-annotations-2.17.2.jar
2024-07-26 17:47:05,769 [BasicRepositoryConnector-repo.maven.apache.org-1-2] INFO  o.e.m.c.i.e.AbstractTransferListenerAdapter - Downloaded https://repo.maven.apache.org/maven2/org/springframework/boot/spring-boot/3.3.2/spring-boot-3.3.2.jar
2024-07-26 17:47:05,772 [BasicRepositoryConnector-repo.maven.apache.org-1-1] INFO  o.e.m.c.i.e.AbstractTransferListenerAdapter - Downloading https://repo.maven.apache.org/maven2/com/fasterxml/jackson/core/jackson-core/2.17.2/jackson-core-2.17.2.jar
2024-07-26 17:47:05,776 [BasicRepositoryConnector-repo.maven.apache.org-1-4] INFO  o.e.m.c.i.e.AbstractTransferListenerAdapter - Downloading https://repo.maven.apache.org/maven2/com/fasterxml/jackson/datatype/jackson-datatype-jdk8/2.17.2/jackson-datatype-jdk8-2.17.2.jar
2024-07-26 17:47:05,780 [BasicRepositoryConnector-repo.maven.apache.org-1-4] INFO  o.e.m.c.i.e.AbstractTransferListenerAdapter - Downloaded https://repo.maven.apache.org/maven2/com/fasterxml/jackson/datatype/jackson-datatype-jdk8/2.17.2/jackson-datatype-jdk8-2.17.2.jar
2024-07-26 17:47:05,781 [BasicRepositoryConnector-repo.maven.apache.org-1-2] INFO  o.e.m.c.i.e.AbstractTransferListenerAdapter - Downloading https://repo.maven.apache.org/maven2/com/fasterxml/jackson/datatype/jackson-datatype-jsr310/2.17.2/jackson-datatype-jsr310-2.17.2.jar
2024-07-26 17:47:05,786 [BasicRepositoryConnector-repo.maven.apache.org-1-2] INFO  o.e.m.c.i.e.AbstractTransferListenerAdapter - Downloaded https://repo.maven.apache.org/maven2/com/fasterxml/jackson/datatype/jackson-datatype-jsr310/2.17.2/jackson-datatype-jsr310-2.17.2.jar
2024-07-26 17:47:05,791 [BasicRepositoryConnector-repo.maven.apache.org-1-4] INFO  o.e.m.c.i.e.AbstractTransferListenerAdapter - Downloading https://repo.maven.apache.org/maven2/com/fasterxml/jackson/module/jackson-module-parameter-names/2.17.2/jackson-module-parameter-names-2.17.2.jar
2024-07-26 17:47:05,792 [BasicRepositoryConnector-repo.maven.apache.org-1-1] INFO  o.e.m.c.i.e.AbstractTransferListenerAdapter - Downloaded https://repo.maven.apache.org/maven2/com/fasterxml/jackson/core/jackson-core/2.17.2/jackson-core-2.17.2.jar
2024-07-26 17:47:05,795 [BasicRepositoryConnector-repo.maven.apache.org-1-2] INFO  o.e.m.c.i.e.AbstractTransferListenerAdapter - Downloading https://repo.maven.apache.org/maven2/org/springframework/boot/spring-boot-starter-tomcat/3.3.2/spring-boot-starter-tomcat-3.3.2.jar
2024-07-26 17:47:05,795 [BasicRepositoryConnector-repo.maven.apache.org-1-4] INFO  o.e.m.c.i.e.AbstractTransferListenerAdapter - Downloaded https://repo.maven.apache.org/maven2/com/fasterxml/jackson/module/jackson-module-parameter-names/2.17.2/jackson-module-parameter-names-2.17.2.jar
2024-07-26 17:47:05,798 [BasicRepositoryConnector-repo.maven.apache.org-1-2] INFO  o.e.m.c.i.e.AbstractTransferListenerAdapter - Downloaded https://repo.maven.apache.org/maven2/org/springframework/boot/spring-boot-starter-tomcat/3.3.2/spring-boot-starter-tomcat-3.3.2.jar
2024-07-26 17:47:05,804 [BasicRepositoryConnector-repo.maven.apache.org-1-4] INFO  o.e.m.c.i.e.AbstractTransferListenerAdapter - Downloading https://repo.maven.apache.org/maven2/org/apache/tomcat/embed/tomcat-embed-el/10.1.26/tomcat-embed-el-10.1.26.jar
2024-07-26 17:47:05,808 [BasicRepositoryConnector-repo.maven.apache.org-1-1] INFO  o.e.m.c.i.e.AbstractTransferListenerAdapter - Downloading https://repo.maven.apache.org/maven2/org/apache/tomcat/embed/tomcat-embed-core/10.1.26/tomcat-embed-core-10.1.26.jar
2024-07-26 17:47:05,814 [BasicRepositoryConnector-repo.maven.apache.org-1-2] INFO  o.e.m.c.i.e.AbstractTransferListenerAdapter - Downloading https://repo.maven.apache.org/maven2/org/apache/tomcat/embed/tomcat-embed-websocket/10.1.26/tomcat-embed-websocket-10.1.26.jar
2024-07-26 17:47:05,815 [BasicRepositoryConnector-repo.maven.apache.org-1-4] INFO  o.e.m.c.i.e.AbstractTransferListenerAdapter - Downloaded https://repo.maven.apache.org/maven2/org/apache/tomcat/embed/tomcat-embed-el/10.1.26/tomcat-embed-el-10.1.26.jar
2024-07-26 17:47:05,824 [BasicRepositoryConnector-repo.maven.apache.org-1-2] INFO  o.e.m.c.i.e.AbstractTransferListenerAdapter - Downloaded https://repo.maven.apache.org/maven2/org/apache/tomcat/embed/tomcat-embed-websocket/10.1.26/tomcat-embed-websocket-10.1.26.jar
2024-07-26 17:47:05,829 [BasicRepositoryConnector-repo.maven.apache.org-1-4] INFO  o.e.m.c.i.e.AbstractTransferListenerAdapter - Downloading https://repo.maven.apache.org/maven2/org/springframework/spring-web/6.1.11/spring-web-6.1.11.jar
2024-07-26 17:47:05,840 [BasicRepositoryConnector-repo.maven.apache.org-1-2] INFO  o.e.m.c.i.e.AbstractTransferListenerAdapter - Downloading https://repo.maven.apache.org/maven2/io/micrometer/micrometer-observation/1.13.2/micrometer-observation-1.13.2.jar
2024-07-26 17:47:05,847 [BasicRepositoryConnector-repo.maven.apache.org-1-2] INFO  o.e.m.c.i.e.AbstractTransferListenerAdapter - Downloaded https://repo.maven.apache.org/maven2/io/micrometer/micrometer-observation/1.13.2/micrometer-observation-1.13.2.jar
2024-07-26 17:47:05,854 [BasicRepositoryConnector-repo.maven.apache.org-1-3] INFO  o.e.m.c.i.e.AbstractTransferListenerAdapter - Downloaded https://repo.maven.apache.org/maven2/com/fasterxml/jackson/core/jackson-databind/2.17.2/jackson-databind-2.17.2.jar
2024-07-26 17:47:05,861 [BasicRepositoryConnector-repo.maven.apache.org-1-2] INFO  o.e.m.c.i.e.AbstractTransferListenerAdapter - Downloading https://repo.maven.apache.org/maven2/io/micrometer/micrometer-commons/1.13.2/micrometer-commons-1.13.2.jar
2024-07-26 17:47:05,865 [BasicRepositoryConnector-repo.maven.apache.org-1-2] INFO  o.e.m.c.i.e.AbstractTransferListenerAdapter - Downloaded https://repo.maven.apache.org/maven2/io/micrometer/micrometer-commons/1.13.2/micrometer-commons-1.13.2.jar
2024-07-26 17:47:05,871 [BasicRepositoryConnector-repo.maven.apache.org-1-3] INFO  o.e.m.c.i.e.AbstractTransferListenerAdapter - Downloading https://repo.maven.apache.org/maven2/org/springframework/spring-webmvc/6.1.11/spring-webmvc-6.1.11.jar
2024-07-26 17:47:05,879 [BasicRepositoryConnector-repo.maven.apache.org-1-2] INFO  o.e.m.c.i.e.AbstractTransferListenerAdapter - Downloading https://repo.maven.apache.org/maven2/org/springframework/spring-expression/6.1.11/spring-expression-6.1.11.jar
2024-07-26 17:47:05,879 [BasicRepositoryConnector-repo.maven.apache.org-1-4] INFO  o.e.m.c.i.e.AbstractTransferListenerAdapter - Downloaded https://repo.maven.apache.org/maven2/org/springframework/spring-web/6.1.11/spring-web-6.1.11.jar
2024-07-26 17:47:05,892 [BasicRepositoryConnector-repo.maven.apache.org-1-2] INFO  o.e.m.c.i.e.AbstractTransferListenerAdapter - Downloaded https://repo.maven.apache.org/maven2/org/springframework/spring-expression/6.1.11/spring-expression-6.1.11.jar
2024-07-26 17:47:05,894 [BasicRepositoryConnector-repo.maven.apache.org-1-4] INFO  o.e.m.c.i.e.AbstractTransferListenerAdapter - Downloading https://repo.maven.apache.org/maven2/org/projectlombok/lombok/1.18.34/lombok-1.18.34.jar
2024-07-26 17:47:05,913 [BasicRepositoryConnector-repo.maven.apache.org-1-2] INFO  o.e.m.c.i.e.AbstractTransferListenerAdapter - Downloading https://repo.maven.apache.org/maven2/org/springframework/boot/spring-boot-starter-test/3.3.2/spring-boot-starter-test-3.3.2.jar
2024-07-26 17:47:05,917 [BasicRepositoryConnector-repo.maven.apache.org-1-2] INFO  o.e.m.c.i.e.AbstractTransferListenerAdapter - Downloaded https://repo.maven.apache.org/maven2/org/springframework/boot/spring-boot-starter-test/3.3.2/spring-boot-starter-test-3.3.2.jar
2024-07-26 17:47:05,935 [BasicRepositoryConnector-repo.maven.apache.org-1-2] INFO  o.e.m.c.i.e.AbstractTransferListenerAdapter - Downloading https://repo.maven.apache.org/maven2/org/springframework/boot/spring-boot-test/3.3.2/spring-boot-test-3.3.2.jar
2024-07-26 17:47:05,947 [BasicRepositoryConnector-repo.maven.apache.org-1-3] INFO  o.e.m.c.i.e.AbstractTransferListenerAdapter - Downloaded https://repo.maven.apache.org/maven2/org/springframework/spring-webmvc/6.1.11/spring-webmvc-6.1.11.jar
2024-07-26 17:47:05,959 [BasicRepositoryConnector-repo.maven.apache.org-1-3] INFO  o.e.m.c.i.e.AbstractTransferListenerAdapter - Downloading https://repo.maven.apache.org/maven2/org/springframework/boot/spring-boot-test-autoconfigure/3.3.2/spring-boot-test-autoconfigure-3.3.2.jar
2024-07-26 17:47:05,961 [BasicRepositoryConnector-repo.maven.apache.org-1-4] INFO  o.e.m.c.i.e.AbstractTransferListenerAdapter - Downloaded https://repo.maven.apache.org/maven2/org/projectlombok/lombok/1.18.34/lombok-1.18.34.jar
2024-07-26 17:47:05,964 [BasicRepositoryConnector-repo.maven.apache.org-1-2] INFO  o.e.m.c.i.e.AbstractTransferListenerAdapter - Downloaded https://repo.maven.apache.org/maven2/org/springframework/boot/spring-boot-test/3.3.2/spring-boot-test-3.3.2.jar
2024-07-26 17:47:05,971 [BasicRepositoryConnector-repo.maven.apache.org-1-4] INFO  o.e.m.c.i.e.AbstractTransferListenerAdapter - Downloading https://repo.maven.apache.org/maven2/com/jayway/jsonpath/json-path/2.9.0/json-path-2.9.0.jar
2024-07-26 17:47:05,974 [BasicRepositoryConnector-repo.maven.apache.org-1-3] INFO  o.e.m.c.i.e.AbstractTransferListenerAdapter - Downloaded https://repo.maven.apache.org/maven2/org/springframework/boot/spring-boot-test-autoconfigure/3.3.2/spring-boot-test-autoconfigure-3.3.2.jar
2024-07-26 17:47:05,975 [BasicRepositoryConnector-repo.maven.apache.org-1-2] INFO  o.e.m.c.i.e.AbstractTransferListenerAdapter - Downloading https://repo.maven.apache.org/maven2/jakarta/xml/bind/jakarta.xml.bind-api/4.0.2/jakarta.xml.bind-api-4.0.2.jar
2024-07-26 17:47:05,983 [BasicRepositoryConnector-repo.maven.apache.org-1-4] INFO  o.e.m.c.i.e.AbstractTransferListenerAdapter - Downloaded https://repo.maven.apache.org/maven2/com/jayway/jsonpath/json-path/2.9.0/json-path-2.9.0.jar
2024-07-26 17:47:05,985 [BasicRepositoryConnector-repo.maven.apache.org-1-3] INFO  o.e.m.c.i.e.AbstractTransferListenerAdapter - Downloading https://repo.maven.apache.org/maven2/jakarta/activation/jakarta.activation-api/2.1.3/jakarta.activation-api-2.1.3.jar
2024-07-26 17:47:05,986 [BasicRepositoryConnector-repo.maven.apache.org-1-2] INFO  o.e.m.c.i.e.AbstractTransferListenerAdapter - Downloaded https://repo.maven.apache.org/maven2/jakarta/xml/bind/jakarta.xml.bind-api/4.0.2/jakarta.xml.bind-api-4.0.2.jar
2024-07-26 17:47:05,989 [BasicRepositoryConnector-repo.maven.apache.org-1-3] INFO  o.e.m.c.i.e.AbstractTransferListenerAdapter - Downloaded https://repo.maven.apache.org/maven2/jakarta/activation/jakarta.activation-api/2.1.3/jakarta.activation-api-2.1.3.jar
2024-07-26 17:47:05,992 [BasicRepositoryConnector-repo.maven.apache.org-1-4] INFO  o.e.m.c.i.e.AbstractTransferListenerAdapter - Downloading https://repo.maven.apache.org/maven2/net/minidev/json-smart/2.5.1/json-smart-2.5.1.jar
2024-07-26 17:47:05,996 [BasicRepositoryConnector-repo.maven.apache.org-1-4] INFO  o.e.m.c.i.e.AbstractTransferListenerAdapter - Downloaded https://repo.maven.apache.org/maven2/net/minidev/json-smart/2.5.1/json-smart-2.5.1.jar
2024-07-26 17:47:05,997 [BasicRepositoryConnector-repo.maven.apache.org-1-2] INFO  o.e.m.c.i.e.AbstractTransferListenerAdapter - Downloading https://repo.maven.apache.org/maven2/net/minidev/accessors-smart/2.5.1/accessors-smart-2.5.1.jar
2024-07-26 17:47:06,000 [BasicRepositoryConnector-repo.maven.apache.org-1-2] INFO  o.e.m.c.i.e.AbstractTransferListenerAdapter - Downloaded https://repo.maven.apache.org/maven2/net/minidev/accessors-smart/2.5.1/accessors-smart-2.5.1.jar
2024-07-26 17:47:06,001 [BasicRepositoryConnector-repo.maven.apache.org-1-3] INFO  o.e.m.c.i.e.AbstractTransferListenerAdapter - Downloading https://repo.maven.apache.org/maven2/org/assertj/assertj-core/3.25.3/assertj-core-3.25.3.jar
2024-07-26 17:47:06,007 [BasicRepositoryConnector-repo.maven.apache.org-1-4] INFO  o.e.m.c.i.e.AbstractTransferListenerAdapter - Downloading https://repo.maven.apache.org/maven2/org/awaitility/awaitility/4.2.1/awaitility-4.2.1.jar
2024-07-26 17:47:06,007 [BasicRepositoryConnector-repo.maven.apache.org-1-1] INFO  o.e.m.c.i.e.AbstractTransferListenerAdapter - Downloaded https://repo.maven.apache.org/maven2/org/apache/tomcat/embed/tomcat-embed-core/10.1.26/tomcat-embed-core-10.1.26.jar
2024-07-26 17:47:06,009 [BasicRepositoryConnector-repo.maven.apache.org-1-2] INFO  o.e.m.c.i.e.AbstractTransferListenerAdapter - Downloading https://repo.maven.apache.org/maven2/org/junit/jupiter/junit-jupiter/5.10.3/junit-jupiter-5.10.3.jar
2024-07-26 17:47:06,012 [BasicRepositoryConnector-repo.maven.apache.org-1-4] INFO  o.e.m.c.i.e.AbstractTransferListenerAdapter - Downloaded https://repo.maven.apache.org/maven2/org/awaitility/awaitility/4.2.1/awaitility-4.2.1.jar
2024-07-26 17:47:06,012 [BasicRepositoryConnector-repo.maven.apache.org-1-2] INFO  o.e.m.c.i.e.AbstractTransferListenerAdapter - Downloaded https://repo.maven.apache.org/maven2/org/junit/jupiter/junit-jupiter/5.10.3/junit-jupiter-5.10.3.jar
2024-07-26 17:47:06,019 [BasicRepositoryConnector-repo.maven.apache.org-1-1] INFO  o.e.m.c.i.e.AbstractTransferListenerAdapter - Downloading https://repo.maven.apache.org/maven2/org/junit/jupiter/junit-jupiter-api/5.10.3/junit-jupiter-api-5.10.3.jar
2024-07-26 17:47:06,023 [BasicRepositoryConnector-repo.maven.apache.org-1-2] INFO  o.e.m.c.i.e.AbstractTransferListenerAdapter - Downloading https://repo.maven.apache.org/maven2/org/junit/jupiter/junit-jupiter-params/5.10.3/junit-jupiter-params-5.10.3.jar
2024-07-26 17:47:06,027 [BasicRepositoryConnector-repo.maven.apache.org-1-4] INFO  o.e.m.c.i.e.AbstractTransferListenerAdapter - Downloading https://repo.maven.apache.org/maven2/org/junit/platform/junit-platform-commons/1.10.3/junit-platform-commons-1.10.3.jar
2024-07-26 17:47:06,034 [BasicRepositoryConnector-repo.maven.apache.org-1-1] INFO  o.e.m.c.i.e.AbstractTransferListenerAdapter - Downloaded https://repo.maven.apache.org/maven2/org/junit/jupiter/junit-jupiter-api/5.10.3/junit-jupiter-api-5.10.3.jar
2024-07-26 17:47:06,036 [BasicRepositoryConnector-repo.maven.apache.org-1-4] INFO  o.e.m.c.i.e.AbstractTransferListenerAdapter - Downloaded https://repo.maven.apache.org/maven2/org/junit/platform/junit-platform-commons/1.10.3/junit-platform-commons-1.10.3.jar
2024-07-26 17:47:06,046 [BasicRepositoryConnector-repo.maven.apache.org-1-1] INFO  o.e.m.c.i.e.AbstractTransferListenerAdapter - Downloading https://repo.maven.apache.org/maven2/org/junit/jupiter/junit-jupiter-engine/5.10.3/junit-jupiter-engine-5.10.3.jar
2024-07-26 17:47:06,046 [BasicRepositoryConnector-repo.maven.apache.org-1-2] INFO  o.e.m.c.i.e.AbstractTransferListenerAdapter - Downloaded https://repo.maven.apache.org/maven2/org/junit/jupiter/junit-jupiter-params/5.10.3/junit-jupiter-params-5.10.3.jar
2024-07-26 17:47:06,048 [BasicRepositoryConnector-repo.maven.apache.org-1-4] INFO  o.e.m.c.i.e.AbstractTransferListenerAdapter - Downloading https://repo.maven.apache.org/maven2/org/junit/platform/junit-platform-engine/1.10.3/junit-platform-engine-1.10.3.jar
2024-07-26 17:47:06,057 [BasicRepositoryConnector-repo.maven.apache.org-1-2] INFO  o.e.m.c.i.e.AbstractTransferListenerAdapter - Downloading https://repo.maven.apache.org/maven2/org/mockito/mockito-core/5.11.0/mockito-core-5.11.0.jar
2024-07-26 17:47:06,059 [BasicRepositoryConnector-repo.maven.apache.org-1-4] INFO  o.e.m.c.i.e.AbstractTransferListenerAdapter - Downloaded https://repo.maven.apache.org/maven2/org/junit/platform/junit-platform-engine/1.10.3/junit-platform-engine-1.10.3.jar
2024-07-26 17:47:06,059 [BasicRepositoryConnector-repo.maven.apache.org-1-1] INFO  o.e.m.c.i.e.AbstractTransferListenerAdapter - Downloaded https://repo.maven.apache.org/maven2/org/junit/jupiter/junit-jupiter-engine/5.10.3/junit-jupiter-engine-5.10.3.jar
2024-07-26 17:47:06,070 [BasicRepositoryConnector-repo.maven.apache.org-1-4] INFO  o.e.m.c.i.e.AbstractTransferListenerAdapter - Downloading https://repo.maven.apache.org/maven2/org/mockito/mockito-junit-jupiter/5.11.0/mockito-junit-jupiter-5.11.0.jar
2024-07-26 17:47:06,073 [BasicRepositoryConnector-repo.maven.apache.org-1-4] INFO  o.e.m.c.i.e.AbstractTransferListenerAdapter - Downloaded https://repo.maven.apache.org/maven2/org/mockito/mockito-junit-jupiter/5.11.0/mockito-junit-jupiter-5.11.0.jar
2024-07-26 17:47:06,074 [BasicRepositoryConnector-repo.maven.apache.org-1-1] INFO  o.e.m.c.i.e.AbstractTransferListenerAdapter - Downloading https://repo.maven.apache.org/maven2/net/bytebuddy/byte-buddy-agent/1.14.18/byte-buddy-agent-1.14.18.jar
2024-07-26 17:47:06,076 [BasicRepositoryConnector-repo.maven.apache.org-1-3] INFO  o.e.m.c.i.e.AbstractTransferListenerAdapter - Downloaded https://repo.maven.apache.org/maven2/org/assertj/assertj-core/3.25.3/assertj-core-3.25.3.jar
2024-07-26 17:47:06,083 [BasicRepositoryConnector-repo.maven.apache.org-1-2] INFO  o.e.m.c.i.e.AbstractTransferListenerAdapter - Downloaded https://repo.maven.apache.org/maven2/org/mockito/mockito-core/5.11.0/mockito-core-5.11.0.jar
2024-07-26 17:47:06,084 [BasicRepositoryConnector-repo.maven.apache.org-1-4] INFO  o.e.m.c.i.e.AbstractTransferListenerAdapter - Downloading https://repo.maven.apache.org/maven2/org/skyscreamer/jsonassert/1.5.3/jsonassert-1.5.3.jar
2024-07-26 17:47:06,086 [BasicRepositoryConnector-repo.maven.apache.org-1-1] INFO  o.e.m.c.i.e.AbstractTransferListenerAdapter - Downloaded https://repo.maven.apache.org/maven2/net/bytebuddy/byte-buddy-agent/1.14.18/byte-buddy-agent-1.14.18.jar
2024-07-26 17:47:06,087 [BasicRepositoryConnector-repo.maven.apache.org-1-4] INFO  o.e.m.c.i.e.AbstractTransferListenerAdapter - Downloaded https://repo.maven.apache.org/maven2/org/skyscreamer/jsonassert/1.5.3/jsonassert-1.5.3.jar
2024-07-26 17:47:06,088 [BasicRepositoryConnector-repo.maven.apache.org-1-3] INFO  o.e.m.c.i.e.AbstractTransferListenerAdapter - Downloading https://repo.maven.apache.org/maven2/org/springframework/spring-core/6.1.11/spring-core-6.1.11.jar
2024-07-26 17:47:06,093 [BasicRepositoryConnector-repo.maven.apache.org-1-2] INFO  o.e.m.c.i.e.AbstractTransferListenerAdapter - Downloading https://repo.maven.apache.org/maven2/org/springframework/spring-jcl/6.1.11/spring-jcl-6.1.11.jar
2024-07-26 17:47:06,096 [BasicRepositoryConnector-repo.maven.apache.org-1-2] INFO  o.e.m.c.i.e.AbstractTransferListenerAdapter - Downloaded https://repo.maven.apache.org/maven2/org/springframework/spring-jcl/6.1.11/spring-jcl-6.1.11.jar
2024-07-26 17:47:06,097 [BasicRepositoryConnector-repo.maven.apache.org-1-4] INFO  o.e.m.c.i.e.AbstractTransferListenerAdapter - Downloading https://repo.maven.apache.org/maven2/org/springframework/boot/spring-boot-testcontainers/3.3.2/spring-boot-testcontainers-3.3.2.jar
2024-07-26 17:47:06,101 [BasicRepositoryConnector-repo.maven.apache.org-1-1] INFO  o.e.m.c.i.e.AbstractTransferListenerAdapter - Downloading https://repo.maven.apache.org/maven2/org/springframework/spring-test/6.1.11/spring-test-6.1.11.jar
2024-07-26 17:47:06,102 [BasicRepositoryConnector-repo.maven.apache.org-1-4] INFO  o.e.m.c.i.e.AbstractTransferListenerAdapter - Downloaded https://repo.maven.apache.org/maven2/org/springframework/boot/spring-boot-testcontainers/3.3.2/spring-boot-testcontainers-3.3.2.jar
2024-07-26 17:47:06,109 [BasicRepositoryConnector-repo.maven.apache.org-1-2] INFO  o.e.m.c.i.e.AbstractTransferListenerAdapter - Downloading https://repo.maven.apache.org/maven2/org/springframework/boot/spring-boot-autoconfigure/3.3.2/spring-boot-autoconfigure-3.3.2.jar
2024-07-26 17:47:06,113 [BasicRepositoryConnector-repo.maven.apache.org-1-4] INFO  o.e.m.c.i.e.AbstractTransferListenerAdapter - Downloading https://repo.maven.apache.org/maven2/org/testcontainers/testcontainers/1.19.8/testcontainers-1.19.8.jar
2024-07-26 17:47:06,155 [BasicRepositoryConnector-repo.maven.apache.org-1-1] INFO  o.e.m.c.i.e.AbstractTransferListenerAdapter - Downloaded https://repo.maven.apache.org/maven2/org/springframework/spring-test/6.1.11/spring-test-6.1.11.jar
2024-07-26 17:47:06,169 [BasicRepositoryConnector-repo.maven.apache.org-1-1] INFO  o.e.m.c.i.e.AbstractTransferListenerAdapter - Downloading https://repo.maven.apache.org/maven2/junit/junit/4.13.2/junit-4.13.2.jar
2024-07-26 17:47:06,197 [BasicRepositoryConnector-repo.maven.apache.org-1-1] INFO  o.e.m.c.i.e.AbstractTransferListenerAdapter - Downloaded https://repo.maven.apache.org/maven2/junit/junit/4.13.2/junit-4.13.2.jar
2024-07-26 17:47:06,209 [BasicRepositoryConnector-repo.maven.apache.org-1-1] INFO  o.e.m.c.i.e.AbstractTransferListenerAdapter - Downloading https://repo.maven.apache.org/maven2/org/hamcrest/hamcrest-core/2.2/hamcrest-core-2.2.jar
2024-07-26 17:47:06,212 [BasicRepositoryConnector-repo.maven.apache.org-1-1] INFO  o.e.m.c.i.e.AbstractTransferListenerAdapter - Downloaded https://repo.maven.apache.org/maven2/org/hamcrest/hamcrest-core/2.2/hamcrest-core-2.2.jar
2024-07-26 17:47:06,212 [BasicRepositoryConnector-repo.maven.apache.org-1-3] INFO  o.e.m.c.i.e.AbstractTransferListenerAdapter - Downloaded https://repo.maven.apache.org/maven2/org/springframework/spring-core/6.1.11/spring-core-6.1.11.jar
2024-07-26 17:47:06,222 [BasicRepositoryConnector-repo.maven.apache.org-1-1] INFO  o.e.m.c.i.e.AbstractTransferListenerAdapter - Downloading https://repo.maven.apache.org/maven2/org/apache/commons/commons-compress/1.24.0/commons-compress-1.24.0.jar
2024-07-26 17:47:06,224 [BasicRepositoryConnector-repo.maven.apache.org-1-3] INFO  o.e.m.c.i.e.AbstractTransferListenerAdapter - Downloading https://repo.maven.apache.org/maven2/org/rnorth/duct-tape/duct-tape/1.0.8/duct-tape-1.0.8.jar
2024-07-26 17:47:06,228 [BasicRepositoryConnector-repo.maven.apache.org-1-3] INFO  o.e.m.c.i.e.AbstractTransferListenerAdapter - Downloaded https://repo.maven.apache.org/maven2/org/rnorth/duct-tape/duct-tape/1.0.8/duct-tape-1.0.8.jar
2024-07-26 17:47:06,234 [BasicRepositoryConnector-repo.maven.apache.org-1-2] INFO  o.e.m.c.i.e.AbstractTransferListenerAdapter - Downloaded https://repo.maven.apache.org/maven2/org/springframework/boot/spring-boot-autoconfigure/3.3.2/spring-boot-autoconfigure-3.3.2.jar
2024-07-26 17:47:06,239 [BasicRepositoryConnector-repo.maven.apache.org-1-3] INFO  o.e.m.c.i.e.AbstractTransferListenerAdapter - Downloading https://repo.maven.apache.org/maven2/org/jetbrains/annotations/17.0.0/annotations-17.0.0.jar
2024-07-26 17:47:06,242 [BasicRepositoryConnector-repo.maven.apache.org-1-3] INFO  o.e.m.c.i.e.AbstractTransferListenerAdapter - Downloaded https://repo.maven.apache.org/maven2/org/jetbrains/annotations/17.0.0/annotations-17.0.0.jar
2024-07-26 17:47:06,245 [BasicRepositoryConnector-repo.maven.apache.org-1-2] INFO  o.e.m.c.i.e.AbstractTransferListenerAdapter - Downloading https://repo.maven.apache.org/maven2/com/github/docker-java/docker-java-api/3.3.6/docker-java-api-3.3.6.jar
2024-07-26 17:47:06,276 [BasicRepositoryConnector-repo.maven.apache.org-1-2] INFO  o.e.m.c.i.e.AbstractTransferListenerAdapter - Downloaded https://repo.maven.apache.org/maven2/com/github/docker-java/docker-java-api/3.3.6/docker-java-api-3.3.6.jar
2024-07-26 17:47:06,284 [BasicRepositoryConnector-repo.maven.apache.org-1-1] INFO  o.e.m.c.i.e.AbstractTransferListenerAdapter - Downloaded https://repo.maven.apache.org/maven2/org/apache/commons/commons-compress/1.24.0/commons-compress-1.24.0.jar
2024-07-26 17:47:06,286 [BasicRepositoryConnector-repo.maven.apache.org-1-2] INFO  o.e.m.c.i.e.AbstractTransferListenerAdapter - Downloading https://repo.maven.apache.org/maven2/com/github/docker-java/docker-java-transport/3.3.6/docker-java-transport-3.3.6.jar
2024-07-26 17:47:06,289 [BasicRepositoryConnector-repo.maven.apache.org-1-2] INFO  o.e.m.c.i.e.AbstractTransferListenerAdapter - Downloaded https://repo.maven.apache.org/maven2/com/github/docker-java/docker-java-transport/3.3.6/docker-java-transport-3.3.6.jar
2024-07-26 17:47:06,294 [BasicRepositoryConnector-repo.maven.apache.org-1-1] INFO  o.e.m.c.i.e.AbstractTransferListenerAdapter - Downloading https://repo.maven.apache.org/maven2/org/testcontainers/junit-jupiter/1.19.8/junit-jupiter-1.19.8.jar
2024-07-26 17:47:06,296 [BasicRepositoryConnector-repo.maven.apache.org-1-1] INFO  o.e.m.c.i.e.AbstractTransferListenerAdapter - Downloaded https://repo.maven.apache.org/maven2/org/testcontainers/junit-jupiter/1.19.8/junit-jupiter-1.19.8.jar
2024-07-26 17:47:06,307 [BasicRepositoryConnector-repo.maven.apache.org-1-0] INFO  o.e.m.c.i.e.AbstractTransferListenerAdapter - Downloaded https://repo.maven.apache.org/maven2/org/hibernate/orm/hibernate-core/6.5.2.Final/hibernate-core-6.5.2.Final.jar
2024-07-26 17:47:06,313 [BasicRepositoryConnector-repo.maven.apache.org-1-3] INFO  o.e.m.c.i.e.AbstractTransferListenerAdapter - Downloading https://repo.maven.apache.org/maven2/com/github/docker-java/docker-java-transport-zerodep/3.3.6/docker-java-transport-zerodep-3.3.6.jar
2024-07-26 17:47:06,413 [BasicRepositoryConnector-repo.maven.apache.org-1-3] INFO  o.e.m.c.i.e.AbstractTransferListenerAdapter - Downloaded https://repo.maven.apache.org/maven2/com/github/docker-java/docker-java-transport-zerodep/3.3.6/docker-java-transport-zerodep-3.3.6.jar
2024-07-26 17:47:06,540 [BasicRepositoryConnector-repo.maven.apache.org-1-4] INFO  o.e.m.c.i.e.AbstractTransferListenerAdapter - Downloaded https://repo.maven.apache.org/maven2/org/testcontainers/testcontainers/1.19.8/testcontainers-1.19.8.jar
2024-07-26 17:47:06,984 [Worker-15: Update Maven projects configuration] INFO  o.e.m.c.i.l.LifecycleMappingFactory - Using org.eclipse.m2e.jdt.JarLifecycleMapping lifecycle mapping for MavenProject: proyecto:Pedir:0.0.1-SNAPSHOT @ C:\Users\May\Downloads\Pedir\pom.xml.
2024-07-26 17:47:07,329 [Worker-15: Update Maven projects configuration] INFO  o.e.m.c.i.l.LifecycleMappingFactory - Using org.eclipse.m2e.jdt.JarLifecycleMapping lifecycle mapping for MavenProject: proyecto:Enviar:0.0.1-SNAPSHOT @ C:\Users\May\Downloads\Enviar\pom.xml.
2024-07-26 17:47:07,560 [Worker-15: Update Maven projects configuration] INFO  o.e.m.c.i.l.LifecycleMappingFactory - Using org.eclipse.m2e.jdt.JarLifecycleMapping lifecycle mapping for MavenProject: trabajo:tfg:0.0.1-SNAPSHOT @ C:\Users\May\OneDrive\Documents\PAPELES IMPORTANTES\TFG\tfg\pom.xml.
2024-07-26 17:47:07,682 [Worker-15: Update Maven projects configuration] INFO  o.e.m.c.i.e.AbstractTransferListenerAdapter - Downloading https://repo.maven.apache.org/maven2/org/apache/maven/plugins/maven-surefire-plugin/3.2.5/maven-surefire-plugin-3.2.5.pom
2024-07-26 17:47:07,685 [Worker-15: Update Maven projects configuration] INFO  o.e.m.c.i.e.AbstractTransferListenerAdapter - Downloaded https://repo.maven.apache.org/maven2/org/apache/maven/plugins/maven-surefire-plugin/3.2.5/maven-surefire-plugin-3.2.5.pom
2024-07-26 17:47:07,699 [Worker-15: Update Maven projects configuration] INFO  o.e.m.c.i.e.AbstractTransferListenerAdapter - Downloading https://repo.maven.apache.org/maven2/org/apache/maven/surefire/surefire/3.2.5/surefire-3.2.5.pom
2024-07-26 17:47:07,702 [Worker-15: Update Maven projects configuration] INFO  o.e.m.c.i.e.AbstractTransferListenerAdapter - Downloaded https://repo.maven.apache.org/maven2/org/apache/maven/surefire/surefire/3.2.5/surefire-3.2.5.pom
2024-07-26 17:47:07,724 [Worker-15: Update Maven projects configuration] INFO  o.e.m.c.i.e.AbstractTransferListenerAdapter - Downloading https://repo.maven.apache.org/maven2/org/apache/maven/plugins/maven-jar-plugin/3.4.2/maven-jar-plugin-3.4.2.pom
2024-07-26 17:47:07,727 [Worker-15: Update Maven projects configuration] INFO  o.e.m.c.i.e.AbstractTransferListenerAdapter - Downloaded https://repo.maven.apache.org/maven2/org/apache/maven/plugins/maven-jar-plugin/3.4.2/maven-jar-plugin-3.4.2.pom
2024-07-26 17:47:07,739 [Worker-15: Update Maven projects configuration] INFO  o.e.m.c.i.e.AbstractTransferListenerAdapter - Downloading https://repo.maven.apache.org/maven2/org/apache/maven/plugins/maven-plugins/42/maven-plugins-42.pom
2024-07-26 17:47:07,742 [Worker-15: Update Maven projects configuration] INFO  o.e.m.c.i.e.AbstractTransferListenerAdapter - Downloaded https://repo.maven.apache.org/maven2/org/apache/maven/plugins/maven-plugins/42/maven-plugins-42.pom
2024-07-26 17:47:07,754 [Worker-15: Update Maven projects configuration] INFO  o.e.m.c.i.e.AbstractTransferListenerAdapter - Downloading https://repo.maven.apache.org/maven2/org/apache/maven/maven-parent/42/maven-parent-42.pom
2024-07-26 17:47:07,757 [Worker-15: Update Maven projects configuration] INFO  o.e.m.c.i.e.AbstractTransferListenerAdapter - Downloaded https://repo.maven.apache.org/maven2/org/apache/maven/maven-parent/42/maven-parent-42.pom
2024-07-26 17:47:07,770 [Worker-15: Update Maven projects configuration] INFO  o.e.m.c.i.e.AbstractTransferListenerAdapter - Downloading https://repo.maven.apache.org/maven2/org/apache/apache/32/apache-32.pom
2024-07-26 17:47:07,772 [Worker-15: Update Maven projects configuration] INFO  o.e.m.c.i.e.AbstractTransferListenerAdapter - Downloaded https://repo.maven.apache.org/maven2/org/apache/apache/32/apache-32.pom
2024-07-26 17:47:07,807 [Worker-15: Update Maven projects configuration] INFO  o.e.m.c.i.e.AbstractTransferListenerAdapter - Downloading https://repo.maven.apache.org/maven2/org/codehaus/plexus/plexus-utils/4.0.1/plexus-utils-4.0.1.pom
2024-07-26 17:47:07,810 [Worker-15: Update Maven projects configuration] INFO  o.e.m.c.i.e.AbstractTransferListenerAdapter - Downloaded https://repo.maven.apache.org/maven2/org/codehaus/plexus/plexus-utils/4.0.1/plexus-utils-4.0.1.pom
2024-07-26 17:47:07,825 [Worker-15: Update Maven projects configuration] INFO  o.e.m.c.i.e.AbstractTransferListenerAdapter - Downloading https://repo.maven.apache.org/maven2/commons-io/commons-io/2.16.1/commons-io-2.16.1.pom
2024-07-26 17:47:07,828 [Worker-15: Update Maven projects configuration] INFO  o.e.m.c.i.e.AbstractTransferListenerAdapter - Downloaded https://repo.maven.apache.org/maven2/commons-io/commons-io/2.16.1/commons-io-2.16.1.pom
2024-07-26 17:47:07,843 [Worker-15: Update Maven projects configuration] INFO  o.e.m.c.i.e.AbstractTransferListenerAdapter - Downloading https://repo.maven.apache.org/maven2/org/apache/commons/commons-parent/69/commons-parent-69.pom
2024-07-26 17:47:07,846 [Worker-15: Update Maven projects configuration] INFO  o.e.m.c.i.e.AbstractTransferListenerAdapter - Downloaded https://repo.maven.apache.org/maven2/org/apache/commons/commons-parent/69/commons-parent-69.pom
2024-07-26 17:47:07,872 [Worker-15: Update Maven projects configuration] INFO  o.e.m.c.i.e.AbstractTransferListenerAdapter - Downloading https://repo.maven.apache.org/maven2/org/apache/maven/maven-archiver/3.6.2/maven-archiver-3.6.2.pom
2024-07-26 17:47:07,875 [Worker-15: Update Maven projects configuration] INFO  o.e.m.c.i.e.AbstractTransferListenerAdapter - Downloaded https://repo.maven.apache.org/maven2/org/apache/maven/maven-archiver/3.6.2/maven-archiver-3.6.2.pom
2024-07-26 17:47:07,890 [Worker-15: Update Maven projects configuration] INFO  o.e.m.c.i.e.AbstractTransferListenerAdapter - Downloading https://repo.maven.apache.org/maven2/org/apache/maven/shared/maven-shared-components/41/maven-shared-components-41.pom
2024-07-26 17:47:07,893 [Worker-15: Update Maven projects configuration] INFO  o.e.m.c.i.e.AbstractTransferListenerAdapter - Downloaded https://repo.maven.apache.org/maven2/org/apache/maven/shared/maven-shared-components/41/maven-shared-components-41.pom
2024-07-26 17:47:07,908 [Worker-15: Update Maven projects configuration] INFO  o.e.m.c.i.e.AbstractTransferListenerAdapter - Downloading https://repo.maven.apache.org/maven2/org/codehaus/plexus/plexus-archiver/4.9.2/plexus-archiver-4.9.2.pom
2024-07-26 17:47:07,911 [Worker-15: Update Maven projects configuration] INFO  o.e.m.c.i.e.AbstractTransferListenerAdapter - Downloaded https://repo.maven.apache.org/maven2/org/codehaus/plexus/plexus-archiver/4.9.2/plexus-archiver-4.9.2.pom
2024-07-26 17:47:07,928 [Worker-15: Update Maven projects configuration] INFO  o.e.m.c.i.e.AbstractTransferListenerAdapter - Downloading https://repo.maven.apache.org/maven2/org/codehaus/plexus/plexus-io/3.4.2/plexus-io-3.4.2.pom
2024-07-26 17:47:07,931 [Worker-15: Update Maven projects configuration] INFO  o.e.m.c.i.e.AbstractTransferListenerAdapter - Downloaded https://repo.maven.apache.org/maven2/org/codehaus/plexus/plexus-io/3.4.2/plexus-io-3.4.2.pom
2024-07-26 17:47:07,947 [Worker-15: Update Maven projects configuration] INFO  o.e.m.c.i.e.AbstractTransferListenerAdapter - Downloading https://repo.maven.apache.org/maven2/org/codehaus/plexus/plexus/16/plexus-16.pom
2024-07-26 17:47:07,951 [Worker-15: Update Maven projects configuration] INFO  o.e.m.c.i.e.AbstractTransferListenerAdapter - Downloaded https://repo.maven.apache.org/maven2/org/codehaus/plexus/plexus/16/plexus-16.pom
2024-07-26 17:47:07,966 [Worker-15: Update Maven projects configuration] INFO  o.e.m.c.i.e.AbstractTransferListenerAdapter - Downloading https://repo.maven.apache.org/maven2/org/apache/commons/commons-compress/1.26.1/commons-compress-1.26.1.pom
2024-07-26 17:47:07,970 [Worker-15: Update Maven projects configuration] INFO  o.e.m.c.i.e.AbstractTransferListenerAdapter - Downloaded https://repo.maven.apache.org/maven2/org/apache/commons/commons-compress/1.26.1/commons-compress-1.26.1.pom
2024-07-26 17:47:07,984 [Worker-15: Update Maven projects configuration] INFO  o.e.m.c.i.e.AbstractTransferListenerAdapter - Downloading https://repo.maven.apache.org/maven2/org/apache/commons/commons-parent/66/commons-parent-66.pom
2024-07-26 17:47:07,988 [Worker-15: Update Maven projects configuration] INFO  o.e.m.c.i.e.AbstractTransferListenerAdapter - Downloaded https://repo.maven.apache.org/maven2/org/apache/commons/commons-parent/66/commons-parent-66.pom
2024-07-26 17:47:08,006 [Worker-15: Update Maven projects configuration] INFO  o.e.m.c.i.e.AbstractTransferListenerAdapter - Downloading https://repo.maven.apache.org/maven2/commons-codec/commons-codec/1.16.1/commons-codec-1.16.1.pom
2024-07-26 17:47:08,009 [Worker-15: Update Maven projects configuration] INFO  o.e.m.c.i.e.AbstractTransferListenerAdapter - Downloaded https://repo.maven.apache.org/maven2/commons-codec/commons-codec/1.16.1/commons-codec-1.16.1.pom
2024-07-26 17:47:08,024 [Worker-15: Update Maven projects configuration] INFO  o.e.m.c.i.e.AbstractTransferListenerAdapter - Downloading https://repo.maven.apache.org/maven2/org/apache/commons/commons-lang3/3.14.0/commons-lang3-3.14.0.pom
2024-07-26 17:47:08,027 [Worker-15: Update Maven projects configuration] INFO  o.e.m.c.i.e.AbstractTransferListenerAdapter - Downloaded https://repo.maven.apache.org/maven2/org/apache/commons/commons-lang3/3.14.0/commons-lang3-3.14.0.pom
2024-07-26 17:47:08,042 [Worker-15: Update Maven projects configuration] INFO  o.e.m.c.i.e.AbstractTransferListenerAdapter - Downloading https://repo.maven.apache.org/maven2/org/apache/commons/commons-parent/64/commons-parent-64.pom
2024-07-26 17:47:08,046 [Worker-15: Update Maven projects configuration] INFO  o.e.m.c.i.e.AbstractTransferListenerAdapter - Downloaded https://repo.maven.apache.org/maven2/org/apache/commons/commons-parent/64/commons-parent-64.pom
2024-07-26 17:47:08,072 [Worker-15: Update Maven projects configuration] INFO  o.e.m.c.i.e.AbstractTransferListenerAdapter - Downloading https://repo.maven.apache.org/maven2/com/github/luben/zstd-jni/1.5.5-11/zstd-jni-1.5.5-11.pom
2024-07-26 17:47:08,076 [Worker-15: Update Maven projects configuration] INFO  o.e.m.c.i.e.AbstractTransferListenerAdapter - Downloaded https://repo.maven.apache.org/maven2/com/github/luben/zstd-jni/1.5.5-11/zstd-jni-1.5.5-11.pom
2024-07-26 17:47:08,091 [Worker-15: Update Maven projects configuration] INFO  o.e.m.c.i.e.AbstractTransferListenerAdapter - Downloading https://repo.maven.apache.org/maven2/org/codehaus/plexus/plexus-interpolation/1.27/plexus-interpolation-1.27.pom
2024-07-26 17:47:08,094 [Worker-15: Update Maven projects configuration] INFO  o.e.m.c.i.e.AbstractTransferListenerAdapter - Downloaded https://repo.maven.apache.org/maven2/org/codehaus/plexus/plexus-interpolation/1.27/plexus-interpolation-1.27.pom
2024-07-26 17:47:08,124 [Worker-15: Update Maven projects configuration] INFO  o.e.m.c.i.e.AbstractTransferListenerAdapter - Downloading https://repo.maven.apache.org/maven2/org/codehaus/plexus/plexus-utils/4.0.1/plexus-utils-4.0.1.jar
2024-07-26 17:47:08,130 [Worker-15: Update Maven projects configuration] INFO  o.e.m.c.i.e.AbstractTransferListenerAdapter - Downloaded https://repo.maven.apache.org/maven2/org/codehaus/plexus/plexus-utils/4.0.1/plexus-utils-4.0.1.jar
2024-07-26 17:47:08,142 [BasicRepositoryConnector-repo.maven.apache.org-2-1] INFO  o.e.m.c.i.e.AbstractTransferListenerAdapter - Downloading https://repo.maven.apache.org/maven2/org/apache/maven/maven-archiver/3.6.2/maven-archiver-3.6.2.jar
2024-07-26 17:47:08,142 [BasicRepositoryConnector-repo.maven.apache.org-2-2] INFO  o.e.m.c.i.e.AbstractTransferListenerAdapter - Downloading https://repo.maven.apache.org/maven2/org/codehaus/plexus/plexus-interpolation/1.27/plexus-interpolation-1.27.jar
2024-07-26 17:47:08,143 [BasicRepositoryConnector-repo.maven.apache.org-2-0] INFO  o.e.m.c.i.e.AbstractTransferListenerAdapter - Downloading https://repo.maven.apache.org/maven2/commons-io/commons-io/2.16.1/commons-io-2.16.1.jar
2024-07-26 17:47:08,145 [BasicRepositoryConnector-repo.maven.apache.org-2-4] INFO  o.e.m.c.i.e.AbstractTransferListenerAdapter - Downloading https://repo.maven.apache.org/maven2/org/codehaus/plexus/plexus-io/3.4.2/plexus-io-3.4.2.jar
2024-07-26 17:47:08,145 [BasicRepositoryConnector-repo.maven.apache.org-2-3] INFO  o.e.m.c.i.e.AbstractTransferListenerAdapter - Downloading https://repo.maven.apache.org/maven2/org/codehaus/plexus/plexus-archiver/4.9.2/plexus-archiver-4.9.2.jar
2024-07-26 17:47:08,146 [BasicRepositoryConnector-repo.maven.apache.org-2-1] INFO  o.e.m.c.i.e.AbstractTransferListenerAdapter - Downloaded https://repo.maven.apache.org/maven2/org/apache/maven/maven-archiver/3.6.2/maven-archiver-3.6.2.jar
2024-07-26 17:47:08,148 [BasicRepositoryConnector-repo.maven.apache.org-2-2] INFO  o.e.m.c.i.e.AbstractTransferListenerAdapter - Downloaded https://repo.maven.apache.org/maven2/org/codehaus/plexus/plexus-interpolation/1.27/plexus-interpolation-1.27.jar
2024-07-26 17:47:08,152 [BasicRepositoryConnector-repo.maven.apache.org-2-4] INFO  o.e.m.c.i.e.AbstractTransferListenerAdapter - Downloaded https://repo.maven.apache.org/maven2/org/codehaus/plexus/plexus-io/3.4.2/plexus-io-3.4.2.jar
2024-07-26 17:47:08,157 [BasicRepositoryConnector-repo.maven.apache.org-2-3] INFO  o.e.m.c.i.e.AbstractTransferListenerAdapter - Downloaded https://repo.maven.apache.org/maven2/org/codehaus/plexus/plexus-archiver/4.9.2/plexus-archiver-4.9.2.jar
2024-07-26 17:47:08,158 [BasicRepositoryConnector-repo.maven.apache.org-2-1] INFO  o.e.m.c.i.e.AbstractTransferListenerAdapter - Downloading https://repo.maven.apache.org/maven2/org/apache/commons/commons-compress/1.26.1/commons-compress-1.26.1.jar
2024-07-26 17:47:08,162 [BasicRepositoryConnector-repo.maven.apache.org-2-4] INFO  o.e.m.c.i.e.AbstractTransferListenerAdapter - Downloading https://repo.maven.apache.org/maven2/commons-codec/commons-codec/1.16.1/commons-codec-1.16.1.jar
2024-07-26 17:47:08,172 [BasicRepositoryConnector-repo.maven.apache.org-2-2] INFO  o.e.m.c.i.e.AbstractTransferListenerAdapter - Downloading https://repo.maven.apache.org/maven2/org/apache/commons/commons-lang3/3.14.0/commons-lang3-3.14.0.jar
2024-07-26 17:47:08,175 [BasicRepositoryConnector-repo.maven.apache.org-2-4] INFO  o.e.m.c.i.e.AbstractTransferListenerAdapter - Downloaded https://repo.maven.apache.org/maven2/commons-codec/commons-codec/1.16.1/commons-codec-1.16.1.jar
2024-07-26 17:47:08,177 [BasicRepositoryConnector-repo.maven.apache.org-2-3] INFO  o.e.m.c.i.e.AbstractTransferListenerAdapter - Downloading https://repo.maven.apache.org/maven2/com/github/luben/zstd-jni/1.5.5-11/zstd-jni-1.5.5-11.jar
2024-07-26 17:47:08,182 [BasicRepositoryConnector-repo.maven.apache.org-2-0] INFO  o.e.m.c.i.e.AbstractTransferListenerAdapter - Downloaded https://repo.maven.apache.org/maven2/commons-io/commons-io/2.16.1/commons-io-2.16.1.jar
2024-07-26 17:47:08,207 [BasicRepositoryConnector-repo.maven.apache.org-2-2] INFO  o.e.m.c.i.e.AbstractTransferListenerAdapter - Downloaded https://repo.maven.apache.org/maven2/org/apache/commons/commons-lang3/3.14.0/commons-lang3-3.14.0.jar
2024-07-26 17:47:08,217 [BasicRepositoryConnector-repo.maven.apache.org-2-1] INFO  o.e.m.c.i.e.AbstractTransferListenerAdapter - Downloaded https://repo.maven.apache.org/maven2/org/apache/commons/commons-compress/1.26.1/commons-compress-1.26.1.jar
2024-07-26 17:47:08,494 [BasicRepositoryConnector-repo.maven.apache.org-2-3] INFO  o.e.m.c.i.e.AbstractTransferListenerAdapter - Downloaded https://repo.maven.apache.org/maven2/com/github/luben/zstd-jni/1.5.5-11/zstd-jni-1.5.5-11.jar
2024-07-26 17:47:09,966 [Worker-9: Download sources and javadoc] INFO  o.e.m.c.i.e.AbstractTransferListenerAdapter - Downloading https://repo.maven.apache.org/maven2/org/springframework/boot/spring-boot-starter-data-jpa/3.3.2/spring-boot-starter-data-jpa-3.3.2-sources.jar
2024-07-26 17:47:09,970 [Worker-9: Download sources and javadoc] INFO  o.e.m.c.i.e.AbstractTransferListenerAdapter - Downloaded https://repo.maven.apache.org/maven2/org/springframework/boot/spring-boot-starter-data-jpa/3.3.2/spring-boot-starter-data-jpa-3.3.2-sources.jar
2024-07-26 17:47:09,973 [Worker-9: Download sources and javadoc] INFO  o.e.m.j.internal.DownloadSourcesJob - Downloaded sources for org.springframework.boot:spring-boot-starter-data-jpa:3.3.2
2024-07-26 17:47:10,045 [Worker-9: Download sources and javadoc] INFO  o.e.m.c.i.e.AbstractTransferListenerAdapter - Downloading https://repo.maven.apache.org/maven2/org/springframework/boot/spring-boot-starter-data-jpa/3.3.2/spring-boot-starter-data-jpa-3.3.2-javadoc.jar
2024-07-26 17:47:10,047 [Worker-9: Download sources and javadoc] INFO  o.e.m.c.i.e.AbstractTransferListenerAdapter - Downloaded https://repo.maven.apache.org/maven2/org/springframework/boot/spring-boot-starter-data-jpa/3.3.2/spring-boot-starter-data-jpa-3.3.2-javadoc.jar
2024-07-26 17:47:10,051 [Worker-9: Download sources and javadoc] INFO  o.e.m.j.internal.DownloadSourcesJob - Downloaded javadoc for org.springframework.boot:spring-boot-starter-data-jpa:3.3.2
2024-07-26 17:47:10,132 [Worker-9: Download sources and javadoc] INFO  o.e.m.c.i.e.AbstractTransferListenerAdapter - Downloading https://repo.maven.apache.org/maven2/org/springframework/boot/spring-boot-starter-aop/3.3.2/spring-boot-starter-aop-3.3.2-sources.jar
2024-07-26 17:47:10,136 [Worker-9: Download sources and javadoc] INFO  o.e.m.c.i.e.AbstractTransferListenerAdapter - Downloaded https://repo.maven.apache.org/maven2/org/springframework/boot/spring-boot-starter-aop/3.3.2/spring-boot-starter-aop-3.3.2-sources.jar
2024-07-26 17:47:10,139 [Worker-9: Download sources and javadoc] INFO  o.e.m.j.internal.DownloadSourcesJob - Downloaded sources for org.springframework.boot:spring-boot-starter-aop:3.3.2
2024-07-26 17:47:10,151 [Worker-9: Download sources and javadoc] INFO  o.e.m.c.i.e.AbstractTransferListenerAdapter - Downloading https://repo.maven.apache.org/maven2/org/springframework/boot/spring-boot-starter-aop/3.3.2/spring-boot-starter-aop-3.3.2-javadoc.jar
2024-07-26 17:47:10,155 [Worker-9: Download sources and javadoc] INFO  o.e.m.c.i.e.AbstractTransferListenerAdapter - Downloaded https://repo.maven.apache.org/maven2/org/springframework/boot/spring-boot-starter-aop/3.3.2/spring-boot-starter-aop-3.3.2-javadoc.jar
2024-07-26 17:47:10,159 [Worker-9: Download sources and javadoc] INFO  o.e.m.j.internal.DownloadSourcesJob - Downloaded javadoc for org.springframework.boot:spring-boot-starter-aop:3.3.2
2024-07-26 17:47:10,198 [Worker-9: Download sources and javadoc] INFO  o.e.m.c.i.e.AbstractTransferListenerAdapter - Downloading https://repo.maven.apache.org/maven2/org/springframework/spring-aop/6.1.11/spring-aop-6.1.11-sources.jar
2024-07-26 17:47:10,236 [Worker-9: Download sources and javadoc] INFO  o.e.m.c.i.e.AbstractTransferListenerAdapter - Downloaded https://repo.maven.apache.org/maven2/org/springframework/spring-aop/6.1.11/spring-aop-6.1.11-sources.jar
2024-07-26 17:47:10,239 [Worker-9: Download sources and javadoc] INFO  o.e.m.j.internal.DownloadSourcesJob - Downloaded sources for org.springframework:spring-aop:6.1.11
2024-07-26 17:47:10,252 [Worker-9: Download sources and javadoc] INFO  o.e.m.c.i.e.AbstractTransferListenerAdapter - Downloading https://repo.maven.apache.org/maven2/org/springframework/spring-aop/6.1.11/spring-aop-6.1.11-javadoc.jar
2024-07-26 17:47:10,285 [Worker-9: Download sources and javadoc] INFO  o.e.m.c.i.e.AbstractTransferListenerAdapter - Downloaded https://repo.maven.apache.org/maven2/org/springframework/spring-aop/6.1.11/spring-aop-6.1.11-javadoc.jar
2024-07-26 17:47:10,286 [Worker-15: Update Maven projects configuration] INFO  o.e.m.j.i.AbstractJavaProjectConfigurator - Adding source folder /tfg/src/main/java
2024-07-26 17:47:10,286 [Worker-15: Update Maven projects configuration] INFO  o.e.m.j.i.AbstractJavaProjectConfigurator - Adding resource folder /tfg/src/main/resources
2024-07-26 17:47:10,289 [Worker-9: Download sources and javadoc] INFO  o.e.m.j.internal.DownloadSourcesJob - Downloaded javadoc for org.springframework:spring-aop:6.1.11
2024-07-26 17:47:10,291 [Worker-15: Update Maven projects configuration] INFO  o.e.m.j.i.AbstractJavaProjectConfigurator - Adding resource folder /tfg/src/main/resources
2024-07-26 17:47:10,301 [Worker-15: Update Maven projects configuration] INFO  o.e.m.j.i.AbstractJavaProjectConfigurator - Adding source folder /tfg/src/test/java
2024-07-26 17:47:10,301 [Worker-15: Update Maven projects configuration] INFO  o.e.m.j.i.AbstractJavaProjectConfigurator - Adding resource folder /tfg/src/test/resources
2024-07-26 17:47:10,333 [Worker-9: Download sources and javadoc] INFO  o.e.m.c.i.e.AbstractTransferListenerAdapter - Downloading https://repo.maven.apache.org/maven2/org/aspectj/aspectjweaver/1.9.22.1/aspectjweaver-1.9.22.1-sources.jar
2024-07-26 17:47:10,427 [Worker-9: Download sources and javadoc] INFO  o.e.m.c.i.e.AbstractTransferListenerAdapter - Downloaded https://repo.maven.apache.org/maven2/org/aspectj/aspectjweaver/1.9.22.1/aspectjweaver-1.9.22.1-sources.jar
2024-07-26 17:47:10,431 [Worker-9: Download sources and javadoc] INFO  o.e.m.j.internal.DownloadSourcesJob - Downloaded sources for org.aspectj:aspectjweaver:1.9.22.1
2024-07-26 17:47:10,456 [Worker-9: Download sources and javadoc] INFO  o.e.m.c.i.e.AbstractTransferListenerAdapter - Downloading https://repo.maven.apache.org/maven2/org/aspectj/aspectjweaver/1.9.22.1/aspectjweaver-1.9.22.1-javadoc.jar
2024-07-26 17:47:10,691 [Worker-9: Download sources and javadoc] INFO  o.e.m.c.i.e.AbstractTransferListenerAdapter - Downloaded https://repo.maven.apache.org/maven2/org/aspectj/aspectjweaver/1.9.22.1/aspectjweaver-1.9.22.1-javadoc.jar
2024-07-26 17:47:10,695 [Worker-9: Download sources and javadoc] INFO  o.e.m.j.internal.DownloadSourcesJob - Downloaded javadoc for org.aspectj:aspectjweaver:1.9.22.1
2024-07-26 17:47:10,756 [Worker-9: Download sources and javadoc] INFO  o.e.m.c.i.e.AbstractTransferListenerAdapter - Downloading https://repo.maven.apache.org/maven2/org/springframework/boot/spring-boot-starter-jdbc/3.3.2/spring-boot-starter-jdbc-3.3.2-sources.jar
2024-07-26 17:47:10,760 [Worker-9: Download sources and javadoc] INFO  o.e.m.c.i.e.AbstractTransferListenerAdapter - Downloaded https://repo.maven.apache.org/maven2/org/springframework/boot/spring-boot-starter-jdbc/3.3.2/spring-boot-starter-jdbc-3.3.2-sources.jar
2024-07-26 17:47:10,764 [Worker-9: Download sources and javadoc] INFO  o.e.m.j.internal.DownloadSourcesJob - Downloaded sources for org.springframework.boot:spring-boot-starter-jdbc:3.3.2
2024-07-26 17:47:10,777 [Worker-9: Download sources and javadoc] INFO  o.e.m.c.i.e.AbstractTransferListenerAdapter - Downloading https://repo.maven.apache.org/maven2/org/springframework/boot/spring-boot-starter-jdbc/3.3.2/spring-boot-starter-jdbc-3.3.2-javadoc.jar
2024-07-26 17:47:10,781 [Worker-9: Download sources and javadoc] INFO  o.e.m.c.i.e.AbstractTransferListenerAdapter - Downloaded https://repo.maven.apache.org/maven2/org/springframework/boot/spring-boot-starter-jdbc/3.3.2/spring-boot-starter-jdbc-3.3.2-javadoc.jar
2024-07-26 17:47:10,785 [Worker-9: Download sources and javadoc] INFO  o.e.m.j.internal.DownloadSourcesJob - Downloaded javadoc for org.springframework.boot:spring-boot-starter-jdbc:3.3.2
2024-07-26 17:47:10,826 [Worker-9: Download sources and javadoc] INFO  o.e.m.c.i.e.AbstractTransferListenerAdapter - Downloading https://repo.maven.apache.org/maven2/com/zaxxer/HikariCP/5.1.0/HikariCP-5.1.0-sources.jar
2024-07-26 17:47:10,853 [Worker-9: Download sources and javadoc] INFO  o.e.m.c.i.e.AbstractTransferListenerAdapter - Downloaded https://repo.maven.apache.org/maven2/com/zaxxer/HikariCP/5.1.0/HikariCP-5.1.0-sources.jar
2024-07-26 17:47:10,857 [Worker-9: Download sources and javadoc] INFO  o.e.m.j.internal.DownloadSourcesJob - Downloaded sources for com.zaxxer:HikariCP:5.1.0
2024-07-26 17:47:10,876 [Worker-9: Download sources and javadoc] INFO  o.e.m.c.i.e.AbstractTransferListenerAdapter - Downloading https://repo.maven.apache.org/maven2/com/zaxxer/HikariCP/5.1.0/HikariCP-5.1.0-javadoc.jar
2024-07-26 17:47:10,895 [Worker-9: Download sources and javadoc] INFO  o.e.m.c.i.e.AbstractTransferListenerAdapter - Downloaded https://repo.maven.apache.org/maven2/com/zaxxer/HikariCP/5.1.0/HikariCP-5.1.0-javadoc.jar
2024-07-26 17:47:10,900 [Worker-9: Download sources and javadoc] INFO  o.e.m.j.internal.DownloadSourcesJob - Downloaded javadoc for com.zaxxer:HikariCP:5.1.0
2024-07-26 17:47:10,943 [Worker-9: Download sources and javadoc] INFO  o.e.m.c.i.e.AbstractTransferListenerAdapter - Downloading https://repo.maven.apache.org/maven2/org/springframework/spring-jdbc/6.1.11/spring-jdbc-6.1.11-sources.jar
2024-07-26 17:47:10,983 [Worker-9: Download sources and javadoc] INFO  o.e.m.c.i.e.AbstractTransferListenerAdapter - Downloaded https://repo.maven.apache.org/maven2/org/springframework/spring-jdbc/6.1.11/spring-jdbc-6.1.11-sources.jar
2024-07-26 17:47:10,987 [Worker-9: Download sources and javadoc] INFO  o.e.m.j.internal.DownloadSourcesJob - Downloaded sources for org.springframework:spring-jdbc:6.1.11
2024-07-26 17:47:10,999 [Worker-9: Download sources and javadoc] INFO  o.e.m.c.i.e.AbstractTransferListenerAdapter - Downloading https://repo.maven.apache.org/maven2/org/springframework/spring-jdbc/6.1.11/spring-jdbc-6.1.11-javadoc.jar
2024-07-26 17:47:11,055 [Worker-9: Download sources and javadoc] INFO  o.e.m.c.i.e.AbstractTransferListenerAdapter - Downloaded https://repo.maven.apache.org/maven2/org/springframework/spring-jdbc/6.1.11/spring-jdbc-6.1.11-javadoc.jar
2024-07-26 17:47:11,059 [Worker-9: Download sources and javadoc] INFO  o.e.m.j.internal.DownloadSourcesJob - Downloaded javadoc for org.springframework:spring-jdbc:6.1.11
2024-07-26 17:47:11,116 [Worker-9: Download sources and javadoc] INFO  o.e.m.c.i.e.AbstractTransferListenerAdapter - Downloading https://repo.maven.apache.org/maven2/org/hibernate/orm/hibernate-core/6.5.2.Final/hibernate-core-6.5.2.Final-sources.jar
2024-07-26 17:47:11,270 [Worker-9: Download sources and javadoc] INFO  o.e.m.c.i.e.AbstractTransferListenerAdapter - Downloaded https://repo.maven.apache.org/maven2/org/hibernate/orm/hibernate-core/6.5.2.Final/hibernate-core-6.5.2.Final-sources.jar
2024-07-26 17:47:11,274 [Worker-9: Download sources and javadoc] INFO  o.e.m.j.internal.DownloadSourcesJob - Downloaded sources for org.hibernate.orm:hibernate-core:6.5.2.Final
2024-07-26 17:47:11,287 [Worker-9: Download sources and javadoc] INFO  o.e.m.c.i.e.AbstractTransferListenerAdapter - Downloading https://repo.maven.apache.org/maven2/org/hibernate/orm/hibernate-core/6.5.2.Final/hibernate-core-6.5.2.Final-javadoc.jar
2024-07-26 17:47:11,734 [Worker-9: Download sources and javadoc] INFO  o.e.m.c.i.e.AbstractTransferListenerAdapter - Downloaded https://repo.maven.apache.org/maven2/org/hibernate/orm/hibernate-core/6.5.2.Final/hibernate-core-6.5.2.Final-javadoc.jar
2024-07-26 17:47:11,739 [Worker-9: Download sources and javadoc] INFO  o.e.m.j.internal.DownloadSourcesJob - Downloaded javadoc for org.hibernate.orm:hibernate-core:6.5.2.Final
2024-07-26 17:47:11,780 [Worker-9: Download sources and javadoc] INFO  o.e.m.c.i.e.AbstractTransferListenerAdapter - Downloading https://repo.maven.apache.org/maven2/com/fasterxml/classmate/1.7.0/classmate-1.7.0-sources.jar
2024-07-26 17:47:11,790 [Worker-15: Update Maven projects configuration] INFO  o.e.m.c.i.p.ProjectConfigurationManager - Update completed for 1 poms: local refresh takes 0,00 sec, refresh facades takes 10,00 sec, update config takes 1,00 sec 
2024-07-26 17:47:11,794 [Worker-9: Download sources and javadoc] INFO  o.e.m.c.i.e.AbstractTransferListenerAdapter - Downloaded https://repo.maven.apache.org/maven2/com/fasterxml/classmate/1.7.0/classmate-1.7.0-sources.jar
2024-07-26 17:47:11,798 [Worker-9: Download sources and javadoc] INFO  o.e.m.j.internal.DownloadSourcesJob - Downloaded sources for com.fasterxml:classmate:1.7.0
2024-07-26 17:47:11,811 [Worker-9: Download sources and javadoc] INFO  o.e.m.c.i.e.AbstractTransferListenerAdapter - Downloading https://repo.maven.apache.org/maven2/com/fasterxml/classmate/1.7.0/classmate-1.7.0-javadoc.jar
2024-07-26 17:47:11,835 [Worker-9: Download sources and javadoc] INFO  o.e.m.c.i.e.AbstractTransferListenerAdapter - Downloaded https://repo.maven.apache.org/maven2/com/fasterxml/classmate/1.7.0/classmate-1.7.0-javadoc.jar
2024-07-26 17:47:11,839 [Worker-9: Download sources and javadoc] INFO  o.e.m.j.internal.DownloadSourcesJob - Downloaded javadoc for com.fasterxml:classmate:1.7.0
2024-07-26 17:47:11,876 [Worker-9: Download sources and javadoc] INFO  o.e.m.c.i.e.AbstractTransferListenerAdapter - Downloading https://repo.maven.apache.org/maven2/net/bytebuddy/byte-buddy/1.14.18/byte-buddy-1.14.18-sources.jar
2024-07-26 17:47:11,992 [Worker-9: Download sources and javadoc] INFO  o.e.m.c.i.e.AbstractTransferListenerAdapter - Downloaded https://repo.maven.apache.org/maven2/net/bytebuddy/byte-buddy/1.14.18/byte-buddy-1.14.18-sources.jar
2024-07-26 17:47:11,995 [Worker-9: Download sources and javadoc] INFO  o.e.m.j.internal.DownloadSourcesJob - Downloaded sources for net.bytebuddy:byte-buddy:1.14.18
2024-07-26 17:47:12,007 [Worker-9: Download sources and javadoc] INFO  o.e.m.c.i.e.AbstractTransferListenerAdapter - Downloading https://repo.maven.apache.org/maven2/net/bytebuddy/byte-buddy/1.14.18/byte-buddy-1.14.18-javadoc.jar
2024-07-26 17:47:12,030 [Worker-3: Building] INFO  o.a.m.s.f.DefaultMavenResourcesFiltering - Copying 1 resource from src\main\resources to target\classes
2024-07-26 17:47:12,049 [Worker-3: Building] INFO  o.a.m.s.f.DefaultMavenResourcesFiltering - Copying 0 resource from src\main\resources to target\classes
2024-07-26 17:47:12,055 [Worker-3: Building] INFO  o.a.m.s.f.DefaultMavenResourcesFiltering - skip non existing resourceDirectory C:\Users\May\Downloads\Enviar\src\test\resources
2024-07-26 17:47:12,223 [Worker-9: Download sources and javadoc] INFO  o.e.m.c.i.e.AbstractTransferListenerAdapter - Downloaded https://repo.maven.apache.org/maven2/net/bytebuddy/byte-buddy/1.14.18/byte-buddy-1.14.18-javadoc.jar
2024-07-26 17:47:12,226 [Worker-9: Download sources and javadoc] INFO  o.e.m.j.internal.DownloadSourcesJob - Downloaded javadoc for net.bytebuddy:byte-buddy:1.14.18
2024-07-26 17:47:12,260 [Worker-9: Download sources and javadoc] INFO  o.e.m.c.i.e.AbstractTransferListenerAdapter - Downloading https://repo.maven.apache.org/maven2/org/glassfish/jaxb/jaxb-runtime/4.0.5/jaxb-runtime-4.0.5-sources.jar
2024-07-26 17:47:12,295 [Worker-9: Download sources and javadoc] INFO  o.e.m.c.i.e.AbstractTransferListenerAdapter - Downloaded https://repo.maven.apache.org/maven2/org/glassfish/jaxb/jaxb-runtime/4.0.5/jaxb-runtime-4.0.5-sources.jar
2024-07-26 17:47:12,298 [Worker-9: Download sources and javadoc] INFO  o.e.m.j.internal.DownloadSourcesJob - Downloaded sources for org.glassfish.jaxb:jaxb-runtime:4.0.5
2024-07-26 17:47:12,310 [Worker-9: Download sources and javadoc] INFO  o.e.m.c.i.e.AbstractTransferListenerAdapter - Downloading https://repo.maven.apache.org/maven2/org/glassfish/jaxb/jaxb-runtime/4.0.5/jaxb-runtime-4.0.5-javadoc.jar
2024-07-26 17:47:12,346 [Worker-9: Download sources and javadoc] INFO  o.e.m.c.i.e.AbstractTransferListenerAdapter - Downloaded https://repo.maven.apache.org/maven2/org/glassfish/jaxb/jaxb-runtime/4.0.5/jaxb-runtime-4.0.5-javadoc.jar
2024-07-26 17:47:12,350 [Worker-9: Download sources and javadoc] INFO  o.e.m.j.internal.DownloadSourcesJob - Downloaded javadoc for org.glassfish.jaxb:jaxb-runtime:4.0.5
2024-07-26 17:47:12,390 [Worker-9: Download sources and javadoc] INFO  o.e.m.c.i.e.AbstractTransferListenerAdapter - Downloading https://repo.maven.apache.org/maven2/org/glassfish/jaxb/jaxb-core/4.0.5/jaxb-core-4.0.5-sources.jar
2024-07-26 17:47:12,413 [Worker-9: Download sources and javadoc] INFO  o.e.m.c.i.e.AbstractTransferListenerAdapter - Downloaded https://repo.maven.apache.org/maven2/org/glassfish/jaxb/jaxb-core/4.0.5/jaxb-core-4.0.5-sources.jar
2024-07-26 17:47:12,416 [Worker-9: Download sources and javadoc] INFO  o.e.m.j.internal.DownloadSourcesJob - Downloaded sources for org.glassfish.jaxb:jaxb-core:4.0.5
2024-07-26 17:47:12,429 [Worker-9: Download sources and javadoc] INFO  o.e.m.c.i.e.AbstractTransferListenerAdapter - Downloading https://repo.maven.apache.org/maven2/org/glassfish/jaxb/jaxb-core/4.0.5/jaxb-core-4.0.5-javadoc.jar
2024-07-26 17:47:12,470 [Worker-9: Download sources and javadoc] INFO  o.e.m.c.i.e.AbstractTransferListenerAdapter - Downloaded https://repo.maven.apache.org/maven2/org/glassfish/jaxb/jaxb-core/4.0.5/jaxb-core-4.0.5-javadoc.jar
2024-07-26 17:47:12,473 [Worker-9: Download sources and javadoc] INFO  o.e.m.j.internal.DownloadSourcesJob - Downloaded javadoc for org.glassfish.jaxb:jaxb-core:4.0.5
2024-07-26 17:47:12,510 [Worker-9: Download sources and javadoc] INFO  o.e.m.c.i.e.AbstractTransferListenerAdapter - Downloading https://repo.maven.apache.org/maven2/org/eclipse/angus/angus-activation/2.0.2/angus-activation-2.0.2-sources.jar
2024-07-26 17:47:12,568 [Worker-3: Building] INFO  o.a.m.s.f.DefaultMavenResourcesFiltering - Copying 1 resource from src\main\resources to target\classes
2024-07-26 17:47:12,575 [Worker-9: Download sources and javadoc] INFO  o.e.m.c.i.e.AbstractTransferListenerAdapter - Downloaded https://repo.maven.apache.org/maven2/org/eclipse/angus/angus-activation/2.0.2/angus-activation-2.0.2-sources.jar
2024-07-26 17:47:12,579 [Worker-9: Download sources and javadoc] INFO  o.e.m.j.internal.DownloadSourcesJob - Downloaded sources for org.eclipse.angus:angus-activation:2.0.2
2024-07-26 17:47:12,587 [Worker-3: Building] INFO  o.a.m.s.f.DefaultMavenResourcesFiltering - Copying 0 resource from src\main\resources to target\classes
2024-07-26 17:47:12,591 [Worker-3: Building] INFO  o.a.m.s.f.DefaultMavenResourcesFiltering - skip non existing resourceDirectory C:\Users\May\Downloads\Pedir\src\test\resources
2024-07-26 17:47:12,591 [Worker-9: Download sources and javadoc] INFO  o.e.m.c.i.e.AbstractTransferListenerAdapter - Downloading https://repo.maven.apache.org/maven2/org/eclipse/angus/angus-activation/2.0.2/angus-activation-2.0.2-javadoc.jar
2024-07-26 17:47:12,624 [Worker-9: Download sources and javadoc] INFO  o.e.m.c.i.e.AbstractTransferListenerAdapter - Downloaded https://repo.maven.apache.org/maven2/org/eclipse/angus/angus-activation/2.0.2/angus-activation-2.0.2-javadoc.jar
2024-07-26 17:47:12,627 [Worker-9: Download sources and javadoc] INFO  o.e.m.j.internal.DownloadSourcesJob - Downloaded javadoc for org.eclipse.angus:angus-activation:2.0.2
2024-07-26 17:47:12,667 [Worker-9: Download sources and javadoc] INFO  o.e.m.c.i.e.AbstractTransferListenerAdapter - Downloading https://repo.maven.apache.org/maven2/org/glassfish/jaxb/txw2/4.0.5/txw2-4.0.5-sources.jar
2024-07-26 17:47:12,679 [Worker-9: Download sources and javadoc] INFO  o.e.m.c.i.e.AbstractTransferListenerAdapter - Downloaded https://repo.maven.apache.org/maven2/org/glassfish/jaxb/txw2/4.0.5/txw2-4.0.5-sources.jar
2024-07-26 17:47:12,683 [Worker-9: Download sources and javadoc] INFO  o.e.m.j.internal.DownloadSourcesJob - Downloaded sources for org.glassfish.jaxb:txw2:4.0.5
2024-07-26 17:47:12,695 [Worker-9: Download sources and javadoc] INFO  o.e.m.c.i.e.AbstractTransferListenerAdapter - Downloading https://repo.maven.apache.org/maven2/org/glassfish/jaxb/txw2/4.0.5/txw2-4.0.5-javadoc.jar
2024-07-26 17:47:12,722 [Worker-9: Download sources and javadoc] INFO  o.e.m.c.i.e.AbstractTransferListenerAdapter - Downloaded https://repo.maven.apache.org/maven2/org/glassfish/jaxb/txw2/4.0.5/txw2-4.0.5-javadoc.jar
2024-07-26 17:47:12,727 [Worker-9: Download sources and javadoc] INFO  o.e.m.j.internal.DownloadSourcesJob - Downloaded javadoc for org.glassfish.jaxb:txw2:4.0.5
2024-07-26 17:47:12,800 [Worker-9: Download sources and javadoc] INFO  o.e.m.c.i.e.AbstractTransferListenerAdapter - Downloading https://repo.maven.apache.org/maven2/org/springframework/data/spring-data-jpa/3.3.2/spring-data-jpa-3.3.2-sources.jar
2024-07-26 17:47:12,821 [Worker-9: Download sources and javadoc] INFO  o.e.m.c.i.e.AbstractTransferListenerAdapter - Downloaded https://repo.maven.apache.org/maven2/org/springframework/data/spring-data-jpa/3.3.2/spring-data-jpa-3.3.2-sources.jar
2024-07-26 17:47:12,825 [Worker-9: Download sources and javadoc] INFO  o.e.m.j.internal.DownloadSourcesJob - Downloaded sources for org.springframework.data:spring-data-jpa:3.3.2
2024-07-26 17:47:12,837 [Worker-9: Download sources and javadoc] INFO  o.e.m.c.i.e.AbstractTransferListenerAdapter - Downloading https://repo.maven.apache.org/maven2/org/springframework/data/spring-data-jpa/3.3.2/spring-data-jpa-3.3.2-javadoc.jar
2024-07-26 17:47:12,858 [Worker-9: Download sources and javadoc] INFO  o.e.m.c.i.e.AbstractTransferListenerAdapter - Downloaded https://repo.maven.apache.org/maven2/org/springframework/data/spring-data-jpa/3.3.2/spring-data-jpa-3.3.2-javadoc.jar
2024-07-26 17:47:12,862 [Worker-9: Download sources and javadoc] INFO  o.e.m.j.internal.DownloadSourcesJob - Downloaded javadoc for org.springframework.data:spring-data-jpa:3.3.2
2024-07-26 17:47:12,900 [Worker-9: Download sources and javadoc] INFO  o.e.m.c.i.e.AbstractTransferListenerAdapter - Downloading https://repo.maven.apache.org/maven2/org/springframework/data/spring-data-commons/3.3.2/spring-data-commons-3.3.2-sources.jar
2024-07-26 17:47:12,908 [Worker-3: Building] INFO  o.a.m.s.f.DefaultMavenResourcesFiltering - Copying 1 resource from src\main\resources to target\classes
2024-07-26 17:47:12,924 [Worker-3: Building] INFO  o.a.m.s.f.DefaultMavenResourcesFiltering - Copying 0 resource from src\main\resources to target\classes
2024-07-26 17:47:12,928 [Worker-3: Building] INFO  o.a.m.s.f.DefaultMavenResourcesFiltering - skip non existing resourceDirectory C:\Users\May\OneDrive\Documents\PAPELES IMPORTANTES\TFG\tfg\src\test\resources
2024-07-26 17:47:12,962 [Worker-9: Download sources and javadoc] INFO  o.e.m.c.i.e.AbstractTransferListenerAdapter - Downloaded https://repo.maven.apache.org/maven2/org/springframework/data/spring-data-commons/3.3.2/spring-data-commons-3.3.2-sources.jar
2024-07-26 17:47:12,966 [Worker-9: Download sources and javadoc] INFO  o.e.m.j.internal.DownloadSourcesJob - Downloaded sources for org.springframework.data:spring-data-commons:3.3.2
2024-07-26 17:47:12,978 [Worker-9: Download sources and javadoc] INFO  o.e.m.c.i.e.AbstractTransferListenerAdapter - Downloading https://repo.maven.apache.org/maven2/org/springframework/data/spring-data-commons/3.3.2/spring-data-commons-3.3.2-javadoc.jar
2024-07-26 17:47:13,051 [Worker-9: Download sources and javadoc] INFO  o.e.m.c.i.e.AbstractTransferListenerAdapter - Downloaded https://repo.maven.apache.org/maven2/org/springframework/data/spring-data-commons/3.3.2/spring-data-commons-3.3.2-javadoc.jar
2024-07-26 17:47:13,055 [Worker-9: Download sources and javadoc] INFO  o.e.m.j.internal.DownloadSourcesJob - Downloaded javadoc for org.springframework.data:spring-data-commons:3.3.2
2024-07-26 17:47:13,123 [Worker-9: Download sources and javadoc] INFO  o.e.m.c.i.e.AbstractTransferListenerAdapter - Downloading https://repo.maven.apache.org/maven2/org/springframework/spring-orm/6.1.11/spring-orm-6.1.11-sources.jar
2024-07-26 17:47:13,146 [Worker-9: Download sources and javadoc] INFO  o.e.m.c.i.e.AbstractTransferListenerAdapter - Downloaded https://repo.maven.apache.org/maven2/org/springframework/spring-orm/6.1.11/spring-orm-6.1.11-sources.jar
2024-07-26 17:47:13,150 [Worker-9: Download sources and javadoc] INFO  o.e.m.j.internal.DownloadSourcesJob - Downloaded sources for org.springframework:spring-orm:6.1.11
2024-07-26 17:47:13,163 [Worker-9: Download sources and javadoc] INFO  o.e.m.c.i.e.AbstractTransferListenerAdapter - Downloading https://repo.maven.apache.org/maven2/org/springframework/spring-orm/6.1.11/spring-orm-6.1.11-javadoc.jar
2024-07-26 17:47:13,247 [Worker-9: Download sources and javadoc] INFO  o.e.m.c.i.e.AbstractTransferListenerAdapter - Downloaded https://repo.maven.apache.org/maven2/org/springframework/spring-orm/6.1.11/spring-orm-6.1.11-javadoc.jar
2024-07-26 17:47:13,250 [Worker-9: Download sources and javadoc] INFO  o.e.m.j.internal.DownloadSourcesJob - Downloaded javadoc for org.springframework:spring-orm:6.1.11
2024-07-26 17:47:13,295 [Worker-9: Download sources and javadoc] INFO  o.e.m.c.i.e.AbstractTransferListenerAdapter - Downloading https://repo.maven.apache.org/maven2/org/springframework/spring-context/6.1.11/spring-context-6.1.11-sources.jar
2024-07-26 17:47:13,343 [Worker-9: Download sources and javadoc] INFO  o.e.m.c.i.e.AbstractTransferListenerAdapter - Downloaded https://repo.maven.apache.org/maven2/org/springframework/spring-context/6.1.11/spring-context-6.1.11-sources.jar
2024-07-26 17:47:13,346 [Worker-9: Download sources and javadoc] INFO  o.e.m.j.internal.DownloadSourcesJob - Downloaded sources for org.springframework:spring-context:6.1.11
2024-07-26 17:47:13,357 [Worker-9: Download sources and javadoc] INFO  o.e.m.c.i.e.AbstractTransferListenerAdapter - Downloading https://repo.maven.apache.org/maven2/org/springframework/spring-context/6.1.11/spring-context-6.1.11-javadoc.jar
2024-07-26 17:47:13,409 [Worker-9: Download sources and javadoc] INFO  o.e.m.c.i.e.AbstractTransferListenerAdapter - Downloaded https://repo.maven.apache.org/maven2/org/springframework/spring-context/6.1.11/spring-context-6.1.11-javadoc.jar
2024-07-26 17:47:13,412 [Worker-9: Download sources and javadoc] INFO  o.e.m.j.internal.DownloadSourcesJob - Downloaded javadoc for org.springframework:spring-context:6.1.11
2024-07-26 17:47:13,449 [Worker-9: Download sources and javadoc] INFO  o.e.m.c.i.e.AbstractTransferListenerAdapter - Downloading https://repo.maven.apache.org/maven2/org/springframework/spring-tx/6.1.11/spring-tx-6.1.11-sources.jar
2024-07-26 17:47:13,475 [Worker-9: Download sources and javadoc] INFO  o.e.m.c.i.e.AbstractTransferListenerAdapter - Downloaded https://repo.maven.apache.org/maven2/org/springframework/spring-tx/6.1.11/spring-tx-6.1.11-sources.jar
2024-07-26 17:47:13,487 [Worker-9: Download sources and javadoc] INFO  o.e.m.j.internal.DownloadSourcesJob - Downloaded sources for org.springframework:spring-tx:6.1.11
2024-07-26 17:47:13,499 [Worker-9: Download sources and javadoc] INFO  o.e.m.c.i.e.AbstractTransferListenerAdapter - Downloading https://repo.maven.apache.org/maven2/org/springframework/spring-tx/6.1.11/spring-tx-6.1.11-javadoc.jar
2024-07-26 17:47:13,527 [Worker-9: Download sources and javadoc] INFO  o.e.m.c.i.e.AbstractTransferListenerAdapter - Downloaded https://repo.maven.apache.org/maven2/org/springframework/spring-tx/6.1.11/spring-tx-6.1.11-javadoc.jar
2024-07-26 17:47:13,529 [Worker-9: Download sources and javadoc] INFO  o.e.m.j.internal.DownloadSourcesJob - Downloaded javadoc for org.springframework:spring-tx:6.1.11
2024-07-26 17:47:13,565 [Worker-9: Download sources and javadoc] INFO  o.e.m.c.i.e.AbstractTransferListenerAdapter - Downloading https://repo.maven.apache.org/maven2/org/springframework/spring-beans/6.1.11/spring-beans-6.1.11-sources.jar
2024-07-26 17:47:13,613 [Worker-9: Download sources and javadoc] INFO  o.e.m.c.i.e.AbstractTransferListenerAdapter - Downloaded https://repo.maven.apache.org/maven2/org/springframework/spring-beans/6.1.11/spring-beans-6.1.11-sources.jar
2024-07-26 17:47:13,616 [Worker-9: Download sources and javadoc] INFO  o.e.m.j.internal.DownloadSourcesJob - Downloaded sources for org.springframework:spring-beans:6.1.11
2024-07-26 17:47:13,628 [Worker-9: Download sources and javadoc] INFO  o.e.m.c.i.e.AbstractTransferListenerAdapter - Downloading https://repo.maven.apache.org/maven2/org/springframework/spring-beans/6.1.11/spring-beans-6.1.11-javadoc.jar
2024-07-26 17:47:13,672 [Worker-9: Download sources and javadoc] INFO  o.e.m.c.i.e.AbstractTransferListenerAdapter - Downloaded https://repo.maven.apache.org/maven2/org/springframework/spring-beans/6.1.11/spring-beans-6.1.11-javadoc.jar
2024-07-26 17:47:13,675 [Worker-9: Download sources and javadoc] INFO  o.e.m.j.internal.DownloadSourcesJob - Downloaded javadoc for org.springframework:spring-beans:6.1.11
2024-07-26 17:47:13,709 [Worker-9: Download sources and javadoc] INFO  o.e.m.c.i.e.AbstractTransferListenerAdapter - Downloading https://repo.maven.apache.org/maven2/org/slf4j/slf4j-api/2.0.13/slf4j-api-2.0.13-sources.jar
2024-07-26 17:47:13,720 [Worker-9: Download sources and javadoc] INFO  o.e.m.c.i.e.AbstractTransferListenerAdapter - Downloaded https://repo.maven.apache.org/maven2/org/slf4j/slf4j-api/2.0.13/slf4j-api-2.0.13-sources.jar
2024-07-26 17:47:13,722 [Worker-9: Download sources and javadoc] INFO  o.e.m.j.internal.DownloadSourcesJob - Downloaded sources for org.slf4j:slf4j-api:2.0.13
2024-07-26 17:47:13,744 [Worker-9: Download sources and javadoc] INFO  o.e.m.c.i.e.AbstractTransferListenerAdapter - Downloading https://repo.maven.apache.org/maven2/org/slf4j/slf4j-api/2.0.13/slf4j-api-2.0.13-javadoc.jar
2024-07-26 17:47:13,759 [Worker-9: Download sources and javadoc] INFO  o.e.m.c.i.e.AbstractTransferListenerAdapter - Downloaded https://repo.maven.apache.org/maven2/org/slf4j/slf4j-api/2.0.13/slf4j-api-2.0.13-javadoc.jar
2024-07-26 17:47:13,764 [Worker-9: Download sources and javadoc] INFO  o.e.m.j.internal.DownloadSourcesJob - Downloaded javadoc for org.slf4j:slf4j-api:2.0.13
2024-07-26 17:47:13,801 [Worker-9: Download sources and javadoc] INFO  o.e.m.c.i.e.AbstractTransferListenerAdapter - Downloading https://repo.maven.apache.org/maven2/org/springframework/spring-aspects/6.1.11/spring-aspects-6.1.11-sources.jar
2024-07-26 17:47:13,804 [Worker-9: Download sources and javadoc] INFO  o.e.m.c.i.e.AbstractTransferListenerAdapter - Downloaded https://repo.maven.apache.org/maven2/org/springframework/spring-aspects/6.1.11/spring-aspects-6.1.11-sources.jar
2024-07-26 17:47:13,806 [Worker-9: Download sources and javadoc] INFO  o.e.m.j.internal.DownloadSourcesJob - Downloaded sources for org.springframework:spring-aspects:6.1.11
2024-07-26 17:47:13,839 [Worker-9: Download sources and javadoc] INFO  o.e.m.c.i.e.AbstractTransferListenerAdapter - Downloading https://repo.maven.apache.org/maven2/org/springframework/spring-aspects/6.1.11/spring-aspects-6.1.11-javadoc.jar
2024-07-26 17:47:13,850 [Worker-9: Download sources and javadoc] INFO  o.e.m.c.i.e.AbstractTransferListenerAdapter - Downloaded https://repo.maven.apache.org/maven2/org/springframework/spring-aspects/6.1.11/spring-aspects-6.1.11-javadoc.jar
2024-07-26 17:47:13,853 [Worker-9: Download sources and javadoc] INFO  o.e.m.j.internal.DownloadSourcesJob - Downloaded javadoc for org.springframework:spring-aspects:6.1.11
2024-07-26 17:47:13,885 [Worker-9: Download sources and javadoc] INFO  o.e.m.c.i.e.AbstractTransferListenerAdapter - Downloading https://repo.maven.apache.org/maven2/org/springframework/boot/spring-boot-starter-web/3.3.2/spring-boot-starter-web-3.3.2-sources.jar
2024-07-26 17:47:13,887 [Worker-9: Download sources and javadoc] INFO  o.e.m.c.i.e.AbstractTransferListenerAdapter - Downloaded https://repo.maven.apache.org/maven2/org/springframework/boot/spring-boot-starter-web/3.3.2/spring-boot-starter-web-3.3.2-sources.jar
2024-07-26 17:47:13,890 [Worker-9: Download sources and javadoc] INFO  o.e.m.j.internal.DownloadSourcesJob - Downloaded sources for org.springframework.boot:spring-boot-starter-web:3.3.2
2024-07-26 17:47:13,901 [Worker-9: Download sources and javadoc] INFO  o.e.m.c.i.e.AbstractTransferListenerAdapter - Downloading https://repo.maven.apache.org/maven2/org/springframework/boot/spring-boot-starter-web/3.3.2/spring-boot-starter-web-3.3.2-javadoc.jar
2024-07-26 17:47:13,903 [Worker-9: Download sources and javadoc] INFO  o.e.m.c.i.e.AbstractTransferListenerAdapter - Downloaded https://repo.maven.apache.org/maven2/org/springframework/boot/spring-boot-starter-web/3.3.2/spring-boot-starter-web-3.3.2-javadoc.jar
2024-07-26 17:47:13,905 [Worker-9: Download sources and javadoc] INFO  o.e.m.j.internal.DownloadSourcesJob - Downloaded javadoc for org.springframework.boot:spring-boot-starter-web:3.3.2
2024-07-26 17:47:13,939 [Worker-9: Download sources and javadoc] INFO  o.e.m.c.i.e.AbstractTransferListenerAdapter - Downloading https://repo.maven.apache.org/maven2/org/springframework/boot/spring-boot-starter/3.3.2/spring-boot-starter-3.3.2-sources.jar
2024-07-26 17:47:13,942 [Worker-9: Download sources and javadoc] INFO  o.e.m.c.i.e.AbstractTransferListenerAdapter - Downloaded https://repo.maven.apache.org/maven2/org/springframework/boot/spring-boot-starter/3.3.2/spring-boot-starter-3.3.2-sources.jar
2024-07-26 17:47:13,944 [Worker-9: Download sources and javadoc] INFO  o.e.m.j.internal.DownloadSourcesJob - Downloaded sources for org.springframework.boot:spring-boot-starter:3.3.2
2024-07-26 17:47:13,955 [Worker-9: Download sources and javadoc] INFO  o.e.m.c.i.e.AbstractTransferListenerAdapter - Downloading https://repo.maven.apache.org/maven2/org/springframework/boot/spring-boot-starter/3.3.2/spring-boot-starter-3.3.2-javadoc.jar
2024-07-26 17:47:13,958 [Worker-9: Download sources and javadoc] INFO  o.e.m.c.i.e.AbstractTransferListenerAdapter - Downloaded https://repo.maven.apache.org/maven2/org/springframework/boot/spring-boot-starter/3.3.2/spring-boot-starter-3.3.2-javadoc.jar
2024-07-26 17:47:13,960 [Worker-9: Download sources and javadoc] INFO  o.e.m.j.internal.DownloadSourcesJob - Downloaded javadoc for org.springframework.boot:spring-boot-starter:3.3.2
2024-07-26 17:47:13,997 [Worker-9: Download sources and javadoc] INFO  o.e.m.c.i.e.AbstractTransferListenerAdapter - Downloading https://repo.maven.apache.org/maven2/org/springframework/boot/spring-boot/3.3.2/spring-boot-3.3.2-sources.jar
2024-07-26 17:47:14,044 [Worker-9: Download sources and javadoc] INFO  o.e.m.c.i.e.AbstractTransferListenerAdapter - Downloaded https://repo.maven.apache.org/maven2/org/springframework/boot/spring-boot/3.3.2/spring-boot-3.3.2-sources.jar
2024-07-26 17:47:14,046 [Worker-9: Download sources and javadoc] INFO  o.e.m.j.internal.DownloadSourcesJob - Downloaded sources for org.springframework.boot:spring-boot:3.3.2
2024-07-26 17:47:14,068 [Worker-9: Download sources and javadoc] INFO  o.e.m.c.i.e.AbstractTransferListenerAdapter - Downloading https://repo.maven.apache.org/maven2/org/springframework/boot/spring-boot/3.3.2/spring-boot-3.3.2-javadoc.jar
2024-07-26 17:47:14,112 [Worker-9: Download sources and javadoc] INFO  o.e.m.c.i.e.AbstractTransferListenerAdapter - Downloaded https://repo.maven.apache.org/maven2/org/springframework/boot/spring-boot/3.3.2/spring-boot-3.3.2-javadoc.jar
2024-07-26 17:47:14,115 [Worker-9: Download sources and javadoc] INFO  o.e.m.j.internal.DownloadSourcesJob - Downloaded javadoc for org.springframework.boot:spring-boot:3.3.2
2024-07-26 17:47:14,152 [Worker-9: Download sources and javadoc] INFO  o.e.m.c.i.e.AbstractTransferListenerAdapter - Downloading https://repo.maven.apache.org/maven2/org/springframework/boot/spring-boot-starter-logging/3.3.2/spring-boot-starter-logging-3.3.2-sources.jar
2024-07-26 17:47:14,155 [Worker-9: Download sources and javadoc] INFO  o.e.m.c.i.e.AbstractTransferListenerAdapter - Downloaded https://repo.maven.apache.org/maven2/org/springframework/boot/spring-boot-starter-logging/3.3.2/spring-boot-starter-logging-3.3.2-sources.jar
2024-07-26 17:47:14,158 [Worker-9: Download sources and javadoc] INFO  o.e.m.j.internal.DownloadSourcesJob - Downloaded sources for org.springframework.boot:spring-boot-starter-logging:3.3.2
2024-07-26 17:47:14,170 [Worker-9: Download sources and javadoc] INFO  o.e.m.c.i.e.AbstractTransferListenerAdapter - Downloading https://repo.maven.apache.org/maven2/org/springframework/boot/spring-boot-starter-logging/3.3.2/spring-boot-starter-logging-3.3.2-javadoc.jar
2024-07-26 17:47:14,172 [Worker-9: Download sources and javadoc] INFO  o.e.m.c.i.e.AbstractTransferListenerAdapter - Downloaded https://repo.maven.apache.org/maven2/org/springframework/boot/spring-boot-starter-logging/3.3.2/spring-boot-starter-logging-3.3.2-javadoc.jar
2024-07-26 17:47:14,175 [Worker-9: Download sources and javadoc] INFO  o.e.m.j.internal.DownloadSourcesJob - Downloaded javadoc for org.springframework.boot:spring-boot-starter-logging:3.3.2
2024-07-26 17:47:14,212 [Worker-9: Download sources and javadoc] INFO  o.e.m.c.i.e.AbstractTransferListenerAdapter - Downloading https://repo.maven.apache.org/maven2/ch/qos/logback/logback-classic/1.5.6/logback-classic-1.5.6-sources.jar
2024-07-26 17:47:14,246 [Worker-9: Download sources and javadoc] INFO  o.e.m.c.i.e.AbstractTransferListenerAdapter - Downloaded https://repo.maven.apache.org/maven2/ch/qos/logback/logback-classic/1.5.6/logback-classic-1.5.6-sources.jar
2024-07-26 17:47:14,249 [Worker-9: Download sources and javadoc] INFO  o.e.m.j.internal.DownloadSourcesJob - Downloaded sources for ch.qos.logback:logback-classic:1.5.6
2024-07-26 17:47:14,261 [Worker-9: Download sources and javadoc] INFO  o.e.m.c.i.e.AbstractTransferListenerAdapter - Downloading https://repo.maven.apache.org/maven2/ch/qos/logback/logback-classic/1.5.6/logback-classic-1.5.6-javadoc.jar
2024-07-26 17:47:14,296 [Worker-9: Download sources and javadoc] INFO  o.e.m.c.i.e.AbstractTransferListenerAdapter - Downloaded https://repo.maven.apache.org/maven2/ch/qos/logback/logback-classic/1.5.6/logback-classic-1.5.6-javadoc.jar
2024-07-26 17:47:14,299 [Worker-9: Download sources and javadoc] INFO  o.e.m.j.internal.DownloadSourcesJob - Downloaded javadoc for ch.qos.logback:logback-classic:1.5.6
2024-07-26 17:47:14,336 [Worker-9: Download sources and javadoc] INFO  o.e.m.c.i.e.AbstractTransferListenerAdapter - Downloading https://repo.maven.apache.org/maven2/ch/qos/logback/logback-core/1.5.6/logback-core-1.5.6-sources.jar
2024-07-26 17:47:14,421 [Worker-9: Download sources and javadoc] INFO  o.e.m.c.i.e.AbstractTransferListenerAdapter - Downloaded https://repo.maven.apache.org/maven2/ch/qos/logback/logback-core/1.5.6/logback-core-1.5.6-sources.jar
2024-07-26 17:47:14,424 [Worker-9: Download sources and javadoc] INFO  o.e.m.j.internal.DownloadSourcesJob - Downloaded sources for ch.qos.logback:logback-core:1.5.6
2024-07-26 17:47:14,435 [Worker-9: Download sources and javadoc] INFO  o.e.m.c.i.e.AbstractTransferListenerAdapter - Downloading https://repo.maven.apache.org/maven2/ch/qos/logback/logback-core/1.5.6/logback-core-1.5.6-javadoc.jar
2024-07-26 17:47:14,539 [Worker-9: Download sources and javadoc] INFO  o.e.m.c.i.e.AbstractTransferListenerAdapter - Downloaded https://repo.maven.apache.org/maven2/ch/qos/logback/logback-core/1.5.6/logback-core-1.5.6-javadoc.jar
2024-07-26 17:47:14,542 [Worker-9: Download sources and javadoc] INFO  o.e.m.j.internal.DownloadSourcesJob - Downloaded javadoc for ch.qos.logback:logback-core:1.5.6
2024-07-26 17:47:14,578 [Worker-9: Download sources and javadoc] INFO  o.e.m.c.i.e.AbstractTransferListenerAdapter - Downloading https://repo.maven.apache.org/maven2/org/apache/logging/log4j/log4j-to-slf4j/2.23.1/log4j-to-slf4j-2.23.1-sources.jar
2024-07-26 17:47:14,581 [Worker-9: Download sources and javadoc] INFO  o.e.m.c.i.e.AbstractTransferListenerAdapter - Downloaded https://repo.maven.apache.org/maven2/org/apache/logging/log4j/log4j-to-slf4j/2.23.1/log4j-to-slf4j-2.23.1-sources.jar
2024-07-26 17:47:14,596 [Worker-9: Download sources and javadoc] INFO  o.e.m.j.internal.DownloadSourcesJob - Downloaded sources for org.apache.logging.log4j:log4j-to-slf4j:2.23.1
2024-07-26 17:47:14,607 [Worker-9: Download sources and javadoc] INFO  o.e.m.c.i.e.AbstractTransferListenerAdapter - Downloaded https://repo.maven.apache.org/maven2/org/apache/logging/log4j/log4j-to-slf4j/2.23.1/log4j-to-slf4j-2.23.1-javadoc.jar
2024-07-26 17:47:14,610 [Worker-9: Download sources and javadoc] ERROR o.e.m.j.internal.DownloadSourcesJob - Could not download javadoc for org.apache.logging.log4j:log4j-to-slf4j:2.23.1
org.eclipse.core.runtime.CoreException: Could not resolve artifact org.apache.logging.log4j:log4j-to-slf4j:jar:javadoc:2.23.1
	at org.eclipse.m2e.core.internal.embedder.MavenImpl.lambda$6(MavenImpl.java:584)
	at org.eclipse.m2e.core.internal.embedder.MavenExecutionContext.executeBare(MavenExecutionContext.java:394)
	at org.eclipse.m2e.core.internal.embedder.MavenExecutionContext.execute(MavenExecutionContext.java:228)
	at org.eclipse.m2e.core.internal.embedder.MavenExecutionContext.execute(MavenExecutionContext.java:214)
	at org.eclipse.m2e.core.internal.embedder.MavenImpl.resolve(MavenImpl.java:553)
	at org.eclipse.m2e.core.internal.embedder.MavenImpl.resolve(MavenImpl.java:538)
	at org.eclipse.m2e.jdt.internal.DownloadSourcesJob.download(DownloadSourcesJob.java:308)
	at org.eclipse.m2e.jdt.internal.DownloadSourcesJob.downloadAttachments(DownloadSourcesJob.java:294)
	at org.eclipse.m2e.jdt.internal.DownloadSourcesJob.downloadMaven(DownloadSourcesJob.java:252)
	at org.eclipse.m2e.jdt.internal.DownloadSourcesJob.downloadFilesAndPopulateToUpdate(DownloadSourcesJob.java:220)
	at org.eclipse.m2e.jdt.internal.DownloadSourcesJob.lambda$0(DownloadSourcesJob.java:149)
	at org.eclipse.m2e.core.internal.embedder.MavenExecutionContext.executeBare(MavenExecutionContext.java:394)
	at org.eclipse.m2e.core.internal.embedder.MavenExecutionContext.execute(MavenExecutionContext.java:275)
	at org.eclipse.m2e.core.internal.embedder.MavenExecutionContext.execute(MavenExecutionContext.java:214)
	at org.eclipse.m2e.core.embedder.IMaven.execute(IMaven.java:294)
	at org.eclipse.m2e.jdt.internal.DownloadSourcesJob.run(DownloadSourcesJob.java:149)
	at org.eclipse.core.internal.jobs.Worker.run(Worker.java:63)
2024-07-26 17:47:14,651 [Worker-9: Download sources and javadoc] INFO  o.e.m.c.i.e.AbstractTransferListenerAdapter - Downloading https://repo.maven.apache.org/maven2/org/apache/logging/log4j/log4j-api/2.23.1/log4j-api-2.23.1-sources.jar
2024-07-26 17:47:14,677 [Worker-9: Download sources and javadoc] INFO  o.e.m.c.i.e.AbstractTransferListenerAdapter - Downloaded https://repo.maven.apache.org/maven2/org/apache/logging/log4j/log4j-api/2.23.1/log4j-api-2.23.1-sources.jar
2024-07-26 17:47:14,692 [Worker-9: Download sources and javadoc] INFO  o.e.m.j.internal.DownloadSourcesJob - Downloaded sources for org.apache.logging.log4j:log4j-api:2.23.1
2024-07-26 17:47:14,703 [Worker-9: Download sources and javadoc] INFO  o.e.m.c.i.e.AbstractTransferListenerAdapter - Downloaded https://repo.maven.apache.org/maven2/org/apache/logging/log4j/log4j-api/2.23.1/log4j-api-2.23.1-javadoc.jar
2024-07-26 17:47:14,705 [Worker-9: Download sources and javadoc] ERROR o.e.m.j.internal.DownloadSourcesJob - Could not download javadoc for org.apache.logging.log4j:log4j-api:2.23.1
org.eclipse.core.runtime.CoreException: Could not resolve artifact org.apache.logging.log4j:log4j-api:jar:javadoc:2.23.1
	at org.eclipse.m2e.core.internal.embedder.MavenImpl.lambda$6(MavenImpl.java:584)
	at org.eclipse.m2e.core.internal.embedder.MavenExecutionContext.executeBare(MavenExecutionContext.java:394)
	at org.eclipse.m2e.core.internal.embedder.MavenExecutionContext.execute(MavenExecutionContext.java:228)
	at org.eclipse.m2e.core.internal.embedder.MavenExecutionContext.execute(MavenExecutionContext.java:214)
	at org.eclipse.m2e.core.internal.embedder.MavenImpl.resolve(MavenImpl.java:553)
	at org.eclipse.m2e.core.internal.embedder.MavenImpl.resolve(MavenImpl.java:538)
	at org.eclipse.m2e.jdt.internal.DownloadSourcesJob.download(DownloadSourcesJob.java:308)
	at org.eclipse.m2e.jdt.internal.DownloadSourcesJob.downloadAttachments(DownloadSourcesJob.java:294)
	at org.eclipse.m2e.jdt.internal.DownloadSourcesJob.downloadMaven(DownloadSourcesJob.java:252)
	at org.eclipse.m2e.jdt.internal.DownloadSourcesJob.downloadFilesAndPopulateToUpdate(DownloadSourcesJob.java:220)
	at org.eclipse.m2e.jdt.internal.DownloadSourcesJob.lambda$0(DownloadSourcesJob.java:149)
	at org.eclipse.m2e.core.internal.embedder.MavenExecutionContext.executeBare(MavenExecutionContext.java:394)
	at org.eclipse.m2e.core.internal.embedder.MavenExecutionContext.execute(MavenExecutionContext.java:275)
	at org.eclipse.m2e.core.internal.embedder.MavenExecutionContext.execute(MavenExecutionContext.java:214)
	at org.eclipse.m2e.core.embedder.IMaven.execute(IMaven.java:294)
	at org.eclipse.m2e.jdt.internal.DownloadSourcesJob.run(DownloadSourcesJob.java:149)
	at org.eclipse.core.internal.jobs.Worker.run(Worker.java:63)
2024-07-26 17:47:14,742 [Worker-9: Download sources and javadoc] INFO  o.e.m.c.i.e.AbstractTransferListenerAdapter - Downloading https://repo.maven.apache.org/maven2/org/slf4j/jul-to-slf4j/2.0.13/jul-to-slf4j-2.0.13-sources.jar
2024-07-26 17:47:14,744 [Worker-9: Download sources and javadoc] INFO  o.e.m.c.i.e.AbstractTransferListenerAdapter - Downloaded https://repo.maven.apache.org/maven2/org/slf4j/jul-to-slf4j/2.0.13/jul-to-slf4j-2.0.13-sources.jar
2024-07-26 17:47:14,747 [Worker-9: Download sources and javadoc] INFO  o.e.m.j.internal.DownloadSourcesJob - Downloaded sources for org.slf4j:jul-to-slf4j:2.0.13
2024-07-26 17:47:14,758 [Worker-9: Download sources and javadoc] INFO  o.e.m.c.i.e.AbstractTransferListenerAdapter - Downloading https://repo.maven.apache.org/maven2/org/slf4j/jul-to-slf4j/2.0.13/jul-to-slf4j-2.0.13-javadoc.jar
2024-07-26 17:47:14,774 [Worker-9: Download sources and javadoc] INFO  o.e.m.c.i.e.AbstractTransferListenerAdapter - Downloaded https://repo.maven.apache.org/maven2/org/slf4j/jul-to-slf4j/2.0.13/jul-to-slf4j-2.0.13-javadoc.jar
2024-07-26 17:47:14,789 [Worker-9: Download sources and javadoc] INFO  o.e.m.j.internal.DownloadSourcesJob - Downloaded javadoc for org.slf4j:jul-to-slf4j:2.0.13
2024-07-26 17:47:14,825 [Worker-9: Download sources and javadoc] INFO  o.e.m.c.i.e.AbstractTransferListenerAdapter - Downloading https://repo.maven.apache.org/maven2/org/springframework/boot/spring-boot-starter-json/3.3.2/spring-boot-starter-json-3.3.2-sources.jar
2024-07-26 17:47:14,827 [Worker-9: Download sources and javadoc] INFO  o.e.m.c.i.e.AbstractTransferListenerAdapter - Downloaded https://repo.maven.apache.org/maven2/org/springframework/boot/spring-boot-starter-json/3.3.2/spring-boot-starter-json-3.3.2-sources.jar
2024-07-26 17:47:14,830 [Worker-9: Download sources and javadoc] INFO  o.e.m.j.internal.DownloadSourcesJob - Downloaded sources for org.springframework.boot:spring-boot-starter-json:3.3.2
2024-07-26 17:47:14,841 [Worker-9: Download sources and javadoc] INFO  o.e.m.c.i.e.AbstractTransferListenerAdapter - Downloading https://repo.maven.apache.org/maven2/org/springframework/boot/spring-boot-starter-json/3.3.2/spring-boot-starter-json-3.3.2-javadoc.jar
2024-07-26 17:47:14,844 [Worker-9: Download sources and javadoc] INFO  o.e.m.c.i.e.AbstractTransferListenerAdapter - Downloaded https://repo.maven.apache.org/maven2/org/springframework/boot/spring-boot-starter-json/3.3.2/spring-boot-starter-json-3.3.2-javadoc.jar
2024-07-26 17:47:14,847 [Worker-9: Download sources and javadoc] INFO  o.e.m.j.internal.DownloadSourcesJob - Downloaded javadoc for org.springframework.boot:spring-boot-starter-json:3.3.2
2024-07-26 17:47:14,891 [Worker-9: Download sources and javadoc] INFO  o.e.m.c.i.e.AbstractTransferListenerAdapter - Downloading https://repo.maven.apache.org/maven2/com/fasterxml/jackson/core/jackson-databind/2.17.2/jackson-databind-2.17.2-sources.jar
2024-07-26 17:47:14,943 [Worker-9: Download sources and javadoc] INFO  o.e.m.c.i.e.AbstractTransferListenerAdapter - Downloaded https://repo.maven.apache.org/maven2/com/fasterxml/jackson/core/jackson-databind/2.17.2/jackson-databind-2.17.2-sources.jar
2024-07-26 17:47:14,946 [Worker-9: Download sources and javadoc] INFO  o.e.m.j.internal.DownloadSourcesJob - Downloaded sources for com.fasterxml.jackson.core:jackson-databind:2.17.2
2024-07-26 17:47:14,970 [Worker-9: Download sources and javadoc] INFO  o.e.m.c.i.e.AbstractTransferListenerAdapter - Downloading https://repo.maven.apache.org/maven2/com/fasterxml/jackson/core/jackson-databind/2.17.2/jackson-databind-2.17.2-javadoc.jar
2024-07-26 17:47:15,042 [Worker-9: Download sources and javadoc] INFO  o.e.m.c.i.e.AbstractTransferListenerAdapter - Downloaded https://repo.maven.apache.org/maven2/com/fasterxml/jackson/core/jackson-databind/2.17.2/jackson-databind-2.17.2-javadoc.jar
2024-07-26 17:47:15,045 [Worker-9: Download sources and javadoc] INFO  o.e.m.j.internal.DownloadSourcesJob - Downloaded javadoc for com.fasterxml.jackson.core:jackson-databind:2.17.2
2024-07-26 17:47:15,078 [Worker-9: Download sources and javadoc] INFO  o.e.m.c.i.e.AbstractTransferListenerAdapter - Downloading https://repo.maven.apache.org/maven2/com/fasterxml/jackson/core/jackson-annotations/2.17.2/jackson-annotations-2.17.2-sources.jar
2024-07-26 17:47:15,089 [Worker-9: Download sources and javadoc] INFO  o.e.m.c.i.e.AbstractTransferListenerAdapter - Downloaded https://repo.maven.apache.org/maven2/com/fasterxml/jackson/core/jackson-annotations/2.17.2/jackson-annotations-2.17.2-sources.jar
2024-07-26 17:47:15,104 [Worker-9: Download sources and javadoc] INFO  o.e.m.j.internal.DownloadSourcesJob - Downloaded sources for com.fasterxml.jackson.core:jackson-annotations:2.17.2
2024-07-26 17:47:15,114 [Worker-9: Download sources and javadoc] INFO  o.e.m.c.i.e.AbstractTransferListenerAdapter - Downloading https://repo.maven.apache.org/maven2/com/fasterxml/jackson/core/jackson-annotations/2.17.2/jackson-annotations-2.17.2-javadoc.jar
2024-07-26 17:47:15,132 [Worker-9: Download sources and javadoc] INFO  o.e.m.c.i.e.AbstractTransferListenerAdapter - Downloaded https://repo.maven.apache.org/maven2/com/fasterxml/jackson/core/jackson-annotations/2.17.2/jackson-annotations-2.17.2-javadoc.jar
2024-07-26 17:47:15,136 [Worker-9: Download sources and javadoc] INFO  o.e.m.j.internal.DownloadSourcesJob - Downloaded javadoc for com.fasterxml.jackson.core:jackson-annotations:2.17.2
2024-07-26 17:47:15,173 [Worker-9: Download sources and javadoc] INFO  o.e.m.c.i.e.AbstractTransferListenerAdapter - Downloading https://repo.maven.apache.org/maven2/com/fasterxml/jackson/core/jackson-core/2.17.2/jackson-core-2.17.2-sources.jar
2024-07-26 17:47:15,219 [Worker-9: Download sources and javadoc] INFO  o.e.m.c.i.e.AbstractTransferListenerAdapter - Downloaded https://repo.maven.apache.org/maven2/com/fasterxml/jackson/core/jackson-core/2.17.2/jackson-core-2.17.2-sources.jar
2024-07-26 17:47:15,222 [Worker-9: Download sources and javadoc] INFO  o.e.m.j.internal.DownloadSourcesJob - Downloaded sources for com.fasterxml.jackson.core:jackson-core:2.17.2
2024-07-26 17:47:15,233 [Worker-9: Download sources and javadoc] INFO  o.e.m.c.i.e.AbstractTransferListenerAdapter - Downloading https://repo.maven.apache.org/maven2/com/fasterxml/jackson/core/jackson-core/2.17.2/jackson-core-2.17.2-javadoc.jar
2024-07-26 17:47:15,262 [Worker-9: Download sources and javadoc] INFO  o.e.m.c.i.e.AbstractTransferListenerAdapter - Downloaded https://repo.maven.apache.org/maven2/com/fasterxml/jackson/core/jackson-core/2.17.2/jackson-core-2.17.2-javadoc.jar
2024-07-26 17:47:15,265 [Worker-9: Download sources and javadoc] INFO  o.e.m.j.internal.DownloadSourcesJob - Downloaded javadoc for com.fasterxml.jackson.core:jackson-core:2.17.2
2024-07-26 17:47:15,302 [Worker-9: Download sources and javadoc] INFO  o.e.m.c.i.e.AbstractTransferListenerAdapter - Downloading https://repo.maven.apache.org/maven2/com/fasterxml/jackson/datatype/jackson-datatype-jdk8/2.17.2/jackson-datatype-jdk8-2.17.2-sources.jar
2024-07-26 17:47:15,306 [Worker-9: Download sources and javadoc] INFO  o.e.m.c.i.e.AbstractTransferListenerAdapter - Downloaded https://repo.maven.apache.org/maven2/com/fasterxml/jackson/datatype/jackson-datatype-jdk8/2.17.2/jackson-datatype-jdk8-2.17.2-sources.jar
2024-07-26 17:47:15,308 [Worker-9: Download sources and javadoc] INFO  o.e.m.j.internal.DownloadSourcesJob - Downloaded sources for com.fasterxml.jackson.datatype:jackson-datatype-jdk8:2.17.2
2024-07-26 17:47:15,330 [Worker-9: Download sources and javadoc] INFO  o.e.m.c.i.e.AbstractTransferListenerAdapter - Downloading https://repo.maven.apache.org/maven2/com/fasterxml/jackson/datatype/jackson-datatype-jdk8/2.17.2/jackson-datatype-jdk8-2.17.2-javadoc.jar
2024-07-26 17:47:15,335 [Worker-9: Download sources and javadoc] INFO  o.e.m.c.i.e.AbstractTransferListenerAdapter - Downloaded https://repo.maven.apache.org/maven2/com/fasterxml/jackson/datatype/jackson-datatype-jdk8/2.17.2/jackson-datatype-jdk8-2.17.2-javadoc.jar
2024-07-26 17:47:15,342 [Worker-9: Download sources and javadoc] INFO  o.e.m.j.internal.DownloadSourcesJob - Downloaded javadoc for com.fasterxml.jackson.datatype:jackson-datatype-jdk8:2.17.2
2024-07-26 17:47:15,379 [Worker-9: Download sources and javadoc] INFO  o.e.m.c.i.e.AbstractTransferListenerAdapter - Downloading https://repo.maven.apache.org/maven2/com/fasterxml/jackson/datatype/jackson-datatype-jsr310/2.17.2/jackson-datatype-jsr310-2.17.2-sources.jar
2024-07-26 17:47:15,393 [Worker-9: Download sources and javadoc] INFO  o.e.m.c.i.e.AbstractTransferListenerAdapter - Downloaded https://repo.maven.apache.org/maven2/com/fasterxml/jackson/datatype/jackson-datatype-jsr310/2.17.2/jackson-datatype-jsr310-2.17.2-sources.jar
2024-07-26 17:47:15,395 [Worker-9: Download sources and javadoc] INFO  o.e.m.j.internal.DownloadSourcesJob - Downloaded sources for com.fasterxml.jackson.datatype:jackson-datatype-jsr310:2.17.2
2024-07-26 17:47:15,407 [Worker-9: Download sources and javadoc] INFO  o.e.m.c.i.e.AbstractTransferListenerAdapter - Downloading https://repo.maven.apache.org/maven2/com/fasterxml/jackson/datatype/jackson-datatype-jsr310/2.17.2/jackson-datatype-jsr310-2.17.2-javadoc.jar
2024-07-26 17:47:15,431 [Worker-9: Download sources and javadoc] INFO  o.e.m.c.i.e.AbstractTransferListenerAdapter - Downloaded https://repo.maven.apache.org/maven2/com/fasterxml/jackson/datatype/jackson-datatype-jsr310/2.17.2/jackson-datatype-jsr310-2.17.2-javadoc.jar
2024-07-26 17:47:15,435 [Worker-9: Download sources and javadoc] INFO  o.e.m.j.internal.DownloadSourcesJob - Downloaded javadoc for com.fasterxml.jackson.datatype:jackson-datatype-jsr310:2.17.2
2024-07-26 17:47:15,473 [Worker-9: Download sources and javadoc] INFO  o.e.m.c.i.e.AbstractTransferListenerAdapter - Downloading https://repo.maven.apache.org/maven2/com/fasterxml/jackson/module/jackson-module-parameter-names/2.17.2/jackson-module-parameter-names-2.17.2-sources.jar
2024-07-26 17:47:15,476 [Worker-9: Download sources and javadoc] INFO  o.e.m.c.i.e.AbstractTransferListenerAdapter - Downloaded https://repo.maven.apache.org/maven2/com/fasterxml/jackson/module/jackson-module-parameter-names/2.17.2/jackson-module-parameter-names-2.17.2-sources.jar
2024-07-26 17:47:15,478 [Worker-9: Download sources and javadoc] INFO  o.e.m.j.internal.DownloadSourcesJob - Downloaded sources for com.fasterxml.jackson.module:jackson-module-parameter-names:2.17.2
2024-07-26 17:47:15,494 [Worker-9: Download sources and javadoc] INFO  o.e.m.c.i.e.AbstractTransferListenerAdapter - Downloading https://repo.maven.apache.org/maven2/com/fasterxml/jackson/module/jackson-module-parameter-names/2.17.2/jackson-module-parameter-names-2.17.2-javadoc.jar
2024-07-26 17:47:15,501 [Worker-9: Download sources and javadoc] INFO  o.e.m.c.i.e.AbstractTransferListenerAdapter - Downloaded https://repo.maven.apache.org/maven2/com/fasterxml/jackson/module/jackson-module-parameter-names/2.17.2/jackson-module-parameter-names-2.17.2-javadoc.jar
2024-07-26 17:47:15,504 [Worker-9: Download sources and javadoc] INFO  o.e.m.j.internal.DownloadSourcesJob - Downloaded javadoc for com.fasterxml.jackson.module:jackson-module-parameter-names:2.17.2
2024-07-26 17:47:15,540 [Worker-9: Download sources and javadoc] INFO  o.e.m.c.i.e.AbstractTransferListenerAdapter - Downloading https://repo.maven.apache.org/maven2/org/springframework/boot/spring-boot-starter-tomcat/3.3.2/spring-boot-starter-tomcat-3.3.2-sources.jar
2024-07-26 17:47:15,542 [Worker-9: Download sources and javadoc] INFO  o.e.m.c.i.e.AbstractTransferListenerAdapter - Downloaded https://repo.maven.apache.org/maven2/org/springframework/boot/spring-boot-starter-tomcat/3.3.2/spring-boot-starter-tomcat-3.3.2-sources.jar
2024-07-26 17:47:15,550 [Worker-9: Download sources and javadoc] INFO  o.e.m.j.internal.DownloadSourcesJob - Downloaded sources for org.springframework.boot:spring-boot-starter-tomcat:3.3.2
2024-07-26 17:47:15,562 [Worker-9: Download sources and javadoc] INFO  o.e.m.c.i.e.AbstractTransferListenerAdapter - Downloading https://repo.maven.apache.org/maven2/org/springframework/boot/spring-boot-starter-tomcat/3.3.2/spring-boot-starter-tomcat-3.3.2-javadoc.jar
2024-07-26 17:47:15,565 [Worker-9: Download sources and javadoc] INFO  o.e.m.c.i.e.AbstractTransferListenerAdapter - Downloaded https://repo.maven.apache.org/maven2/org/springframework/boot/spring-boot-starter-tomcat/3.3.2/spring-boot-starter-tomcat-3.3.2-javadoc.jar
2024-07-26 17:47:15,568 [Worker-9: Download sources and javadoc] INFO  o.e.m.j.internal.DownloadSourcesJob - Downloaded javadoc for org.springframework.boot:spring-boot-starter-tomcat:3.3.2
2024-07-26 17:47:15,610 [Worker-9: Download sources and javadoc] INFO  o.e.m.c.i.e.AbstractTransferListenerAdapter - Downloading https://repo.maven.apache.org/maven2/org/apache/tomcat/embed/tomcat-embed-core/10.1.26/tomcat-embed-core-10.1.26-sources.jar
2024-07-26 17:47:15,700 [Worker-9: Download sources and javadoc] INFO  o.e.m.c.i.e.AbstractTransferListenerAdapter - Downloaded https://repo.maven.apache.org/maven2/org/apache/tomcat/embed/tomcat-embed-core/10.1.26/tomcat-embed-core-10.1.26-sources.jar
2024-07-26 17:47:15,703 [Worker-9: Download sources and javadoc] INFO  o.e.m.j.internal.DownloadSourcesJob - Downloaded sources for org.apache.tomcat.embed:tomcat-embed-core:10.1.26
2024-07-26 17:47:15,714 [Worker-9: Download sources and javadoc] INFO  o.e.m.c.i.e.AbstractTransferListenerAdapter - Downloaded https://repo.maven.apache.org/maven2/org/apache/tomcat/embed/tomcat-embed-core/10.1.26/tomcat-embed-core-10.1.26-javadoc.jar
2024-07-26 17:47:15,716 [Worker-9: Download sources and javadoc] ERROR o.e.m.j.internal.DownloadSourcesJob - Could not download javadoc for org.apache.tomcat.embed:tomcat-embed-core:10.1.26
org.eclipse.core.runtime.CoreException: Could not resolve artifact org.apache.tomcat.embed:tomcat-embed-core:jar:javadoc:10.1.26
	at org.eclipse.m2e.core.internal.embedder.MavenImpl.lambda$6(MavenImpl.java:584)
	at org.eclipse.m2e.core.internal.embedder.MavenExecutionContext.executeBare(MavenExecutionContext.java:394)
	at org.eclipse.m2e.core.internal.embedder.MavenExecutionContext.execute(MavenExecutionContext.java:228)
	at org.eclipse.m2e.core.internal.embedder.MavenExecutionContext.execute(MavenExecutionContext.java:214)
	at org.eclipse.m2e.core.internal.embedder.MavenImpl.resolve(MavenImpl.java:553)
	at org.eclipse.m2e.core.internal.embedder.MavenImpl.resolve(MavenImpl.java:538)
	at org.eclipse.m2e.jdt.internal.DownloadSourcesJob.download(DownloadSourcesJob.java:308)
	at org.eclipse.m2e.jdt.internal.DownloadSourcesJob.downloadAttachments(DownloadSourcesJob.java:294)
	at org.eclipse.m2e.jdt.internal.DownloadSourcesJob.downloadMaven(DownloadSourcesJob.java:252)
	at org.eclipse.m2e.jdt.internal.DownloadSourcesJob.downloadFilesAndPopulateToUpdate(DownloadSourcesJob.java:220)
	at org.eclipse.m2e.jdt.internal.DownloadSourcesJob.lambda$0(DownloadSourcesJob.java:149)
	at org.eclipse.m2e.core.internal.embedder.MavenExecutionContext.executeBare(MavenExecutionContext.java:394)
	at org.eclipse.m2e.core.internal.embedder.MavenExecutionContext.execute(MavenExecutionContext.java:275)
	at org.eclipse.m2e.core.internal.embedder.MavenExecutionContext.execute(MavenExecutionContext.java:214)
	at org.eclipse.m2e.core.embedder.IMaven.execute(IMaven.java:294)
	at org.eclipse.m2e.jdt.internal.DownloadSourcesJob.run(DownloadSourcesJob.java:149)
	at org.eclipse.core.internal.jobs.Worker.run(Worker.java:63)
2024-07-26 17:47:15,753 [Worker-9: Download sources and javadoc] INFO  o.e.m.c.i.e.AbstractTransferListenerAdapter - Downloading https://repo.maven.apache.org/maven2/org/apache/tomcat/embed/tomcat-embed-el/10.1.26/tomcat-embed-el-10.1.26-sources.jar
2024-07-26 17:47:15,774 [Worker-9: Download sources and javadoc] INFO  o.e.m.c.i.e.AbstractTransferListenerAdapter - Downloaded https://repo.maven.apache.org/maven2/org/apache/tomcat/embed/tomcat-embed-el/10.1.26/tomcat-embed-el-10.1.26-sources.jar
2024-07-26 17:47:15,777 [Worker-9: Download sources and javadoc] INFO  o.e.m.j.internal.DownloadSourcesJob - Downloaded sources for org.apache.tomcat.embed:tomcat-embed-el:10.1.26
2024-07-26 17:47:15,788 [Worker-9: Download sources and javadoc] INFO  o.e.m.c.i.e.AbstractTransferListenerAdapter - Downloaded https://repo.maven.apache.org/maven2/org/apache/tomcat/embed/tomcat-embed-el/10.1.26/tomcat-embed-el-10.1.26-javadoc.jar
2024-07-26 17:47:15,792 [Worker-9: Download sources and javadoc] ERROR o.e.m.j.internal.DownloadSourcesJob - Could not download javadoc for org.apache.tomcat.embed:tomcat-embed-el:10.1.26
org.eclipse.core.runtime.CoreException: Could not resolve artifact org.apache.tomcat.embed:tomcat-embed-el:jar:javadoc:10.1.26
	at org.eclipse.m2e.core.internal.embedder.MavenImpl.lambda$6(MavenImpl.java:584)
	at org.eclipse.m2e.core.internal.embedder.MavenExecutionContext.executeBare(MavenExecutionContext.java:394)
	at org.eclipse.m2e.core.internal.embedder.MavenExecutionContext.execute(MavenExecutionContext.java:228)
	at org.eclipse.m2e.core.internal.embedder.MavenExecutionContext.execute(MavenExecutionContext.java:214)
	at org.eclipse.m2e.core.internal.embedder.MavenImpl.resolve(MavenImpl.java:553)
	at org.eclipse.m2e.core.internal.embedder.MavenImpl.resolve(MavenImpl.java:538)
	at org.eclipse.m2e.jdt.internal.DownloadSourcesJob.download(DownloadSourcesJob.java:308)
	at org.eclipse.m2e.jdt.internal.DownloadSourcesJob.downloadAttachments(DownloadSourcesJob.java:294)
	at org.eclipse.m2e.jdt.internal.DownloadSourcesJob.downloadMaven(DownloadSourcesJob.java:252)
	at org.eclipse.m2e.jdt.internal.DownloadSourcesJob.downloadFilesAndPopulateToUpdate(DownloadSourcesJob.java:220)
	at org.eclipse.m2e.jdt.internal.DownloadSourcesJob.lambda$0(DownloadSourcesJob.java:149)
	at org.eclipse.m2e.core.internal.embedder.MavenExecutionContext.executeBare(MavenExecutionContext.java:394)
	at org.eclipse.m2e.core.internal.embedder.MavenExecutionContext.execute(MavenExecutionContext.java:275)
	at org.eclipse.m2e.core.internal.embedder.MavenExecutionContext.execute(MavenExecutionContext.java:214)
	at org.eclipse.m2e.core.embedder.IMaven.execute(IMaven.java:294)
	at org.eclipse.m2e.jdt.internal.DownloadSourcesJob.run(DownloadSourcesJob.java:149)
	at org.eclipse.core.internal.jobs.Worker.run(Worker.java:63)
2024-07-26 17:47:15,828 [Worker-9: Download sources and javadoc] INFO  o.e.m.c.i.e.AbstractTransferListenerAdapter - Downloading https://repo.maven.apache.org/maven2/org/apache/tomcat/embed/tomcat-embed-websocket/10.1.26/tomcat-embed-websocket-10.1.26-sources.jar
2024-07-26 17:47:15,852 [Worker-9: Download sources and javadoc] INFO  o.e.m.c.i.e.AbstractTransferListenerAdapter - Downloaded https://repo.maven.apache.org/maven2/org/apache/tomcat/embed/tomcat-embed-websocket/10.1.26/tomcat-embed-websocket-10.1.26-sources.jar
2024-07-26 17:47:15,854 [Worker-9: Download sources and javadoc] INFO  o.e.m.j.internal.DownloadSourcesJob - Downloaded sources for org.apache.tomcat.embed:tomcat-embed-websocket:10.1.26
2024-07-26 17:47:15,865 [Worker-9: Download sources and javadoc] INFO  o.e.m.c.i.e.AbstractTransferListenerAdapter - Downloaded https://repo.maven.apache.org/maven2/org/apache/tomcat/embed/tomcat-embed-websocket/10.1.26/tomcat-embed-websocket-10.1.26-javadoc.jar
2024-07-26 17:47:15,870 [Worker-9: Download sources and javadoc] ERROR o.e.m.j.internal.DownloadSourcesJob - Could not download javadoc for org.apache.tomcat.embed:tomcat-embed-websocket:10.1.26
org.eclipse.core.runtime.CoreException: Could not resolve artifact org.apache.tomcat.embed:tomcat-embed-websocket:jar:javadoc:10.1.26
	at org.eclipse.m2e.core.internal.embedder.MavenImpl.lambda$6(MavenImpl.java:584)
	at org.eclipse.m2e.core.internal.embedder.MavenExecutionContext.executeBare(MavenExecutionContext.java:394)
	at org.eclipse.m2e.core.internal.embedder.MavenExecutionContext.execute(MavenExecutionContext.java:228)
	at org.eclipse.m2e.core.internal.embedder.MavenExecutionContext.execute(MavenExecutionContext.java:214)
	at org.eclipse.m2e.core.internal.embedder.MavenImpl.resolve(MavenImpl.java:553)
	at org.eclipse.m2e.core.internal.embedder.MavenImpl.resolve(MavenImpl.java:538)
	at org.eclipse.m2e.jdt.internal.DownloadSourcesJob.download(DownloadSourcesJob.java:308)
	at org.eclipse.m2e.jdt.internal.DownloadSourcesJob.downloadAttachments(DownloadSourcesJob.java:294)
	at org.eclipse.m2e.jdt.internal.DownloadSourcesJob.downloadMaven(DownloadSourcesJob.java:252)
	at org.eclipse.m2e.jdt.internal.DownloadSourcesJob.downloadFilesAndPopulateToUpdate(DownloadSourcesJob.java:220)
	at org.eclipse.m2e.jdt.internal.DownloadSourcesJob.lambda$0(DownloadSourcesJob.java:149)
	at org.eclipse.m2e.core.internal.embedder.MavenExecutionContext.executeBare(MavenExecutionContext.java:394)
	at org.eclipse.m2e.core.internal.embedder.MavenExecutionContext.execute(MavenExecutionContext.java:275)
	at org.eclipse.m2e.core.internal.embedder.MavenExecutionContext.execute(MavenExecutionContext.java:214)
	at org.eclipse.m2e.core.embedder.IMaven.execute(IMaven.java:294)
	at org.eclipse.m2e.jdt.internal.DownloadSourcesJob.run(DownloadSourcesJob.java:149)
	at org.eclipse.core.internal.jobs.Worker.run(Worker.java:63)
2024-07-26 17:47:15,908 [Worker-9: Download sources and javadoc] INFO  o.e.m.c.i.e.AbstractTransferListenerAdapter - Downloading https://repo.maven.apache.org/maven2/org/springframework/spring-web/6.1.11/spring-web-6.1.11-sources.jar
2024-07-26 17:47:15,961 [Worker-9: Download sources and javadoc] INFO  o.e.m.c.i.e.AbstractTransferListenerAdapter - Downloaded https://repo.maven.apache.org/maven2/org/springframework/spring-web/6.1.11/spring-web-6.1.11-sources.jar
2024-07-26 17:47:15,963 [Worker-9: Download sources and javadoc] INFO  o.e.m.j.internal.DownloadSourcesJob - Downloaded sources for org.springframework:spring-web:6.1.11
2024-07-26 17:47:15,978 [Worker-9: Download sources and javadoc] INFO  o.e.m.c.i.e.AbstractTransferListenerAdapter - Downloading https://repo.maven.apache.org/maven2/org/springframework/spring-web/6.1.11/spring-web-6.1.11-javadoc.jar
2024-07-26 17:47:16,052 [Worker-9: Download sources and javadoc] INFO  o.e.m.c.i.e.AbstractTransferListenerAdapter - Downloaded https://repo.maven.apache.org/maven2/org/springframework/spring-web/6.1.11/spring-web-6.1.11-javadoc.jar
2024-07-26 17:47:16,055 [Worker-9: Download sources and javadoc] INFO  o.e.m.j.internal.DownloadSourcesJob - Downloaded javadoc for org.springframework:spring-web:6.1.11
2024-07-26 17:47:16,097 [Worker-9: Download sources and javadoc] INFO  o.e.m.c.i.e.AbstractTransferListenerAdapter - Downloading https://repo.maven.apache.org/maven2/io/micrometer/micrometer-observation/1.13.2/micrometer-observation-1.13.2-sources.jar
2024-07-26 17:47:16,108 [Worker-9: Download sources and javadoc] INFO  o.e.m.c.i.e.AbstractTransferListenerAdapter - Downloaded https://repo.maven.apache.org/maven2/io/micrometer/micrometer-observation/1.13.2/micrometer-observation-1.13.2-sources.jar
2024-07-26 17:47:16,112 [Worker-9: Download sources and javadoc] INFO  o.e.m.j.internal.DownloadSourcesJob - Downloaded sources for io.micrometer:micrometer-observation:1.13.2
2024-07-26 17:47:16,125 [Worker-9: Download sources and javadoc] INFO  o.e.m.c.i.e.AbstractTransferListenerAdapter - Downloading https://repo.maven.apache.org/maven2/io/micrometer/micrometer-observation/1.13.2/micrometer-observation-1.13.2-javadoc.jar
2024-07-26 17:47:16,140 [Worker-9: Download sources and javadoc] INFO  o.e.m.c.i.e.AbstractTransferListenerAdapter - Downloaded https://repo.maven.apache.org/maven2/io/micrometer/micrometer-observation/1.13.2/micrometer-observation-1.13.2-javadoc.jar
2024-07-26 17:47:16,143 [Worker-9: Download sources and javadoc] INFO  o.e.m.j.internal.DownloadSourcesJob - Downloaded javadoc for io.micrometer:micrometer-observation:1.13.2
2024-07-26 17:47:16,176 [Worker-9: Download sources and javadoc] INFO  o.e.m.c.i.e.AbstractTransferListenerAdapter - Downloading https://repo.maven.apache.org/maven2/io/micrometer/micrometer-commons/1.13.2/micrometer-commons-1.13.2-sources.jar
2024-07-26 17:47:16,188 [Worker-9: Download sources and javadoc] INFO  o.e.m.c.i.e.AbstractTransferListenerAdapter - Downloaded https://repo.maven.apache.org/maven2/io/micrometer/micrometer-commons/1.13.2/micrometer-commons-1.13.2-sources.jar
2024-07-26 17:47:16,191 [Worker-9: Download sources and javadoc] INFO  o.e.m.j.internal.DownloadSourcesJob - Downloaded sources for io.micrometer:micrometer-commons:1.13.2
2024-07-26 17:47:16,202 [Worker-9: Download sources and javadoc] INFO  o.e.m.c.i.e.AbstractTransferListenerAdapter - Downloading https://repo.maven.apache.org/maven2/io/micrometer/micrometer-commons/1.13.2/micrometer-commons-1.13.2-javadoc.jar
2024-07-26 17:47:16,215 [Worker-9: Download sources and javadoc] INFO  o.e.m.c.i.e.AbstractTransferListenerAdapter - Downloaded https://repo.maven.apache.org/maven2/io/micrometer/micrometer-commons/1.13.2/micrometer-commons-1.13.2-javadoc.jar
2024-07-26 17:47:16,218 [Worker-9: Download sources and javadoc] INFO  o.e.m.j.internal.DownloadSourcesJob - Downloaded javadoc for io.micrometer:micrometer-commons:1.13.2
2024-07-26 17:47:16,256 [Worker-9: Download sources and javadoc] INFO  o.e.m.c.i.e.AbstractTransferListenerAdapter - Downloading https://repo.maven.apache.org/maven2/org/springframework/spring-webmvc/6.1.11/spring-webmvc-6.1.11-sources.jar
2024-07-26 17:47:16,308 [Worker-9: Download sources and javadoc] INFO  o.e.m.c.i.e.AbstractTransferListenerAdapter - Downloaded https://repo.maven.apache.org/maven2/org/springframework/spring-webmvc/6.1.11/spring-webmvc-6.1.11-sources.jar
2024-07-26 17:47:16,313 [Worker-9: Download sources and javadoc] INFO  o.e.m.j.internal.DownloadSourcesJob - Downloaded sources for org.springframework:spring-webmvc:6.1.11
2024-07-26 17:47:16,337 [Worker-9: Download sources and javadoc] INFO  o.e.m.c.i.e.AbstractTransferListenerAdapter - Downloading https://repo.maven.apache.org/maven2/org/springframework/spring-webmvc/6.1.11/spring-webmvc-6.1.11-javadoc.jar
2024-07-26 17:47:16,388 [Worker-9: Download sources and javadoc] INFO  o.e.m.c.i.e.AbstractTransferListenerAdapter - Downloaded https://repo.maven.apache.org/maven2/org/springframework/spring-webmvc/6.1.11/spring-webmvc-6.1.11-javadoc.jar
2024-07-26 17:47:16,393 [Worker-9: Download sources and javadoc] INFO  o.e.m.j.internal.DownloadSourcesJob - Downloaded javadoc for org.springframework:spring-webmvc:6.1.11
2024-07-26 17:47:16,428 [Worker-9: Download sources and javadoc] INFO  o.e.m.c.i.e.AbstractTransferListenerAdapter - Downloading https://repo.maven.apache.org/maven2/org/springframework/spring-expression/6.1.11/spring-expression-6.1.11-sources.jar
2024-07-26 17:47:16,450 [Worker-9: Download sources and javadoc] INFO  o.e.m.c.i.e.AbstractTransferListenerAdapter - Downloaded https://repo.maven.apache.org/maven2/org/springframework/spring-expression/6.1.11/spring-expression-6.1.11-sources.jar
2024-07-26 17:47:16,454 [Worker-9: Download sources and javadoc] INFO  o.e.m.j.internal.DownloadSourcesJob - Downloaded sources for org.springframework:spring-expression:6.1.11
2024-07-26 17:47:16,465 [Worker-9: Download sources and javadoc] INFO  o.e.m.c.i.e.AbstractTransferListenerAdapter - Downloading https://repo.maven.apache.org/maven2/org/springframework/spring-expression/6.1.11/spring-expression-6.1.11-javadoc.jar
2024-07-26 17:47:16,490 [Worker-9: Download sources and javadoc] INFO  o.e.m.c.i.e.AbstractTransferListenerAdapter - Downloaded https://repo.maven.apache.org/maven2/org/springframework/spring-expression/6.1.11/spring-expression-6.1.11-javadoc.jar
2024-07-26 17:47:16,494 [Worker-9: Download sources and javadoc] INFO  o.e.m.j.internal.DownloadSourcesJob - Downloaded javadoc for org.springframework:spring-expression:6.1.11
2024-07-26 17:47:16,529 [Worker-9: Download sources and javadoc] INFO  o.e.m.c.i.e.AbstractTransferListenerAdapter - Downloading https://repo.maven.apache.org/maven2/org/projectlombok/lombok/1.18.34/lombok-1.18.34-sources.jar
2024-07-26 17:47:16,577 [Worker-9: Download sources and javadoc] INFO  o.e.m.c.i.e.AbstractTransferListenerAdapter - Downloaded https://repo.maven.apache.org/maven2/org/projectlombok/lombok/1.18.34/lombok-1.18.34-sources.jar
2024-07-26 17:47:16,580 [Worker-9: Download sources and javadoc] INFO  o.e.m.j.internal.DownloadSourcesJob - Downloaded sources for org.projectlombok:lombok:1.18.34
2024-07-26 17:47:16,591 [Worker-9: Download sources and javadoc] INFO  o.e.m.c.i.e.AbstractTransferListenerAdapter - Downloading https://repo.maven.apache.org/maven2/org/projectlombok/lombok/1.18.34/lombok-1.18.34-javadoc.jar
2024-07-26 17:47:16,598 [Worker-9: Download sources and javadoc] INFO  o.e.m.c.i.e.AbstractTransferListenerAdapter - Downloaded https://repo.maven.apache.org/maven2/org/projectlombok/lombok/1.18.34/lombok-1.18.34-javadoc.jar
2024-07-26 17:47:16,601 [Worker-9: Download sources and javadoc] INFO  o.e.m.j.internal.DownloadSourcesJob - Downloaded javadoc for org.projectlombok:lombok:1.18.34
2024-07-26 17:47:16,632 [Worker-9: Download sources and javadoc] INFO  o.e.m.c.i.e.AbstractTransferListenerAdapter - Downloading https://repo.maven.apache.org/maven2/org/springframework/boot/spring-boot-starter-test/3.3.2/spring-boot-starter-test-3.3.2-sources.jar
2024-07-26 17:47:16,634 [Worker-9: Download sources and javadoc] INFO  o.e.m.c.i.e.AbstractTransferListenerAdapter - Downloaded https://repo.maven.apache.org/maven2/org/springframework/boot/spring-boot-starter-test/3.3.2/spring-boot-starter-test-3.3.2-sources.jar
2024-07-26 17:47:16,637 [Worker-9: Download sources and javadoc] INFO  o.e.m.j.internal.DownloadSourcesJob - Downloaded sources for org.springframework.boot:spring-boot-starter-test:3.3.2
2024-07-26 17:47:16,647 [Worker-9: Download sources and javadoc] INFO  o.e.m.c.i.e.AbstractTransferListenerAdapter - Downloading https://repo.maven.apache.org/maven2/org/springframework/boot/spring-boot-starter-test/3.3.2/spring-boot-starter-test-3.3.2-javadoc.jar
2024-07-26 17:47:16,650 [Worker-9: Download sources and javadoc] INFO  o.e.m.c.i.e.AbstractTransferListenerAdapter - Downloaded https://repo.maven.apache.org/maven2/org/springframework/boot/spring-boot-starter-test/3.3.2/spring-boot-starter-test-3.3.2-javadoc.jar
2024-07-26 17:47:16,653 [Worker-9: Download sources and javadoc] INFO  o.e.m.j.internal.DownloadSourcesJob - Downloaded javadoc for org.springframework.boot:spring-boot-starter-test:3.3.2
2024-07-26 17:47:16,689 [Worker-9: Download sources and javadoc] INFO  o.e.m.c.i.e.AbstractTransferListenerAdapter - Downloading https://repo.maven.apache.org/maven2/org/springframework/boot/spring-boot-test/3.3.2/spring-boot-test-3.3.2-sources.jar
2024-07-26 17:47:16,709 [Worker-9: Download sources and javadoc] INFO  o.e.m.c.i.e.AbstractTransferListenerAdapter - Downloaded https://repo.maven.apache.org/maven2/org/springframework/boot/spring-boot-test/3.3.2/spring-boot-test-3.3.2-sources.jar
2024-07-26 17:47:16,711 [Worker-9: Download sources and javadoc] INFO  o.e.m.j.internal.DownloadSourcesJob - Downloaded sources for org.springframework.boot:spring-boot-test:3.3.2
2024-07-26 17:47:16,725 [Worker-9: Download sources and javadoc] INFO  o.e.m.c.i.e.AbstractTransferListenerAdapter - Downloading https://repo.maven.apache.org/maven2/org/springframework/boot/spring-boot-test/3.3.2/spring-boot-test-3.3.2-javadoc.jar
2024-07-26 17:47:16,736 [Worker-9: Download sources and javadoc] INFO  o.e.m.c.i.e.AbstractTransferListenerAdapter - Downloaded https://repo.maven.apache.org/maven2/org/springframework/boot/spring-boot-test/3.3.2/spring-boot-test-3.3.2-javadoc.jar
2024-07-26 17:47:16,739 [Worker-9: Download sources and javadoc] INFO  o.e.m.j.internal.DownloadSourcesJob - Downloaded javadoc for org.springframework.boot:spring-boot-test:3.3.2
2024-07-26 17:47:16,771 [Worker-9: Download sources and javadoc] INFO  o.e.m.c.i.e.AbstractTransferListenerAdapter - Downloading https://repo.maven.apache.org/maven2/org/springframework/boot/spring-boot-test-autoconfigure/3.3.2/spring-boot-test-autoconfigure-3.3.2-sources.jar
2024-07-26 17:47:16,790 [Worker-9: Download sources and javadoc] INFO  o.e.m.c.i.e.AbstractTransferListenerAdapter - Downloaded https://repo.maven.apache.org/maven2/org/springframework/boot/spring-boot-test-autoconfigure/3.3.2/spring-boot-test-autoconfigure-3.3.2-sources.jar
2024-07-26 17:47:16,792 [Worker-9: Download sources and javadoc] INFO  o.e.m.j.internal.DownloadSourcesJob - Downloaded sources for org.springframework.boot:spring-boot-test-autoconfigure:3.3.2
2024-07-26 17:47:16,803 [Worker-9: Download sources and javadoc] INFO  o.e.m.c.i.e.AbstractTransferListenerAdapter - Downloading https://repo.maven.apache.org/maven2/org/springframework/boot/spring-boot-test-autoconfigure/3.3.2/spring-boot-test-autoconfigure-3.3.2-javadoc.jar
2024-07-26 17:47:16,816 [Worker-9: Download sources and javadoc] INFO  o.e.m.c.i.e.AbstractTransferListenerAdapter - Downloaded https://repo.maven.apache.org/maven2/org/springframework/boot/spring-boot-test-autoconfigure/3.3.2/spring-boot-test-autoconfigure-3.3.2-javadoc.jar
2024-07-26 17:47:16,820 [Worker-9: Download sources and javadoc] INFO  o.e.m.j.internal.DownloadSourcesJob - Downloaded javadoc for org.springframework.boot:spring-boot-test-autoconfigure:3.3.2
2024-07-26 17:47:16,856 [Worker-9: Download sources and javadoc] INFO  o.e.m.c.i.e.AbstractTransferListenerAdapter - Downloading https://repo.maven.apache.org/maven2/com/jayway/jsonpath/json-path/2.9.0/json-path-2.9.0-sources.jar
2024-07-26 17:47:16,874 [Worker-9: Download sources and javadoc] INFO  o.e.m.c.i.e.AbstractTransferListenerAdapter - Downloaded https://repo.maven.apache.org/maven2/com/jayway/jsonpath/json-path/2.9.0/json-path-2.9.0-sources.jar
2024-07-26 17:47:16,876 [Worker-9: Download sources and javadoc] INFO  o.e.m.j.internal.DownloadSourcesJob - Downloaded sources for com.jayway.jsonpath:json-path:2.9.0
2024-07-26 17:47:16,887 [Worker-9: Download sources and javadoc] INFO  o.e.m.c.i.e.AbstractTransferListenerAdapter - Downloading https://repo.maven.apache.org/maven2/com/jayway/jsonpath/json-path/2.9.0/json-path-2.9.0-javadoc.jar
2024-07-26 17:47:16,912 [Worker-9: Download sources and javadoc] INFO  o.e.m.c.i.e.AbstractTransferListenerAdapter - Downloaded https://repo.maven.apache.org/maven2/com/jayway/jsonpath/json-path/2.9.0/json-path-2.9.0-javadoc.jar
2024-07-26 17:47:16,916 [Worker-9: Download sources and javadoc] INFO  o.e.m.j.internal.DownloadSourcesJob - Downloaded javadoc for com.jayway.jsonpath:json-path:2.9.0
2024-07-26 17:47:16,958 [Worker-9: Download sources and javadoc] INFO  o.e.m.c.i.e.AbstractTransferListenerAdapter - Downloading https://repo.maven.apache.org/maven2/jakarta/xml/bind/jakarta.xml.bind-api/4.0.2/jakarta.xml.bind-api-4.0.2-sources.jar
2024-07-26 17:47:16,979 [Worker-9: Download sources and javadoc] INFO  o.e.m.c.i.e.AbstractTransferListenerAdapter - Downloaded https://repo.maven.apache.org/maven2/jakarta/xml/bind/jakarta.xml.bind-api/4.0.2/jakarta.xml.bind-api-4.0.2-sources.jar
2024-07-26 17:47:16,982 [Worker-9: Download sources and javadoc] INFO  o.e.m.j.internal.DownloadSourcesJob - Downloaded sources for jakarta.xml.bind:jakarta.xml.bind-api:4.0.2
2024-07-26 17:47:16,994 [Worker-9: Download sources and javadoc] INFO  o.e.m.c.i.e.AbstractTransferListenerAdapter - Downloading https://repo.maven.apache.org/maven2/jakarta/xml/bind/jakarta.xml.bind-api/4.0.2/jakarta.xml.bind-api-4.0.2-javadoc.jar
2024-07-26 17:47:17,012 [Worker-9: Download sources and javadoc] INFO  o.e.m.c.i.e.AbstractTransferListenerAdapter - Downloaded https://repo.maven.apache.org/maven2/jakarta/xml/bind/jakarta.xml.bind-api/4.0.2/jakarta.xml.bind-api-4.0.2-javadoc.jar
2024-07-26 17:47:17,016 [Worker-9: Download sources and javadoc] INFO  o.e.m.j.internal.DownloadSourcesJob - Downloaded javadoc for jakarta.xml.bind:jakarta.xml.bind-api:4.0.2
2024-07-26 17:47:17,049 [Worker-9: Download sources and javadoc] INFO  o.e.m.c.i.e.AbstractTransferListenerAdapter - Downloading https://repo.maven.apache.org/maven2/jakarta/activation/jakarta.activation-api/2.1.3/jakarta.activation-api-2.1.3-sources.jar
2024-07-26 17:47:17,059 [Worker-9: Download sources and javadoc] INFO  o.e.m.c.i.e.AbstractTransferListenerAdapter - Downloaded https://repo.maven.apache.org/maven2/jakarta/activation/jakarta.activation-api/2.1.3/jakarta.activation-api-2.1.3-sources.jar
2024-07-26 17:47:17,061 [Worker-9: Download sources and javadoc] INFO  o.e.m.j.internal.DownloadSourcesJob - Downloaded sources for jakarta.activation:jakarta.activation-api:2.1.3
2024-07-26 17:47:17,071 [Worker-9: Download sources and javadoc] INFO  o.e.m.c.i.e.AbstractTransferListenerAdapter - Downloading https://repo.maven.apache.org/maven2/jakarta/activation/jakarta.activation-api/2.1.3/jakarta.activation-api-2.1.3-javadoc.jar
2024-07-26 17:47:17,096 [Worker-9: Download sources and javadoc] INFO  o.e.m.c.i.e.AbstractTransferListenerAdapter - Downloaded https://repo.maven.apache.org/maven2/jakarta/activation/jakarta.activation-api/2.1.3/jakarta.activation-api-2.1.3-javadoc.jar
2024-07-26 17:47:17,099 [Worker-9: Download sources and javadoc] INFO  o.e.m.j.internal.DownloadSourcesJob - Downloaded javadoc for jakarta.activation:jakarta.activation-api:2.1.3
2024-07-26 17:47:17,130 [Worker-9: Download sources and javadoc] INFO  o.e.m.c.i.e.AbstractTransferListenerAdapter - Downloading https://repo.maven.apache.org/maven2/net/minidev/json-smart/2.5.1/json-smart-2.5.1-sources.jar
2024-07-26 17:47:17,142 [Worker-9: Download sources and javadoc] INFO  o.e.m.c.i.e.AbstractTransferListenerAdapter - Downloaded https://repo.maven.apache.org/maven2/net/minidev/json-smart/2.5.1/json-smart-2.5.1-sources.jar
2024-07-26 17:47:17,144 [Worker-9: Download sources and javadoc] INFO  o.e.m.j.internal.DownloadSourcesJob - Downloaded sources for net.minidev:json-smart:2.5.1
2024-07-26 17:47:17,155 [Worker-9: Download sources and javadoc] INFO  o.e.m.c.i.e.AbstractTransferListenerAdapter - Downloading https://repo.maven.apache.org/maven2/net/minidev/json-smart/2.5.1/json-smart-2.5.1-javadoc.jar
2024-07-26 17:47:17,171 [Worker-9: Download sources and javadoc] INFO  o.e.m.c.i.e.AbstractTransferListenerAdapter - Downloaded https://repo.maven.apache.org/maven2/net/minidev/json-smart/2.5.1/json-smart-2.5.1-javadoc.jar
2024-07-26 17:47:17,174 [Worker-9: Download sources and javadoc] INFO  o.e.m.j.internal.DownloadSourcesJob - Downloaded javadoc for net.minidev:json-smart:2.5.1
2024-07-26 17:47:17,207 [Worker-9: Download sources and javadoc] INFO  o.e.m.c.i.e.AbstractTransferListenerAdapter - Downloading https://repo.maven.apache.org/maven2/net/minidev/accessors-smart/2.5.1/accessors-smart-2.5.1-sources.jar
2024-07-26 17:47:17,211 [Worker-9: Download sources and javadoc] INFO  o.e.m.c.i.e.AbstractTransferListenerAdapter - Downloaded https://repo.maven.apache.org/maven2/net/minidev/accessors-smart/2.5.1/accessors-smart-2.5.1-sources.jar
2024-07-26 17:47:17,213 [Worker-9: Download sources and javadoc] INFO  o.e.m.j.internal.DownloadSourcesJob - Downloaded sources for net.minidev:accessors-smart:2.5.1
2024-07-26 17:47:17,225 [Worker-9: Download sources and javadoc] INFO  o.e.m.c.i.e.AbstractTransferListenerAdapter - Downloading https://repo.maven.apache.org/maven2/net/minidev/accessors-smart/2.5.1/accessors-smart-2.5.1-javadoc.jar
2024-07-26 17:47:17,244 [Worker-9: Download sources and javadoc] INFO  o.e.m.c.i.e.AbstractTransferListenerAdapter - Downloaded https://repo.maven.apache.org/maven2/net/minidev/accessors-smart/2.5.1/accessors-smart-2.5.1-javadoc.jar
2024-07-26 17:47:17,246 [Worker-9: Download sources and javadoc] INFO  o.e.m.j.internal.DownloadSourcesJob - Downloaded javadoc for net.minidev:accessors-smart:2.5.1
2024-07-26 17:47:17,284 [Worker-9: Download sources and javadoc] INFO  o.e.m.c.i.e.AbstractTransferListenerAdapter - Downloading https://repo.maven.apache.org/maven2/org/ow2/asm/asm/9.6/asm-9.6-sources.jar
2024-07-26 17:47:17,306 [Worker-9: Download sources and javadoc] INFO  o.e.m.c.i.e.AbstractTransferListenerAdapter - Downloaded https://repo.maven.apache.org/maven2/org/ow2/asm/asm/9.6/asm-9.6-sources.jar
2024-07-26 17:47:17,309 [Worker-9: Download sources and javadoc] INFO  o.e.m.j.internal.DownloadSourcesJob - Downloaded sources for org.ow2.asm:asm:9.6
2024-07-26 17:47:17,321 [Worker-9: Download sources and javadoc] INFO  o.e.m.c.i.e.AbstractTransferListenerAdapter - Downloading https://repo.maven.apache.org/maven2/org/ow2/asm/asm/9.6/asm-9.6-javadoc.jar
2024-07-26 17:47:17,327 [Worker-9: Download sources and javadoc] INFO  o.e.m.c.i.e.AbstractTransferListenerAdapter - Downloaded https://repo.maven.apache.org/maven2/org/ow2/asm/asm/9.6/asm-9.6-javadoc.jar
2024-07-26 17:47:17,330 [Worker-9: Download sources and javadoc] INFO  o.e.m.j.internal.DownloadSourcesJob - Downloaded javadoc for org.ow2.asm:asm:9.6
2024-07-26 17:47:17,367 [Worker-9: Download sources and javadoc] INFO  o.e.m.c.i.e.AbstractTransferListenerAdapter - Downloading https://repo.maven.apache.org/maven2/org/assertj/assertj-core/3.25.3/assertj-core-3.25.3-sources.jar
2024-07-26 17:47:17,419 [Worker-9: Download sources and javadoc] INFO  o.e.m.c.i.e.AbstractTransferListenerAdapter - Downloaded https://repo.maven.apache.org/maven2/org/assertj/assertj-core/3.25.3/assertj-core-3.25.3-sources.jar
2024-07-26 17:47:17,420 [Worker-9: Download sources and javadoc] INFO  o.e.m.j.internal.DownloadSourcesJob - Downloaded sources for org.assertj:assertj-core:3.25.3
2024-07-26 17:47:17,434 [Worker-9: Download sources and javadoc] INFO  o.e.m.c.i.e.AbstractTransferListenerAdapter - Downloading https://repo.maven.apache.org/maven2/org/assertj/assertj-core/3.25.3/assertj-core-3.25.3-javadoc.jar
2024-07-26 17:47:17,522 [Worker-9: Download sources and javadoc] INFO  o.e.m.c.i.e.AbstractTransferListenerAdapter - Downloaded https://repo.maven.apache.org/maven2/org/assertj/assertj-core/3.25.3/assertj-core-3.25.3-javadoc.jar
2024-07-26 17:47:17,525 [Worker-9: Download sources and javadoc] INFO  o.e.m.j.internal.DownloadSourcesJob - Downloaded javadoc for org.assertj:assertj-core:3.25.3
2024-07-26 17:47:17,562 [Worker-9: Download sources and javadoc] INFO  o.e.m.c.i.e.AbstractTransferListenerAdapter - Downloading https://repo.maven.apache.org/maven2/org/awaitility/awaitility/4.2.1/awaitility-4.2.1-sources.jar
2024-07-26 17:47:17,577 [Worker-9: Download sources and javadoc] INFO  o.e.m.c.i.e.AbstractTransferListenerAdapter - Downloaded https://repo.maven.apache.org/maven2/org/awaitility/awaitility/4.2.1/awaitility-4.2.1-sources.jar
2024-07-26 17:47:17,578 [Worker-9: Download sources and javadoc] INFO  o.e.m.j.internal.DownloadSourcesJob - Downloaded sources for org.awaitility:awaitility:4.2.1
2024-07-26 17:47:17,590 [Worker-9: Download sources and javadoc] INFO  o.e.m.c.i.e.AbstractTransferListenerAdapter - Downloading https://repo.maven.apache.org/maven2/org/awaitility/awaitility/4.2.1/awaitility-4.2.1-javadoc.jar
2024-07-26 17:47:17,606 [Worker-9: Download sources and javadoc] INFO  o.e.m.c.i.e.AbstractTransferListenerAdapter - Downloaded https://repo.maven.apache.org/maven2/org/awaitility/awaitility/4.2.1/awaitility-4.2.1-javadoc.jar
2024-07-26 17:47:17,609 [Worker-9: Download sources and javadoc] INFO  o.e.m.j.internal.DownloadSourcesJob - Downloaded javadoc for org.awaitility:awaitility:4.2.1
2024-07-26 17:47:17,644 [Worker-9: Download sources and javadoc] INFO  o.e.m.c.i.e.AbstractTransferListenerAdapter - Downloading https://repo.maven.apache.org/maven2/org/junit/jupiter/junit-jupiter/5.10.3/junit-jupiter-5.10.3-sources.jar
2024-07-26 17:47:17,647 [Worker-9: Download sources and javadoc] INFO  o.e.m.c.i.e.AbstractTransferListenerAdapter - Downloaded https://repo.maven.apache.org/maven2/org/junit/jupiter/junit-jupiter/5.10.3/junit-jupiter-5.10.3-sources.jar
2024-07-26 17:47:17,650 [Worker-9: Download sources and javadoc] INFO  o.e.m.j.internal.DownloadSourcesJob - Downloaded sources for org.junit.jupiter:junit-jupiter:5.10.3
2024-07-26 17:47:17,662 [Worker-9: Download sources and javadoc] INFO  o.e.m.c.i.e.AbstractTransferListenerAdapter - Downloading https://repo.maven.apache.org/maven2/org/junit/jupiter/junit-jupiter/5.10.3/junit-jupiter-5.10.3-javadoc.jar
2024-07-26 17:47:17,665 [Worker-9: Download sources and javadoc] INFO  o.e.m.c.i.e.AbstractTransferListenerAdapter - Downloaded https://repo.maven.apache.org/maven2/org/junit/jupiter/junit-jupiter/5.10.3/junit-jupiter-5.10.3-javadoc.jar
2024-07-26 17:47:17,668 [Worker-9: Download sources and javadoc] INFO  o.e.m.j.internal.DownloadSourcesJob - Downloaded javadoc for org.junit.jupiter:junit-jupiter:5.10.3
2024-07-26 17:47:17,709 [Worker-9: Download sources and javadoc] INFO  o.e.m.c.i.e.AbstractTransferListenerAdapter - Downloading https://repo.maven.apache.org/maven2/org/junit/jupiter/junit-jupiter-api/5.10.3/junit-jupiter-api-5.10.3-sources.jar
2024-07-26 17:47:17,730 [Worker-9: Download sources and javadoc] INFO  o.e.m.c.i.e.AbstractTransferListenerAdapter - Downloaded https://repo.maven.apache.org/maven2/org/junit/jupiter/junit-jupiter-api/5.10.3/junit-jupiter-api-5.10.3-sources.jar
2024-07-26 17:47:17,733 [Worker-9: Download sources and javadoc] INFO  o.e.m.j.internal.DownloadSourcesJob - Downloaded sources for org.junit.jupiter:junit-jupiter-api:5.10.3
2024-07-26 17:47:17,745 [Worker-9: Download sources and javadoc] INFO  o.e.m.c.i.e.AbstractTransferListenerAdapter - Downloading https://repo.maven.apache.org/maven2/org/junit/jupiter/junit-jupiter-api/5.10.3/junit-jupiter-api-5.10.3-javadoc.jar
2024-07-26 17:47:17,773 [Worker-9: Download sources and javadoc] INFO  o.e.m.c.i.e.AbstractTransferListenerAdapter - Downloaded https://repo.maven.apache.org/maven2/org/junit/jupiter/junit-jupiter-api/5.10.3/junit-jupiter-api-5.10.3-javadoc.jar
2024-07-26 17:47:17,776 [Worker-9: Download sources and javadoc] INFO  o.e.m.j.internal.DownloadSourcesJob - Downloaded javadoc for org.junit.jupiter:junit-jupiter-api:5.10.3
2024-07-26 17:47:17,813 [Worker-9: Download sources and javadoc] INFO  o.e.m.c.i.e.AbstractTransferListenerAdapter - Downloading https://repo.maven.apache.org/maven2/org/junit/platform/junit-platform-commons/1.10.3/junit-platform-commons-1.10.3-sources.jar
2024-07-26 17:47:17,826 [Worker-9: Download sources and javadoc] INFO  o.e.m.c.i.e.AbstractTransferListenerAdapter - Downloaded https://repo.maven.apache.org/maven2/org/junit/platform/junit-platform-commons/1.10.3/junit-platform-commons-1.10.3-sources.jar
2024-07-26 17:47:17,829 [Worker-9: Download sources and javadoc] INFO  o.e.m.j.internal.DownloadSourcesJob - Downloaded sources for org.junit.platform:junit-platform-commons:1.10.3
2024-07-26 17:47:17,859 [Worker-9: Download sources and javadoc] INFO  o.e.m.c.i.e.AbstractTransferListenerAdapter - Downloading https://repo.maven.apache.org/maven2/org/junit/platform/junit-platform-commons/1.10.3/junit-platform-commons-1.10.3-javadoc.jar
2024-07-26 17:47:17,864 [Worker-9: Download sources and javadoc] INFO  o.e.m.c.i.e.AbstractTransferListenerAdapter - Downloaded https://repo.maven.apache.org/maven2/org/junit/platform/junit-platform-commons/1.10.3/junit-platform-commons-1.10.3-javadoc.jar
2024-07-26 17:47:17,868 [Worker-9: Download sources and javadoc] INFO  o.e.m.j.internal.DownloadSourcesJob - Downloaded javadoc for org.junit.platform:junit-platform-commons:1.10.3
2024-07-26 17:47:17,905 [Worker-9: Download sources and javadoc] INFO  o.e.m.c.i.e.AbstractTransferListenerAdapter - Downloading https://repo.maven.apache.org/maven2/org/junit/jupiter/junit-jupiter-params/5.10.3/junit-jupiter-params-5.10.3-sources.jar
2024-07-26 17:47:17,919 [Worker-9: Download sources and javadoc] INFO  o.e.m.c.i.e.AbstractTransferListenerAdapter - Downloaded https://repo.maven.apache.org/maven2/org/junit/jupiter/junit-jupiter-params/5.10.3/junit-jupiter-params-5.10.3-sources.jar
2024-07-26 17:47:17,923 [Worker-9: Download sources and javadoc] INFO  o.e.m.j.internal.DownloadSourcesJob - Downloaded sources for org.junit.jupiter:junit-jupiter-params:5.10.3
2024-07-26 17:47:17,934 [Worker-9: Download sources and javadoc] INFO  o.e.m.c.i.e.AbstractTransferListenerAdapter - Downloading https://repo.maven.apache.org/maven2/org/junit/jupiter/junit-jupiter-params/5.10.3/junit-jupiter-params-5.10.3-javadoc.jar
2024-07-26 17:47:17,949 [Worker-9: Download sources and javadoc] INFO  o.e.m.c.i.e.AbstractTransferListenerAdapter - Downloaded https://repo.maven.apache.org/maven2/org/junit/jupiter/junit-jupiter-params/5.10.3/junit-jupiter-params-5.10.3-javadoc.jar
2024-07-26 17:47:17,952 [Worker-9: Download sources and javadoc] INFO  o.e.m.j.internal.DownloadSourcesJob - Downloaded javadoc for org.junit.jupiter:junit-jupiter-params:5.10.3
2024-07-26 17:47:17,986 [Worker-9: Download sources and javadoc] INFO  o.e.m.c.i.e.AbstractTransferListenerAdapter - Downloading https://repo.maven.apache.org/maven2/org/junit/jupiter/junit-jupiter-engine/5.10.3/junit-jupiter-engine-5.10.3-sources.jar
2024-07-26 17:47:18,010 [Worker-9: Download sources and javadoc] INFO  o.e.m.c.i.e.AbstractTransferListenerAdapter - Downloaded https://repo.maven.apache.org/maven2/org/junit/jupiter/junit-jupiter-engine/5.10.3/junit-jupiter-engine-5.10.3-sources.jar
2024-07-26 17:47:18,013 [Worker-9: Download sources and javadoc] INFO  o.e.m.j.internal.DownloadSourcesJob - Downloaded sources for org.junit.jupiter:junit-jupiter-engine:5.10.3
2024-07-26 17:47:18,025 [Worker-9: Download sources and javadoc] INFO  o.e.m.c.i.e.AbstractTransferListenerAdapter - Downloading https://repo.maven.apache.org/maven2/org/junit/jupiter/junit-jupiter-engine/5.10.3/junit-jupiter-engine-5.10.3-javadoc.jar
2024-07-26 17:47:18,039 [Worker-9: Download sources and javadoc] INFO  o.e.m.c.i.e.AbstractTransferListenerAdapter - Downloaded https://repo.maven.apache.org/maven2/org/junit/jupiter/junit-jupiter-engine/5.10.3/junit-jupiter-engine-5.10.3-javadoc.jar
2024-07-26 17:47:18,042 [Worker-9: Download sources and javadoc] INFO  o.e.m.j.internal.DownloadSourcesJob - Downloaded javadoc for org.junit.jupiter:junit-jupiter-engine:5.10.3
2024-07-26 17:47:18,074 [Worker-9: Download sources and javadoc] INFO  o.e.m.c.i.e.AbstractTransferListenerAdapter - Downloading https://repo.maven.apache.org/maven2/org/junit/platform/junit-platform-engine/1.10.3/junit-platform-engine-1.10.3-sources.jar
2024-07-26 17:47:18,092 [Worker-9: Download sources and javadoc] INFO  o.e.m.c.i.e.AbstractTransferListenerAdapter - Downloaded https://repo.maven.apache.org/maven2/org/junit/platform/junit-platform-engine/1.10.3/junit-platform-engine-1.10.3-sources.jar
2024-07-26 17:47:18,094 [Worker-9: Download sources and javadoc] INFO  o.e.m.j.internal.DownloadSourcesJob - Downloaded sources for org.junit.platform:junit-platform-engine:1.10.3
2024-07-26 17:47:18,110 [Worker-9: Download sources and javadoc] INFO  o.e.m.c.i.e.AbstractTransferListenerAdapter - Downloading https://repo.maven.apache.org/maven2/org/junit/platform/junit-platform-engine/1.10.3/junit-platform-engine-1.10.3-javadoc.jar
2024-07-26 17:47:18,129 [Worker-9: Download sources and javadoc] INFO  o.e.m.c.i.e.AbstractTransferListenerAdapter - Downloaded https://repo.maven.apache.org/maven2/org/junit/platform/junit-platform-engine/1.10.3/junit-platform-engine-1.10.3-javadoc.jar
2024-07-26 17:47:18,132 [Worker-9: Download sources and javadoc] INFO  o.e.m.j.internal.DownloadSourcesJob - Downloaded javadoc for org.junit.platform:junit-platform-engine:1.10.3
2024-07-26 17:47:18,165 [Worker-9: Download sources and javadoc] INFO  o.e.m.c.i.e.AbstractTransferListenerAdapter - Downloading https://repo.maven.apache.org/maven2/org/mockito/mockito-core/5.11.0/mockito-core-5.11.0-sources.jar
2024-07-26 17:47:18,200 [Worker-9: Download sources and javadoc] INFO  o.e.m.c.i.e.AbstractTransferListenerAdapter - Downloaded https://repo.maven.apache.org/maven2/org/mockito/mockito-core/5.11.0/mockito-core-5.11.0-sources.jar
2024-07-26 17:47:18,203 [Worker-9: Download sources and javadoc] INFO  o.e.m.j.internal.DownloadSourcesJob - Downloaded sources for org.mockito:mockito-core:5.11.0
2024-07-26 17:47:18,214 [Worker-9: Download sources and javadoc] INFO  o.e.m.c.i.e.AbstractTransferListenerAdapter - Downloading https://repo.maven.apache.org/maven2/org/mockito/mockito-core/5.11.0/mockito-core-5.11.0-javadoc.jar
2024-07-26 17:47:18,237 [Worker-9: Download sources and javadoc] INFO  o.e.m.c.i.e.AbstractTransferListenerAdapter - Downloaded https://repo.maven.apache.org/maven2/org/mockito/mockito-core/5.11.0/mockito-core-5.11.0-javadoc.jar
2024-07-26 17:47:18,241 [Worker-9: Download sources and javadoc] INFO  o.e.m.j.internal.DownloadSourcesJob - Downloaded javadoc for org.mockito:mockito-core:5.11.0
2024-07-26 17:47:18,272 [Worker-9: Download sources and javadoc] INFO  o.e.m.c.i.e.AbstractTransferListenerAdapter - Downloading https://repo.maven.apache.org/maven2/net/bytebuddy/byte-buddy-agent/1.14.18/byte-buddy-agent-1.14.18-sources.jar
2024-07-26 17:47:18,291 [Worker-9: Download sources and javadoc] INFO  o.e.m.c.i.e.AbstractTransferListenerAdapter - Downloaded https://repo.maven.apache.org/maven2/net/bytebuddy/byte-buddy-agent/1.14.18/byte-buddy-agent-1.14.18-sources.jar
2024-07-26 17:47:18,294 [Worker-9: Download sources and javadoc] INFO  o.e.m.j.internal.DownloadSourcesJob - Downloaded sources for net.bytebuddy:byte-buddy-agent:1.14.18
2024-07-26 17:47:18,303 [Worker-9: Download sources and javadoc] INFO  o.e.m.c.i.e.AbstractTransferListenerAdapter - Downloading https://repo.maven.apache.org/maven2/net/bytebuddy/byte-buddy-agent/1.14.18/byte-buddy-agent-1.14.18-javadoc.jar
2024-07-26 17:47:18,320 [Worker-9: Download sources and javadoc] INFO  o.e.m.c.i.e.AbstractTransferListenerAdapter - Downloaded https://repo.maven.apache.org/maven2/net/bytebuddy/byte-buddy-agent/1.14.18/byte-buddy-agent-1.14.18-javadoc.jar
2024-07-26 17:47:18,326 [Worker-9: Download sources and javadoc] INFO  o.e.m.j.internal.DownloadSourcesJob - Downloaded javadoc for net.bytebuddy:byte-buddy-agent:1.14.18
2024-07-26 17:47:18,364 [Worker-9: Download sources and javadoc] INFO  o.e.m.c.i.e.AbstractTransferListenerAdapter - Downloading https://repo.maven.apache.org/maven2/org/mockito/mockito-junit-jupiter/5.11.0/mockito-junit-jupiter-5.11.0-sources.jar
2024-07-26 17:47:18,366 [Worker-9: Download sources and javadoc] INFO  o.e.m.c.i.e.AbstractTransferListenerAdapter - Downloaded https://repo.maven.apache.org/maven2/org/mockito/mockito-junit-jupiter/5.11.0/mockito-junit-jupiter-5.11.0-sources.jar
2024-07-26 17:47:18,370 [Worker-9: Download sources and javadoc] INFO  o.e.m.j.internal.DownloadSourcesJob - Downloaded sources for org.mockito:mockito-junit-jupiter:5.11.0
2024-07-26 17:47:18,380 [Worker-9: Download sources and javadoc] INFO  o.e.m.c.i.e.AbstractTransferListenerAdapter - Downloading https://repo.maven.apache.org/maven2/org/mockito/mockito-junit-jupiter/5.11.0/mockito-junit-jupiter-5.11.0-javadoc.jar
2024-07-26 17:47:18,410 [Worker-9: Download sources and javadoc] INFO  o.e.m.c.i.e.AbstractTransferListenerAdapter - Downloaded https://repo.maven.apache.org/maven2/org/mockito/mockito-junit-jupiter/5.11.0/mockito-junit-jupiter-5.11.0-javadoc.jar
2024-07-26 17:47:18,413 [Worker-9: Download sources and javadoc] INFO  o.e.m.j.internal.DownloadSourcesJob - Downloaded javadoc for org.mockito:mockito-junit-jupiter:5.11.0
2024-07-26 17:47:18,450 [Worker-9: Download sources and javadoc] INFO  o.e.m.c.i.e.AbstractTransferListenerAdapter - Downloading https://repo.maven.apache.org/maven2/org/skyscreamer/jsonassert/1.5.3/jsonassert-1.5.3-sources.jar
2024-07-26 17:47:18,455 [Worker-9: Download sources and javadoc] INFO  o.e.m.c.i.e.AbstractTransferListenerAdapter - Downloaded https://repo.maven.apache.org/maven2/org/skyscreamer/jsonassert/1.5.3/jsonassert-1.5.3-sources.jar
2024-07-26 17:47:18,457 [Worker-9: Download sources and javadoc] INFO  o.e.m.j.internal.DownloadSourcesJob - Downloaded sources for org.skyscreamer:jsonassert:1.5.3
2024-07-26 17:47:18,469 [Worker-9: Download sources and javadoc] INFO  o.e.m.c.i.e.AbstractTransferListenerAdapter - Downloading https://repo.maven.apache.org/maven2/org/skyscreamer/jsonassert/1.5.3/jsonassert-1.5.3-javadoc.jar
2024-07-26 17:47:18,491 [Worker-9: Download sources and javadoc] INFO  o.e.m.c.i.e.AbstractTransferListenerAdapter - Downloaded https://repo.maven.apache.org/maven2/org/skyscreamer/jsonassert/1.5.3/jsonassert-1.5.3-javadoc.jar
2024-07-26 17:47:18,493 [Worker-9: Download sources and javadoc] INFO  o.e.m.j.internal.DownloadSourcesJob - Downloaded javadoc for org.skyscreamer:jsonassert:1.5.3
2024-07-26 17:47:18,529 [Worker-9: Download sources and javadoc] INFO  o.e.m.c.i.e.AbstractTransferListenerAdapter - Downloading https://repo.maven.apache.org/maven2/org/springframework/spring-core/6.1.11/spring-core-6.1.11-sources.jar
2024-07-26 17:47:18,596 [Worker-9: Download sources and javadoc] INFO  o.e.m.c.i.e.AbstractTransferListenerAdapter - Downloaded https://repo.maven.apache.org/maven2/org/springframework/spring-core/6.1.11/spring-core-6.1.11-sources.jar
2024-07-26 17:47:18,598 [Worker-9: Download sources and javadoc] INFO  o.e.m.j.internal.DownloadSourcesJob - Downloaded sources for org.springframework:spring-core:6.1.11
2024-07-26 17:47:18,610 [Worker-9: Download sources and javadoc] INFO  o.e.m.c.i.e.AbstractTransferListenerAdapter - Downloading https://repo.maven.apache.org/maven2/org/springframework/spring-core/6.1.11/spring-core-6.1.11-javadoc.jar
2024-07-26 17:47:18,675 [Worker-9: Download sources and javadoc] INFO  o.e.m.c.i.e.AbstractTransferListenerAdapter - Downloaded https://repo.maven.apache.org/maven2/org/springframework/spring-core/6.1.11/spring-core-6.1.11-javadoc.jar
2024-07-26 17:47:18,678 [Worker-9: Download sources and javadoc] INFO  o.e.m.j.internal.DownloadSourcesJob - Downloaded javadoc for org.springframework:spring-core:6.1.11
2024-07-26 17:47:18,715 [Worker-9: Download sources and javadoc] INFO  o.e.m.c.i.e.AbstractTransferListenerAdapter - Downloading https://repo.maven.apache.org/maven2/org/springframework/spring-jcl/6.1.11/spring-jcl-6.1.11-sources.jar
2024-07-26 17:47:18,718 [Worker-9: Download sources and javadoc] INFO  o.e.m.c.i.e.AbstractTransferListenerAdapter - Downloaded https://repo.maven.apache.org/maven2/org/springframework/spring-jcl/6.1.11/spring-jcl-6.1.11-sources.jar
2024-07-26 17:47:18,721 [Worker-9: Download sources and javadoc] INFO  o.e.m.j.internal.DownloadSourcesJob - Downloaded sources for org.springframework:spring-jcl:6.1.11
2024-07-26 17:47:18,733 [Worker-9: Download sources and javadoc] INFO  o.e.m.c.i.e.AbstractTransferListenerAdapter - Downloading https://repo.maven.apache.org/maven2/org/springframework/spring-jcl/6.1.11/spring-jcl-6.1.11-javadoc.jar
2024-07-26 17:47:18,753 [Worker-9: Download sources and javadoc] INFO  o.e.m.c.i.e.AbstractTransferListenerAdapter - Downloaded https://repo.maven.apache.org/maven2/org/springframework/spring-jcl/6.1.11/spring-jcl-6.1.11-javadoc.jar
2024-07-26 17:47:18,755 [Worker-9: Download sources and javadoc] INFO  o.e.m.j.internal.DownloadSourcesJob - Downloaded javadoc for org.springframework:spring-jcl:6.1.11
2024-07-26 17:47:18,788 [Worker-9: Download sources and javadoc] INFO  o.e.m.c.i.e.AbstractTransferListenerAdapter - Downloading https://repo.maven.apache.org/maven2/org/springframework/spring-test/6.1.11/spring-test-6.1.11-sources.jar
2024-07-26 17:47:18,821 [Worker-9: Download sources and javadoc] INFO  o.e.m.c.i.e.AbstractTransferListenerAdapter - Downloaded https://repo.maven.apache.org/maven2/org/springframework/spring-test/6.1.11/spring-test-6.1.11-sources.jar
2024-07-26 17:47:18,831 [Worker-9: Download sources and javadoc] INFO  o.e.m.j.internal.DownloadSourcesJob - Downloaded sources for org.springframework:spring-test:6.1.11
2024-07-26 17:47:18,845 [Worker-9: Download sources and javadoc] INFO  o.e.m.c.i.e.AbstractTransferListenerAdapter - Downloading https://repo.maven.apache.org/maven2/org/springframework/spring-test/6.1.11/spring-test-6.1.11-javadoc.jar
2024-07-26 17:47:18,889 [Worker-9: Download sources and javadoc] INFO  o.e.m.c.i.e.AbstractTransferListenerAdapter - Downloaded https://repo.maven.apache.org/maven2/org/springframework/spring-test/6.1.11/spring-test-6.1.11-javadoc.jar
2024-07-26 17:47:18,893 [Worker-9: Download sources and javadoc] INFO  o.e.m.j.internal.DownloadSourcesJob - Downloaded javadoc for org.springframework:spring-test:6.1.11
2024-07-26 17:47:18,927 [Worker-9: Download sources and javadoc] INFO  o.e.m.c.i.e.AbstractTransferListenerAdapter - Downloading https://repo.maven.apache.org/maven2/org/springframework/boot/spring-boot-testcontainers/3.3.2/spring-boot-testcontainers-3.3.2-sources.jar
2024-07-26 17:47:18,947 [Worker-9: Download sources and javadoc] INFO  o.e.m.c.i.e.AbstractTransferListenerAdapter - Downloaded https://repo.maven.apache.org/maven2/org/springframework/boot/spring-boot-testcontainers/3.3.2/spring-boot-testcontainers-3.3.2-sources.jar
2024-07-26 17:47:18,949 [Worker-9: Download sources and javadoc] INFO  o.e.m.j.internal.DownloadSourcesJob - Downloaded sources for org.springframework.boot:spring-boot-testcontainers:3.3.2
2024-07-26 17:47:18,960 [Worker-9: Download sources and javadoc] INFO  o.e.m.c.i.e.AbstractTransferListenerAdapter - Downloading https://repo.maven.apache.org/maven2/org/springframework/boot/spring-boot-testcontainers/3.3.2/spring-boot-testcontainers-3.3.2-javadoc.jar
2024-07-26 17:47:18,970 [Worker-9: Download sources and javadoc] INFO  o.e.m.c.i.e.AbstractTransferListenerAdapter - Downloaded https://repo.maven.apache.org/maven2/org/springframework/boot/spring-boot-testcontainers/3.3.2/spring-boot-testcontainers-3.3.2-javadoc.jar
2024-07-26 17:47:18,973 [Worker-9: Download sources and javadoc] INFO  o.e.m.j.internal.DownloadSourcesJob - Downloaded javadoc for org.springframework.boot:spring-boot-testcontainers:3.3.2
2024-07-26 17:47:19,007 [Worker-9: Download sources and javadoc] INFO  o.e.m.c.i.e.AbstractTransferListenerAdapter - Downloading https://repo.maven.apache.org/maven2/org/springframework/boot/spring-boot-autoconfigure/3.3.2/spring-boot-autoconfigure-3.3.2-sources.jar
2024-07-26 17:47:19,050 [Worker-9: Download sources and javadoc] INFO  o.e.m.c.i.e.AbstractTransferListenerAdapter - Downloaded https://repo.maven.apache.org/maven2/org/springframework/boot/spring-boot-autoconfigure/3.3.2/spring-boot-autoconfigure-3.3.2-sources.jar
2024-07-26 17:47:19,053 [Worker-9: Download sources and javadoc] INFO  o.e.m.j.internal.DownloadSourcesJob - Downloaded sources for org.springframework.boot:spring-boot-autoconfigure:3.3.2
2024-07-26 17:47:19,063 [Worker-9: Download sources and javadoc] INFO  o.e.m.c.i.e.AbstractTransferListenerAdapter - Downloading https://repo.maven.apache.org/maven2/org/springframework/boot/spring-boot-autoconfigure/3.3.2/spring-boot-autoconfigure-3.3.2-javadoc.jar
2024-07-26 17:47:19,131 [Worker-9: Download sources and javadoc] INFO  o.e.m.c.i.e.AbstractTransferListenerAdapter - Downloaded https://repo.maven.apache.org/maven2/org/springframework/boot/spring-boot-autoconfigure/3.3.2/spring-boot-autoconfigure-3.3.2-javadoc.jar
2024-07-26 17:47:19,135 [Worker-9: Download sources and javadoc] INFO  o.e.m.j.internal.DownloadSourcesJob - Downloaded javadoc for org.springframework.boot:spring-boot-autoconfigure:3.3.2
2024-07-26 17:47:19,173 [Worker-9: Download sources and javadoc] INFO  o.e.m.c.i.e.AbstractTransferListenerAdapter - Downloading https://repo.maven.apache.org/maven2/org/testcontainers/testcontainers/1.19.8/testcontainers-1.19.8-sources.jar
2024-07-26 17:47:19,195 [Worker-9: Download sources and javadoc] INFO  o.e.m.c.i.e.AbstractTransferListenerAdapter - Downloaded https://repo.maven.apache.org/maven2/org/testcontainers/testcontainers/1.19.8/testcontainers-1.19.8-sources.jar
2024-07-26 17:47:19,198 [Worker-9: Download sources and javadoc] INFO  o.e.m.j.internal.DownloadSourcesJob - Downloaded sources for org.testcontainers:testcontainers:1.19.8
2024-07-26 17:47:19,292 [Worker-9: Download sources and javadoc] INFO  o.e.m.c.i.e.AbstractTransferListenerAdapter - Downloading https://repo.maven.apache.org/maven2/org/testcontainers/testcontainers/1.19.8/testcontainers-1.19.8-javadoc.jar
2024-07-26 17:47:19,312 [Worker-9: Download sources and javadoc] INFO  o.e.m.c.i.e.AbstractTransferListenerAdapter - Downloaded https://repo.maven.apache.org/maven2/org/testcontainers/testcontainers/1.19.8/testcontainers-1.19.8-javadoc.jar
2024-07-26 17:47:19,315 [Worker-9: Download sources and javadoc] INFO  o.e.m.j.internal.DownloadSourcesJob - Downloaded javadoc for org.testcontainers:testcontainers:1.19.8
2024-07-26 17:47:19,355 [Worker-9: Download sources and javadoc] INFO  o.e.m.c.i.e.AbstractTransferListenerAdapter - Downloading https://repo.maven.apache.org/maven2/junit/junit/4.13.2/junit-4.13.2-sources.jar
2024-07-26 17:47:19,378 [Worker-9: Download sources and javadoc] INFO  o.e.m.c.i.e.AbstractTransferListenerAdapter - Downloaded https://repo.maven.apache.org/maven2/junit/junit/4.13.2/junit-4.13.2-sources.jar
2024-07-26 17:47:19,380 [Worker-9: Download sources and javadoc] INFO  o.e.m.j.internal.DownloadSourcesJob - Downloaded sources for junit:junit:4.13.2
2024-07-26 17:47:19,390 [Worker-9: Download sources and javadoc] INFO  o.e.m.c.i.e.AbstractTransferListenerAdapter - Downloading https://repo.maven.apache.org/maven2/junit/junit/4.13.2/junit-4.13.2-javadoc.jar
2024-07-26 17:47:19,426 [Worker-9: Download sources and javadoc] INFO  o.e.m.c.i.e.AbstractTransferListenerAdapter - Downloaded https://repo.maven.apache.org/maven2/junit/junit/4.13.2/junit-4.13.2-javadoc.jar
2024-07-26 17:47:19,429 [Worker-9: Download sources and javadoc] INFO  o.e.m.j.internal.DownloadSourcesJob - Downloaded javadoc for junit:junit:4.13.2
2024-07-26 17:47:19,461 [Worker-9: Download sources and javadoc] INFO  o.e.m.c.i.e.AbstractTransferListenerAdapter - Downloading https://repo.maven.apache.org/maven2/org/hamcrest/hamcrest-core/2.2/hamcrest-core-2.2-sources.jar
2024-07-26 17:47:19,464 [Worker-9: Download sources and javadoc] INFO  o.e.m.c.i.e.AbstractTransferListenerAdapter - Downloaded https://repo.maven.apache.org/maven2/org/hamcrest/hamcrest-core/2.2/hamcrest-core-2.2-sources.jar
2024-07-26 17:47:19,467 [Worker-9: Download sources and javadoc] INFO  o.e.m.j.internal.DownloadSourcesJob - Downloaded sources for org.hamcrest:hamcrest-core:2.2
2024-07-26 17:47:19,477 [Worker-9: Download sources and javadoc] INFO  o.e.m.c.i.e.AbstractTransferListenerAdapter - Downloading https://repo.maven.apache.org/maven2/org/hamcrest/hamcrest-core/2.2/hamcrest-core-2.2-javadoc.jar
2024-07-26 17:47:19,481 [Worker-9: Download sources and javadoc] INFO  o.e.m.c.i.e.AbstractTransferListenerAdapter - Downloaded https://repo.maven.apache.org/maven2/org/hamcrest/hamcrest-core/2.2/hamcrest-core-2.2-javadoc.jar
2024-07-26 17:47:19,484 [Worker-9: Download sources and javadoc] INFO  o.e.m.j.internal.DownloadSourcesJob - Downloaded javadoc for org.hamcrest:hamcrest-core:2.2
2024-07-26 17:47:19,519 [Worker-9: Download sources and javadoc] INFO  o.e.m.c.i.e.AbstractTransferListenerAdapter - Downloading https://repo.maven.apache.org/maven2/org/apache/commons/commons-compress/1.24.0/commons-compress-1.24.0-sources.jar
2024-07-26 17:47:19,567 [Worker-9: Download sources and javadoc] INFO  o.e.m.c.i.e.AbstractTransferListenerAdapter - Downloaded https://repo.maven.apache.org/maven2/org/apache/commons/commons-compress/1.24.0/commons-compress-1.24.0-sources.jar
2024-07-26 17:47:19,570 [Worker-9: Download sources and javadoc] INFO  o.e.m.j.internal.DownloadSourcesJob - Downloaded sources for org.apache.commons:commons-compress:1.24.0
2024-07-26 17:47:19,583 [Worker-9: Download sources and javadoc] INFO  o.e.m.c.i.e.AbstractTransferListenerAdapter - Downloading https://repo.maven.apache.org/maven2/org/apache/commons/commons-compress/1.24.0/commons-compress-1.24.0-javadoc.jar
2024-07-26 17:47:19,657 [Worker-9: Download sources and javadoc] INFO  o.e.m.c.i.e.AbstractTransferListenerAdapter - Downloaded https://repo.maven.apache.org/maven2/org/apache/commons/commons-compress/1.24.0/commons-compress-1.24.0-javadoc.jar
2024-07-26 17:47:19,660 [Worker-9: Download sources and javadoc] INFO  o.e.m.j.internal.DownloadSourcesJob - Downloaded javadoc for org.apache.commons:commons-compress:1.24.0
2024-07-26 17:47:19,694 [Worker-9: Download sources and javadoc] INFO  o.e.m.c.i.e.AbstractTransferListenerAdapter - Downloading https://repo.maven.apache.org/maven2/org/rnorth/duct-tape/duct-tape/1.0.8/duct-tape-1.0.8-sources.jar
2024-07-26 17:47:19,696 [Worker-9: Download sources and javadoc] INFO  o.e.m.c.i.e.AbstractTransferListenerAdapter - Downloaded https://repo.maven.apache.org/maven2/org/rnorth/duct-tape/duct-tape/1.0.8/duct-tape-1.0.8-sources.jar
2024-07-26 17:47:19,699 [Worker-9: Download sources and javadoc] INFO  o.e.m.j.internal.DownloadSourcesJob - Downloaded sources for org.rnorth.duct-tape:duct-tape:1.0.8
2024-07-26 17:47:19,710 [Worker-9: Download sources and javadoc] INFO  o.e.m.c.i.e.AbstractTransferListenerAdapter - Downloading https://repo.maven.apache.org/maven2/org/rnorth/duct-tape/duct-tape/1.0.8/duct-tape-1.0.8-javadoc.jar
2024-07-26 17:47:19,730 [Worker-9: Download sources and javadoc] INFO  o.e.m.c.i.e.AbstractTransferListenerAdapter - Downloaded https://repo.maven.apache.org/maven2/org/rnorth/duct-tape/duct-tape/1.0.8/duct-tape-1.0.8-javadoc.jar
2024-07-26 17:47:19,733 [Worker-9: Download sources and javadoc] INFO  o.e.m.j.internal.DownloadSourcesJob - Downloaded javadoc for org.rnorth.duct-tape:duct-tape:1.0.8
2024-07-26 17:47:19,769 [Worker-9: Download sources and javadoc] INFO  o.e.m.c.i.e.AbstractTransferListenerAdapter - Downloading https://repo.maven.apache.org/maven2/org/jetbrains/annotations/17.0.0/annotations-17.0.0-sources.jar
2024-07-26 17:47:19,772 [Worker-9: Download sources and javadoc] INFO  o.e.m.c.i.e.AbstractTransferListenerAdapter - Downloaded https://repo.maven.apache.org/maven2/org/jetbrains/annotations/17.0.0/annotations-17.0.0-sources.jar
2024-07-26 17:47:19,774 [Worker-9: Download sources and javadoc] INFO  o.e.m.j.internal.DownloadSourcesJob - Downloaded sources for org.jetbrains:annotations:17.0.0
2024-07-26 17:47:19,786 [Worker-9: Download sources and javadoc] INFO  o.e.m.c.i.e.AbstractTransferListenerAdapter - Downloading https://repo.maven.apache.org/maven2/org/jetbrains/annotations/17.0.0/annotations-17.0.0-javadoc.jar
2024-07-26 17:47:19,798 [Worker-9: Download sources and javadoc] INFO  o.e.m.c.i.e.AbstractTransferListenerAdapter - Downloaded https://repo.maven.apache.org/maven2/org/jetbrains/annotations/17.0.0/annotations-17.0.0-javadoc.jar
2024-07-26 17:47:19,801 [Worker-9: Download sources and javadoc] INFO  o.e.m.j.internal.DownloadSourcesJob - Downloaded javadoc for org.jetbrains:annotations:17.0.0
2024-07-26 17:47:19,882 [Worker-9: Download sources and javadoc] INFO  o.e.m.c.i.e.AbstractTransferListenerAdapter - Downloading https://repo.maven.apache.org/maven2/com/github/docker-java/docker-java-api/3.3.6/docker-java-api-3.3.6-sources.jar
2024-07-26 17:47:19,917 [Worker-9: Download sources and javadoc] INFO  o.e.m.c.i.e.AbstractTransferListenerAdapter - Downloaded https://repo.maven.apache.org/maven2/com/github/docker-java/docker-java-api/3.3.6/docker-java-api-3.3.6-sources.jar
2024-07-26 17:47:19,920 [Worker-9: Download sources and javadoc] INFO  o.e.m.j.internal.DownloadSourcesJob - Downloaded sources for com.github.docker-java:docker-java-api:3.3.6
2024-07-26 17:47:19,931 [Worker-9: Download sources and javadoc] INFO  o.e.m.c.i.e.AbstractTransferListenerAdapter - Downloading https://repo.maven.apache.org/maven2/com/github/docker-java/docker-java-api/3.3.6/docker-java-api-3.3.6-javadoc.jar
2024-07-26 17:47:19,975 [Worker-9: Download sources and javadoc] INFO  o.e.m.c.i.e.AbstractTransferListenerAdapter - Downloaded https://repo.maven.apache.org/maven2/com/github/docker-java/docker-java-api/3.3.6/docker-java-api-3.3.6-javadoc.jar
2024-07-26 17:47:19,979 [Worker-9: Download sources and javadoc] INFO  o.e.m.j.internal.DownloadSourcesJob - Downloaded javadoc for com.github.docker-java:docker-java-api:3.3.6
2024-07-26 17:47:20,017 [Worker-9: Download sources and javadoc] INFO  o.e.m.c.i.e.AbstractTransferListenerAdapter - Downloading https://repo.maven.apache.org/maven2/com/github/docker-java/docker-java-transport-zerodep/3.3.6/docker-java-transport-zerodep-3.3.6-sources.jar
2024-07-26 17:47:20,077 [Worker-9: Download sources and javadoc] INFO  o.e.m.c.i.e.AbstractTransferListenerAdapter - Downloaded https://repo.maven.apache.org/maven2/com/github/docker-java/docker-java-transport-zerodep/3.3.6/docker-java-transport-zerodep-3.3.6-sources.jar
2024-07-26 17:47:20,080 [Worker-9: Download sources and javadoc] INFO  o.e.m.j.internal.DownloadSourcesJob - Downloaded sources for com.github.docker-java:docker-java-transport-zerodep:3.3.6
2024-07-26 17:47:20,091 [Worker-9: Download sources and javadoc] INFO  o.e.m.c.i.e.AbstractTransferListenerAdapter - Downloading https://repo.maven.apache.org/maven2/com/github/docker-java/docker-java-transport-zerodep/3.3.6/docker-java-transport-zerodep-3.3.6-javadoc.jar
2024-07-26 17:47:20,094 [Worker-9: Download sources and javadoc] INFO  o.e.m.c.i.e.AbstractTransferListenerAdapter - Downloaded https://repo.maven.apache.org/maven2/com/github/docker-java/docker-java-transport-zerodep/3.3.6/docker-java-transport-zerodep-3.3.6-javadoc.jar
2024-07-26 17:47:20,097 [Worker-9: Download sources and javadoc] INFO  o.e.m.j.internal.DownloadSourcesJob - Downloaded javadoc for com.github.docker-java:docker-java-transport-zerodep:3.3.6
2024-07-26 17:47:20,131 [Worker-9: Download sources and javadoc] INFO  o.e.m.c.i.e.AbstractTransferListenerAdapter - Downloading https://repo.maven.apache.org/maven2/com/github/docker-java/docker-java-transport/3.3.6/docker-java-transport-3.3.6-sources.jar
2024-07-26 17:47:20,135 [Worker-9: Download sources and javadoc] INFO  o.e.m.c.i.e.AbstractTransferListenerAdapter - Downloaded https://repo.maven.apache.org/maven2/com/github/docker-java/docker-java-transport/3.3.6/docker-java-transport-3.3.6-sources.jar
2024-07-26 17:47:20,137 [Worker-9: Download sources and javadoc] INFO  o.e.m.j.internal.DownloadSourcesJob - Downloaded sources for com.github.docker-java:docker-java-transport:3.3.6
2024-07-26 17:47:20,174 [Worker-9: Download sources and javadoc] INFO  o.e.m.c.i.e.AbstractTransferListenerAdapter - Downloading https://repo.maven.apache.org/maven2/com/github/docker-java/docker-java-transport/3.3.6/docker-java-transport-3.3.6-javadoc.jar
2024-07-26 17:47:20,189 [Worker-9: Download sources and javadoc] INFO  o.e.m.c.i.e.AbstractTransferListenerAdapter - Downloaded https://repo.maven.apache.org/maven2/com/github/docker-java/docker-java-transport/3.3.6/docker-java-transport-3.3.6-javadoc.jar
2024-07-26 17:47:20,191 [Worker-9: Download sources and javadoc] INFO  o.e.m.j.internal.DownloadSourcesJob - Downloaded javadoc for com.github.docker-java:docker-java-transport:3.3.6
2024-07-26 17:47:20,223 [Worker-9: Download sources and javadoc] INFO  o.e.m.c.i.e.AbstractTransferListenerAdapter - Downloading https://repo.maven.apache.org/maven2/net/java/dev/jna/jna/5.13.0/jna-5.13.0-sources.jar
2024-07-26 17:47:20,328 [Worker-9: Download sources and javadoc] INFO  o.e.m.c.i.e.AbstractTransferListenerAdapter - Downloaded https://repo.maven.apache.org/maven2/net/java/dev/jna/jna/5.13.0/jna-5.13.0-sources.jar
2024-07-26 17:47:20,342 [Worker-9: Download sources and javadoc] INFO  o.e.m.j.internal.DownloadSourcesJob - Downloaded sources for net.java.dev.jna:jna:5.13.0
2024-07-26 17:47:20,353 [Worker-9: Download sources and javadoc] INFO  o.e.m.c.i.e.AbstractTransferListenerAdapter - Downloading https://repo.maven.apache.org/maven2/net/java/dev/jna/jna/5.13.0/jna-5.13.0-javadoc.jar
2024-07-26 17:47:20,450 [Worker-9: Download sources and javadoc] INFO  o.e.m.c.i.e.AbstractTransferListenerAdapter - Downloaded https://repo.maven.apache.org/maven2/net/java/dev/jna/jna/5.13.0/jna-5.13.0-javadoc.jar
2024-07-26 17:47:20,453 [Worker-9: Download sources and javadoc] INFO  o.e.m.j.internal.DownloadSourcesJob - Downloaded javadoc for net.java.dev.jna:jna:5.13.0
2024-07-26 17:47:20,487 [Worker-9: Download sources and javadoc] INFO  o.e.m.c.i.e.AbstractTransferListenerAdapter - Downloading https://repo.maven.apache.org/maven2/org/testcontainers/junit-jupiter/1.19.8/junit-jupiter-1.19.8-sources.jar
2024-07-26 17:47:20,500 [Worker-9: Download sources and javadoc] INFO  o.e.m.c.i.e.AbstractTransferListenerAdapter - Downloaded https://repo.maven.apache.org/maven2/org/testcontainers/junit-jupiter/1.19.8/junit-jupiter-1.19.8-sources.jar
2024-07-26 17:47:20,502 [Worker-9: Download sources and javadoc] INFO  o.e.m.j.internal.DownloadSourcesJob - Downloaded sources for org.testcontainers:junit-jupiter:1.19.8
2024-07-26 17:47:20,514 [Worker-9: Download sources and javadoc] INFO  o.e.m.c.i.e.AbstractTransferListenerAdapter - Downloading https://repo.maven.apache.org/maven2/org/testcontainers/junit-jupiter/1.19.8/junit-jupiter-1.19.8-javadoc.jar
2024-07-26 17:47:20,520 [Worker-9: Download sources and javadoc] INFO  o.e.m.c.i.e.AbstractTransferListenerAdapter - Downloaded https://repo.maven.apache.org/maven2/org/testcontainers/junit-jupiter/1.19.8/junit-jupiter-1.19.8-javadoc.jar
2024-07-26 17:47:20,523 [Worker-9: Download sources and javadoc] INFO  o.e.m.j.internal.DownloadSourcesJob - Downloaded javadoc for org.testcontainers:junit-jupiter:1.19.8
2024-07-26 17:51:33,861 [Worker-15: Building] INFO  o.e.m.c.i.l.LifecycleMappingFactory - Using org.eclipse.m2e.jdt.JarLifecycleMapping lifecycle mapping for MavenProject: trabajo:tfg:0.0.1-SNAPSHOT @ C:\Users\May\OneDrive\Documents\PAPELES IMPORTANTES\TFG\tfg\pom.xml.
2024-07-26 17:51:34,087 [Worker-15: Building] INFO  o.e.m.c.i.e.AbstractTransferListenerAdapter - Downloading https://repo.maven.apache.org/maven2/org/springframework/boot/spring-boot-starter-security/3.3.2/spring-boot-starter-security-3.3.2.pom
2024-07-26 17:51:34,089 [Worker-15: Building] INFO  o.e.m.c.i.e.AbstractTransferListenerAdapter - Downloaded https://repo.maven.apache.org/maven2/org/springframework/boot/spring-boot-starter-security/3.3.2/spring-boot-starter-security-3.3.2.pom
2024-07-26 17:51:34,103 [Worker-15: Building] INFO  o.e.m.c.i.e.AbstractTransferListenerAdapter - Downloading https://repo.maven.apache.org/maven2/org/springframework/security/spring-security-config/6.3.1/spring-security-config-6.3.1.pom
2024-07-26 17:51:34,105 [Worker-15: Building] INFO  o.e.m.c.i.e.AbstractTransferListenerAdapter - Downloaded https://repo.maven.apache.org/maven2/org/springframework/security/spring-security-config/6.3.1/spring-security-config-6.3.1.pom
2024-07-26 17:51:34,118 [Worker-15: Building] INFO  o.e.m.c.i.e.AbstractTransferListenerAdapter - Downloading https://repo.maven.apache.org/maven2/org/springframework/security/spring-security-core/6.3.1/spring-security-core-6.3.1.pom
2024-07-26 17:51:34,121 [Worker-15: Building] INFO  o.e.m.c.i.e.AbstractTransferListenerAdapter - Downloaded https://repo.maven.apache.org/maven2/org/springframework/security/spring-security-core/6.3.1/spring-security-core-6.3.1.pom
2024-07-26 17:51:34,133 [Worker-15: Building] INFO  o.e.m.c.i.e.AbstractTransferListenerAdapter - Downloading https://repo.maven.apache.org/maven2/org/springframework/security/spring-security-crypto/6.3.1/spring-security-crypto-6.3.1.pom
2024-07-26 17:51:34,135 [Worker-15: Building] INFO  o.e.m.c.i.e.AbstractTransferListenerAdapter - Downloaded https://repo.maven.apache.org/maven2/org/springframework/security/spring-security-crypto/6.3.1/spring-security-crypto-6.3.1.pom
2024-07-26 17:51:34,149 [Worker-15: Building] INFO  o.e.m.c.i.e.AbstractTransferListenerAdapter - Downloading https://repo.maven.apache.org/maven2/org/springframework/security/spring-security-web/6.3.1/spring-security-web-6.3.1.pom
2024-07-26 17:51:34,151 [Worker-15: Building] INFO  o.e.m.c.i.e.AbstractTransferListenerAdapter - Downloaded https://repo.maven.apache.org/maven2/org/springframework/security/spring-security-web/6.3.1/spring-security-web-6.3.1.pom
2024-07-26 17:51:34,279 [Worker-15: Building] INFO  o.e.m.c.i.e.AbstractTransferListenerAdapter - Downloading https://repo.maven.apache.org/maven2/org/springframework/security/spring-security-test/6.3.1/spring-security-test-6.3.1.pom
2024-07-26 17:51:34,292 [Worker-15: Building] INFO  o.e.m.c.i.e.AbstractTransferListenerAdapter - Downloaded https://repo.maven.apache.org/maven2/org/springframework/security/spring-security-test/6.3.1/spring-security-test-6.3.1.pom
2024-07-26 17:51:34,487 [Worker-15: Building] INFO  o.e.m.c.i.e.AbstractTransferListenerAdapter - Downloading https://repo.maven.apache.org/maven2/org/springframework/boot/spring-boot-starter-security/3.3.2/spring-boot-starter-security-3.3.2.jar
2024-07-26 17:51:34,490 [Worker-15: Building] INFO  o.e.m.c.i.e.AbstractTransferListenerAdapter - Downloaded https://repo.maven.apache.org/maven2/org/springframework/boot/spring-boot-starter-security/3.3.2/spring-boot-starter-security-3.3.2.jar
2024-07-26 17:51:34,502 [BasicRepositoryConnector-repo.maven.apache.org-3-0] INFO  o.e.m.c.i.e.AbstractTransferListenerAdapter - Downloading https://repo.maven.apache.org/maven2/org/springframework/security/spring-security-config/6.3.1/spring-security-config-6.3.1.jar
2024-07-26 17:51:34,522 [BasicRepositoryConnector-repo.maven.apache.org-3-2] INFO  o.e.m.c.i.e.AbstractTransferListenerAdapter - Downloading https://repo.maven.apache.org/maven2/org/springframework/security/spring-security-test/6.3.1/spring-security-test-6.3.1.jar
2024-07-26 17:51:34,524 [BasicRepositoryConnector-repo.maven.apache.org-3-3] INFO  o.e.m.c.i.e.AbstractTransferListenerAdapter - Downloading https://repo.maven.apache.org/maven2/org/springframework/security/spring-security-core/6.3.1/spring-security-core-6.3.1.jar
2024-07-26 17:51:34,525 [BasicRepositoryConnector-repo.maven.apache.org-3-4] INFO  o.e.m.c.i.e.AbstractTransferListenerAdapter - Downloading https://repo.maven.apache.org/maven2/org/springframework/security/spring-security-crypto/6.3.1/spring-security-crypto-6.3.1.jar
2024-07-26 17:51:34,541 [BasicRepositoryConnector-repo.maven.apache.org-3-4] INFO  o.e.m.c.i.e.AbstractTransferListenerAdapter - Downloaded https://repo.maven.apache.org/maven2/org/springframework/security/spring-security-crypto/6.3.1/spring-security-crypto-6.3.1.jar
2024-07-26 17:51:34,542 [BasicRepositoryConnector-repo.maven.apache.org-3-2] INFO  o.e.m.c.i.e.AbstractTransferListenerAdapter - Downloaded https://repo.maven.apache.org/maven2/org/springframework/security/spring-security-test/6.3.1/spring-security-test-6.3.1.jar
2024-07-26 17:51:34,544 [BasicRepositoryConnector-repo.maven.apache.org-3-1] INFO  o.e.m.c.i.e.AbstractTransferListenerAdapter - Downloading https://repo.maven.apache.org/maven2/org/springframework/security/spring-security-web/6.3.1/spring-security-web-6.3.1.jar
2024-07-26 17:51:34,559 [BasicRepositoryConnector-repo.maven.apache.org-3-0] INFO  o.e.m.c.i.e.AbstractTransferListenerAdapter - Downloaded https://repo.maven.apache.org/maven2/org/springframework/security/spring-security-config/6.3.1/spring-security-config-6.3.1.jar
2024-07-26 17:51:34,565 [BasicRepositoryConnector-repo.maven.apache.org-3-3] INFO  o.e.m.c.i.e.AbstractTransferListenerAdapter - Downloaded https://repo.maven.apache.org/maven2/org/springframework/security/spring-security-core/6.3.1/spring-security-core-6.3.1.jar
2024-07-26 17:51:34,589 [BasicRepositoryConnector-repo.maven.apache.org-3-1] INFO  o.e.m.c.i.e.AbstractTransferListenerAdapter - Downloaded https://repo.maven.apache.org/maven2/org/springframework/security/spring-security-web/6.3.1/spring-security-web-6.3.1.jar
2024-07-26 17:51:35,102 [Worker-15: Building] INFO  o.a.m.s.f.DefaultMavenResourcesFiltering - Copying 1 resource from src\main\resources to target\classes
2024-07-26 17:51:35,114 [Worker-15: Building] INFO  o.a.m.s.f.DefaultMavenResourcesFiltering - Copying 0 resource from src\main\resources to target\classes
2024-07-26 17:51:35,118 [Worker-15: Building] INFO  o.a.m.s.f.DefaultMavenResourcesFiltering - skip non existing resourceDirectory C:\Users\May\OneDrive\Documents\PAPELES IMPORTANTES\TFG\tfg\src\test\resources
2024-07-26 17:51:35,601 [Worker-23: Building] INFO  o.a.m.s.f.DefaultMavenResourcesFiltering - Copying 1 resource from src\main\resources to target\classes
2024-07-26 17:51:35,605 [Worker-23: Building] INFO  o.a.m.s.f.DefaultMavenResourcesFiltering - Copying 0 resource from src\main\resources to target\classes
2024-07-26 17:51:35,608 [Worker-23: Building] INFO  o.a.m.s.f.DefaultMavenResourcesFiltering - skip non existing resourceDirectory C:\Users\May\OneDrive\Documents\PAPELES IMPORTANTES\TFG\tfg\src\test\resources
2024-07-26 17:51:35,803 [Worker-1: Download sources and javadoc] INFO  o.e.m.c.i.e.AbstractTransferListenerAdapter - Downloading https://repo.maven.apache.org/maven2/org/springframework/boot/spring-boot-starter-security/3.3.2/spring-boot-starter-security-3.3.2-sources.jar
2024-07-26 17:51:35,807 [Worker-1: Download sources and javadoc] INFO  o.e.m.c.i.e.AbstractTransferListenerAdapter - Downloaded https://repo.maven.apache.org/maven2/org/springframework/boot/spring-boot-starter-security/3.3.2/spring-boot-starter-security-3.3.2-sources.jar
2024-07-26 17:51:35,812 [Worker-1: Download sources and javadoc] INFO  o.e.m.j.internal.DownloadSourcesJob - Downloaded sources for org.springframework.boot:spring-boot-starter-security:3.3.2
2024-07-26 17:51:35,829 [Worker-1: Download sources and javadoc] INFO  o.e.m.c.i.e.AbstractTransferListenerAdapter - Downloading https://repo.maven.apache.org/maven2/org/springframework/boot/spring-boot-starter-security/3.3.2/spring-boot-starter-security-3.3.2-javadoc.jar
2024-07-26 17:51:35,834 [Worker-1: Download sources and javadoc] INFO  o.e.m.c.i.e.AbstractTransferListenerAdapter - Downloaded https://repo.maven.apache.org/maven2/org/springframework/boot/spring-boot-starter-security/3.3.2/spring-boot-starter-security-3.3.2-javadoc.jar
2024-07-26 17:51:35,838 [Worker-1: Download sources and javadoc] INFO  o.e.m.j.internal.DownloadSourcesJob - Downloaded javadoc for org.springframework.boot:spring-boot-starter-security:3.3.2
2024-07-26 17:51:35,876 [Worker-1: Download sources and javadoc] INFO  o.e.m.c.i.e.AbstractTransferListenerAdapter - Downloading https://repo.maven.apache.org/maven2/org/springframework/security/spring-security-config/6.3.1/spring-security-config-6.3.1-sources.jar
2024-07-26 17:51:35,932 [Worker-1: Download sources and javadoc] INFO  o.e.m.c.i.e.AbstractTransferListenerAdapter - Downloaded https://repo.maven.apache.org/maven2/org/springframework/security/spring-security-config/6.3.1/spring-security-config-6.3.1-sources.jar
2024-07-26 17:51:35,936 [Worker-1: Download sources and javadoc] INFO  o.e.m.j.internal.DownloadSourcesJob - Downloaded sources for org.springframework.security:spring-security-config:6.3.1
2024-07-26 17:51:35,949 [Worker-1: Download sources and javadoc] INFO  o.e.m.c.i.e.AbstractTransferListenerAdapter - Downloading https://repo.maven.apache.org/maven2/org/springframework/security/spring-security-config/6.3.1/spring-security-config-6.3.1-javadoc.jar
2024-07-26 17:51:35,974 [Worker-1: Download sources and javadoc] INFO  o.e.m.c.i.e.AbstractTransferListenerAdapter - Downloaded https://repo.maven.apache.org/maven2/org/springframework/security/spring-security-config/6.3.1/spring-security-config-6.3.1-javadoc.jar
2024-07-26 17:51:35,977 [Worker-1: Download sources and javadoc] INFO  o.e.m.j.internal.DownloadSourcesJob - Downloaded javadoc for org.springframework.security:spring-security-config:6.3.1
2024-07-26 17:51:36,010 [Worker-1: Download sources and javadoc] INFO  o.e.m.c.i.e.AbstractTransferListenerAdapter - Downloading https://repo.maven.apache.org/maven2/org/springframework/security/spring-security-web/6.3.1/spring-security-web-6.3.1-sources.jar
2024-07-26 17:51:36,047 [Worker-1: Download sources and javadoc] INFO  o.e.m.c.i.e.AbstractTransferListenerAdapter - Downloaded https://repo.maven.apache.org/maven2/org/springframework/security/spring-security-web/6.3.1/spring-security-web-6.3.1-sources.jar
2024-07-26 17:51:36,052 [Worker-1: Download sources and javadoc] INFO  o.e.m.j.internal.DownloadSourcesJob - Downloaded sources for org.springframework.security:spring-security-web:6.3.1
2024-07-26 17:51:36,066 [Worker-1: Download sources and javadoc] INFO  o.e.m.c.i.e.AbstractTransferListenerAdapter - Downloading https://repo.maven.apache.org/maven2/org/springframework/security/spring-security-web/6.3.1/spring-security-web-6.3.1-javadoc.jar
2024-07-26 17:51:36,105 [Worker-1: Download sources and javadoc] INFO  o.e.m.c.i.e.AbstractTransferListenerAdapter - Downloaded https://repo.maven.apache.org/maven2/org/springframework/security/spring-security-web/6.3.1/spring-security-web-6.3.1-javadoc.jar
2024-07-26 17:51:36,109 [Worker-1: Download sources and javadoc] INFO  o.e.m.j.internal.DownloadSourcesJob - Downloaded javadoc for org.springframework.security:spring-security-web:6.3.1
2024-07-26 17:51:36,147 [Worker-1: Download sources and javadoc] INFO  o.e.m.c.i.e.AbstractTransferListenerAdapter - Downloading https://repo.maven.apache.org/maven2/org/springframework/security/spring-security-test/6.3.1/spring-security-test-6.3.1-sources.jar
2024-07-26 17:51:36,158 [Worker-1: Download sources and javadoc] INFO  o.e.m.c.i.e.AbstractTransferListenerAdapter - Downloaded https://repo.maven.apache.org/maven2/org/springframework/security/spring-security-test/6.3.1/spring-security-test-6.3.1-sources.jar
2024-07-26 17:51:36,165 [Worker-1: Download sources and javadoc] INFO  o.e.m.j.internal.DownloadSourcesJob - Downloaded sources for org.springframework.security:spring-security-test:6.3.1
2024-07-26 17:51:36,177 [Worker-1: Download sources and javadoc] INFO  o.e.m.c.i.e.AbstractTransferListenerAdapter - Downloading https://repo.maven.apache.org/maven2/org/springframework/security/spring-security-test/6.3.1/spring-security-test-6.3.1-javadoc.jar
2024-07-26 17:51:36,197 [Worker-1: Download sources and javadoc] INFO  o.e.m.c.i.e.AbstractTransferListenerAdapter - Downloaded https://repo.maven.apache.org/maven2/org/springframework/security/spring-security-test/6.3.1/spring-security-test-6.3.1-javadoc.jar
2024-07-26 17:51:36,203 [Worker-1: Download sources and javadoc] INFO  o.e.m.j.internal.DownloadSourcesJob - Downloaded javadoc for org.springframework.security:spring-security-test:6.3.1
2024-07-26 17:51:36,242 [Worker-1: Download sources and javadoc] INFO  o.e.m.c.i.e.AbstractTransferListenerAdapter - Downloading https://repo.maven.apache.org/maven2/org/springframework/security/spring-security-core/6.3.1/spring-security-core-6.3.1-sources.jar
2024-07-26 17:51:36,282 [Worker-1: Download sources and javadoc] INFO  o.e.m.c.i.e.AbstractTransferListenerAdapter - Downloaded https://repo.maven.apache.org/maven2/org/springframework/security/spring-security-core/6.3.1/spring-security-core-6.3.1-sources.jar
2024-07-26 17:51:36,287 [Worker-1: Download sources and javadoc] INFO  o.e.m.j.internal.DownloadSourcesJob - Downloaded sources for org.springframework.security:spring-security-core:6.3.1
2024-07-26 17:51:36,423 [Worker-1: Download sources and javadoc] INFO  o.e.m.c.i.e.AbstractTransferListenerAdapter - Downloading https://repo.maven.apache.org/maven2/org/springframework/security/spring-security-core/6.3.1/spring-security-core-6.3.1-javadoc.jar
2024-07-26 17:51:36,492 [Worker-1: Download sources and javadoc] INFO  o.e.m.c.i.e.AbstractTransferListenerAdapter - Downloaded https://repo.maven.apache.org/maven2/org/springframework/security/spring-security-core/6.3.1/spring-security-core-6.3.1-javadoc.jar
2024-07-26 17:51:36,495 [Worker-1: Download sources and javadoc] INFO  o.e.m.j.internal.DownloadSourcesJob - Downloaded javadoc for org.springframework.security:spring-security-core:6.3.1
2024-07-26 17:51:36,532 [Worker-1: Download sources and javadoc] INFO  o.e.m.c.i.e.AbstractTransferListenerAdapter - Downloading https://repo.maven.apache.org/maven2/org/springframework/security/spring-security-crypto/6.3.1/spring-security-crypto-6.3.1-sources.jar
2024-07-26 17:51:36,545 [Worker-1: Download sources and javadoc] INFO  o.e.m.c.i.e.AbstractTransferListenerAdapter - Downloaded https://repo.maven.apache.org/maven2/org/springframework/security/spring-security-crypto/6.3.1/spring-security-crypto-6.3.1-sources.jar
2024-07-26 17:51:36,548 [Worker-1: Download sources and javadoc] INFO  o.e.m.j.internal.DownloadSourcesJob - Downloaded sources for org.springframework.security:spring-security-crypto:6.3.1
2024-07-26 17:51:36,570 [Worker-1: Download sources and javadoc] INFO  o.e.m.c.i.e.AbstractTransferListenerAdapter - Downloading https://repo.maven.apache.org/maven2/org/springframework/security/spring-security-crypto/6.3.1/spring-security-crypto-6.3.1-javadoc.jar
2024-07-26 17:51:36,574 [Worker-1: Download sources and javadoc] INFO  o.e.m.c.i.e.AbstractTransferListenerAdapter - Downloaded https://repo.maven.apache.org/maven2/org/springframework/security/spring-security-crypto/6.3.1/spring-security-crypto-6.3.1-javadoc.jar
2024-07-26 17:51:36,577 [Worker-1: Download sources and javadoc] INFO  o.e.m.j.internal.DownloadSourcesJob - Downloaded javadoc for org.springframework.security:spring-security-crypto:6.3.1
2024-07-26 17:51:36,907 [Worker-23: Building] INFO  o.a.m.s.f.DefaultMavenResourcesFiltering - Copying 1 resource from src\main\resources to target\classes
2024-07-26 17:51:36,912 [Worker-23: Building] INFO  o.a.m.s.f.DefaultMavenResourcesFiltering - Copying 0 resource from src\main\resources to target\classes
2024-07-26 17:51:36,915 [Worker-23: Building] INFO  o.a.m.s.f.DefaultMavenResourcesFiltering - skip non existing resourceDirectory C:\Users\May\OneDrive\Documents\PAPELES IMPORTANTES\TFG\tfg\src\test\resources
2024-07-26 17:52:02,275 [Worker-23: Update Maven projects configuration] INFO  o.e.m.c.i.p.ProjectConfigurationManager - Update started
2024-07-26 17:52:02,629 [Worker-23: Update Maven projects configuration] INFO  o.e.m.c.i.l.LifecycleMappingFactory - Using org.eclipse.m2e.jdt.JarLifecycleMapping lifecycle mapping for MavenProject: trabajo:tfg:0.0.1-SNAPSHOT @ C:\Users\May\OneDrive\Documents\PAPELES IMPORTANTES\TFG\tfg\pom.xml.
2024-07-26 17:52:03,461 [Worker-23: Update Maven projects configuration] INFO  o.e.m.j.i.AbstractJavaProjectConfigurator - Adding source folder /tfg/src/main/java
2024-07-26 17:52:03,461 [Worker-23: Update Maven projects configuration] INFO  o.e.m.j.i.AbstractJavaProjectConfigurator - Adding resource folder /tfg/src/main/resources
2024-07-26 17:52:03,465 [Worker-23: Update Maven projects configuration] INFO  o.e.m.j.i.AbstractJavaProjectConfigurator - Adding resource folder /tfg/src/main/resources
2024-07-26 17:52:03,471 [Worker-23: Update Maven projects configuration] INFO  o.e.m.j.i.AbstractJavaProjectConfigurator - Adding source folder /tfg/src/test/java
2024-07-26 17:52:03,471 [Worker-23: Update Maven projects configuration] INFO  o.e.m.j.i.AbstractJavaProjectConfigurator - Adding resource folder /tfg/src/test/resources
2024-07-26 17:52:03,892 [Worker-15: Building] INFO  o.a.m.s.f.DefaultMavenResourcesFiltering - Copying 1 resource from src\main\resources to target\classes
2024-07-26 17:52:03,908 [Worker-15: Building] INFO  o.a.m.s.f.DefaultMavenResourcesFiltering - Copying 0 resource from src\main\resources to target\classes
2024-07-26 17:52:03,912 [Worker-15: Building] INFO  o.a.m.s.f.DefaultMavenResourcesFiltering - skip non existing resourceDirectory C:\Users\May\OneDrive\Documents\PAPELES IMPORTANTES\TFG\tfg\src\test\resources
2024-07-26 17:52:03,992 [Worker-23: Update Maven projects configuration] INFO  o.e.m.c.i.p.ProjectConfigurationManager - Update completed for 1 poms: local refresh takes 0,00 sec, refresh facades takes 1,00 sec, update config takes 0,00 sec 
2024-07-26 18:55:07,246 [Worker-31: Building] INFO  o.a.m.s.f.DefaultMavenResourcesFiltering - Copying 1 resource from src\main\resources to target\classes
2024-07-26 18:55:07,254 [Worker-31: Building] INFO  o.a.m.s.f.DefaultMavenResourcesFiltering - Copying 0 resource from src\main\resources to target\classes
2024-07-26 18:55:07,257 [Worker-31: Building] INFO  o.a.m.s.f.DefaultMavenResourcesFiltering - skip non existing resourceDirectory C:\Users\May\OneDrive\Documents\PAPELES IMPORTANTES\TFG\tfg\src\test\resources
2024-07-26 19:20:53,419 [Start Help Server] INFO  org.eclipse.jetty.server.Server - jetty-12.0.3; built: 2023-10-27T03:25:22.284Z; git: a873259fd5af141dedaa6c7fa8fe8fbdedce0d61; jvm 21.0.1+12-LTS-29
2024-07-26 19:20:53,467 [Start Help Server] INFO  o.e.j.server.handler.ContextHandler - Started oeje8n.ContextHandler$CoreContextHandler@10dc440{/help,/help,b=null,a=AVAILABLE,h=oeje8n.ContextHandler$CoreContextHandler$CoreToNestedHandler@10166a09{STARTED}}
2024-07-26 19:20:53,468 [Start Help Server] INFO  o.e.j.s.DefaultSessionIdManager - Session workerName=node0
2024-07-26 19:20:53,487 [Start Help Server] INFO  o.e.jetty.server.AbstractConnector - Started ServerConnector@3adbcf88{HTTP/1.1, (http/1.1)}{127.0.0.1:52058}
2024-07-26 19:20:53,503 [Start Help Server] INFO  org.eclipse.jetty.server.Server - Started oejs.Server@1e066fb6{STARTING}[12.0.3,sto=0] @5681288ms
2024-07-26 20:01:59,737 [Worker-45: Building] INFO  o.a.m.s.f.DefaultMavenResourcesFiltering - Copying 1 resource from src\main\resources to target\classes
2024-07-26 20:01:59,742 [Worker-45: Building] INFO  o.a.m.s.f.DefaultMavenResourcesFiltering - Copying 0 resource from src\main\resources to target\classes
2024-07-26 20:01:59,745 [Worker-45: Building] INFO  o.a.m.s.f.DefaultMavenResourcesFiltering - skip non existing resourceDirectory C:\Users\May\OneDrive\Documents\PAPELES IMPORTANTES\TFG\tfg\src\test\resources
2024-08-21 16:59:22,702 [Worker-1: Loading available Gradle versions] INFO  o.e.b.c.i.u.g.PublishedGradleVersions - Gradle version information cache is out-of-date. Trying to update.
2024-08-21 16:59:50,910 [Worker-4: Building] INFO  o.a.m.s.f.DefaultMavenResourcesFiltering - Copying 1 resource from src\main\resources to target\classes
2024-08-21 16:59:50,928 [Worker-4: Building] INFO  o.a.m.s.f.DefaultMavenResourcesFiltering - Copying 0 resource from src\main\resources to target\classes
2024-08-21 16:59:50,933 [Worker-4: Building] INFO  o.a.m.s.f.DefaultMavenResourcesFiltering - skip non existing resourceDirectory C:\Users\May\Downloads\Enviar\src\test\resources
2024-08-21 16:59:52,194 [Worker-4: Building] INFO  o.a.m.s.f.DefaultMavenResourcesFiltering - Copying 1 resource from src\main\resources to target\classes
2024-08-21 16:59:52,204 [Worker-4: Building] INFO  o.a.m.s.f.DefaultMavenResourcesFiltering - Copying 0 resource from src\main\resources to target\classes
2024-08-21 16:59:52,207 [Worker-4: Building] INFO  o.a.m.s.f.DefaultMavenResourcesFiltering - skip non existing resourceDirectory C:\Users\May\Downloads\Pedir\src\test\resources
2024-08-21 16:59:53,598 [Worker-4: Building] INFO  o.a.m.s.f.DefaultMavenResourcesFiltering - Copying 1 resource from src\main\resources to target\classes
2024-08-21 16:59:53,614 [Worker-4: Building] INFO  o.a.m.s.f.DefaultMavenResourcesFiltering - Copying 0 resource from src\main\resources to target\classes
2024-08-21 16:59:53,618 [Worker-4: Building] INFO  o.a.m.s.f.DefaultMavenResourcesFiltering - skip non existing resourceDirectory C:\Users\May\OneDrive\Documents\PAPELES IMPORTANTES\TFG\tfg\src\test\resources
2024-08-21 17:36:19,503 [Worker-17: Building] INFO  o.a.m.s.f.DefaultMavenResourcesFiltering - Copying 1 resource from src\main\resources to target\classes
2024-08-21 17:36:19,512 [Worker-17: Building] INFO  o.a.m.s.f.DefaultMavenResourcesFiltering - Copying 0 resource from src\main\resources to target\classes
2024-08-21 17:36:19,516 [Worker-17: Building] INFO  o.a.m.s.f.DefaultMavenResourcesFiltering - skip non existing resourceDirectory C:\Users\May\OneDrive\Documents\PAPELES IMPORTANTES\TFG\tfg\src\test\resources
2024-08-21 17:37:05,249 [Worker-25: Building] INFO  o.a.m.s.f.DefaultMavenResourcesFiltering - Copying 1 resource from src\main\resources to target\classes
2024-08-21 17:37:05,256 [Worker-25: Building] INFO  o.a.m.s.f.DefaultMavenResourcesFiltering - Copying 0 resource from src\main\resources to target\classes
2024-08-21 17:37:05,261 [Worker-25: Building] INFO  o.a.m.s.f.DefaultMavenResourcesFiltering - skip non existing resourceDirectory C:\Users\May\OneDrive\Documents\PAPELES IMPORTANTES\TFG\tfg\src\test\resources
2024-08-21 17:43:11,001 [Worker-32: Building] INFO  o.a.m.s.f.DefaultMavenResourcesFiltering - Copying 1 resource from src\main\resources to target\classes
2024-08-21 17:43:11,008 [Worker-32: Building] INFO  o.a.m.s.f.DefaultMavenResourcesFiltering - Copying 0 resource from src\main\resources to target\classes
2024-08-21 17:43:11,014 [Worker-32: Building] INFO  o.a.m.s.f.DefaultMavenResourcesFiltering - skip non existing resourceDirectory C:\Users\May\OneDrive\Documents\PAPELES IMPORTANTES\TFG\tfg\src\test\resources
2024-08-21 17:45:25,896 [Worker-25: Building] INFO  o.a.m.s.f.DefaultMavenResourcesFiltering - Copying 1 resource from src\main\resources to target\classes
2024-08-21 17:45:25,902 [Worker-25: Building] INFO  o.a.m.s.f.DefaultMavenResourcesFiltering - Copying 0 resource from src\main\resources to target\classes
2024-08-21 17:45:25,905 [Worker-25: Building] INFO  o.a.m.s.f.DefaultMavenResourcesFiltering - skip non existing resourceDirectory C:\Users\May\OneDrive\Documents\PAPELES IMPORTANTES\TFG\tfg\src\test\resources
2024-08-21 17:46:02,576 [Worker-31: Building] INFO  o.a.m.s.f.DefaultMavenResourcesFiltering - Copying 1 resource from src\main\resources to target\classes
2024-08-21 17:46:02,582 [Worker-31: Building] INFO  o.a.m.s.f.DefaultMavenResourcesFiltering - Copying 0 resource from src\main\resources to target\classes
2024-08-21 17:46:02,586 [Worker-31: Building] INFO  o.a.m.s.f.DefaultMavenResourcesFiltering - skip non existing resourceDirectory C:\Users\May\OneDrive\Documents\PAPELES IMPORTANTES\TFG\tfg\src\test\resources
2024-08-21 17:49:07,063 [Worker-25: Building] INFO  o.a.m.s.f.DefaultMavenResourcesFiltering - Copying 1 resource from src\main\resources to target\classes
2024-08-21 17:49:07,071 [Worker-25: Building] INFO  o.a.m.s.f.DefaultMavenResourcesFiltering - Copying 0 resource from src\main\resources to target\classes
2024-08-21 17:49:07,075 [Worker-25: Building] INFO  o.a.m.s.f.DefaultMavenResourcesFiltering - skip non existing resourceDirectory C:\Users\May\OneDrive\Documents\PAPELES IMPORTANTES\TFG\tfg\src\test\resources
2024-08-21 23:18:46,882 [Worker-1: Loading available Gradle versions] INFO  o.e.b.c.i.u.g.PublishedGradleVersions - Gradle version information cache is up-to-date. Trying to read.
2024-08-21 23:48:07,528 [Worker-28: Building] INFO  o.a.m.s.f.DefaultMavenResourcesFiltering - Copying 1 resource from src\main\resources to target\classes
2024-08-21 23:48:07,542 [Worker-28: Building] INFO  o.a.m.s.f.DefaultMavenResourcesFiltering - Copying 0 resource from src\main\resources to target\classes
2024-08-21 23:48:07,547 [Worker-28: Building] INFO  o.a.m.s.f.DefaultMavenResourcesFiltering - skip non existing resourceDirectory C:\Users\May\OneDrive\Documents\PAPELES IMPORTANTES\TFG\tfg\src\test\resources
2024-08-21 23:52:15,900 [Worker-28: Building] INFO  o.a.m.s.f.DefaultMavenResourcesFiltering - Copying 1 resource from src\main\resources to target\classes
2024-08-21 23:52:15,906 [Worker-28: Building] INFO  o.a.m.s.f.DefaultMavenResourcesFiltering - Copying 0 resource from src\main\resources to target\classes
2024-08-21 23:52:15,909 [Worker-28: Building] INFO  o.a.m.s.f.DefaultMavenResourcesFiltering - skip non existing resourceDirectory C:\Users\May\OneDrive\Documents\PAPELES IMPORTANTES\TFG\tfg\src\test\resources
2024-08-21 23:52:31,403 [Worker-28: Building] INFO  o.a.m.s.f.DefaultMavenResourcesFiltering - Copying 1 resource from src\main\resources to target\classes
2024-08-21 23:52:31,408 [Worker-28: Building] INFO  o.a.m.s.f.DefaultMavenResourcesFiltering - Copying 0 resource from src\main\resources to target\classes
2024-08-21 23:52:31,411 [Worker-28: Building] INFO  o.a.m.s.f.DefaultMavenResourcesFiltering - skip non existing resourceDirectory C:\Users\May\OneDrive\Documents\PAPELES IMPORTANTES\TFG\tfg\src\test\resources
2024-08-22 00:00:39,705 [Worker-35: Building] INFO  o.a.m.s.f.DefaultMavenResourcesFiltering - Copying 1 resource from src\main\resources to target\classes
2024-08-22 00:00:39,724 [Worker-35: Building] INFO  o.a.m.s.f.DefaultMavenResourcesFiltering - Copying 0 resource from src\main\resources to target\classes
2024-08-22 00:00:39,731 [Worker-35: Building] INFO  o.a.m.s.f.DefaultMavenResourcesFiltering - skip non existing resourceDirectory C:\Users\May\OneDrive\Documents\PAPELES IMPORTANTES\TFG\tfg\src\test\resources
2024-08-22 00:01:26,747 [Worker-35: Building] INFO  o.a.m.s.f.DefaultMavenResourcesFiltering - Copying 1 resource from src\main\resources to target\classes
2024-08-22 00:01:26,754 [Worker-35: Building] INFO  o.a.m.s.f.DefaultMavenResourcesFiltering - Copying 0 resource from src\main\resources to target\classes
2024-08-22 00:01:26,757 [Worker-35: Building] INFO  o.a.m.s.f.DefaultMavenResourcesFiltering - skip non existing resourceDirectory C:\Users\May\OneDrive\Documents\PAPELES IMPORTANTES\TFG\tfg\src\test\resources
2024-08-22 00:02:27,318 [Start Help Server] INFO  org.eclipse.jetty.server.Server - jetty-12.0.3; built: 2023-10-27T03:25:22.284Z; git: a873259fd5af141dedaa6c7fa8fe8fbdedce0d61; jvm 21.0.1+12-LTS-29
2024-08-22 00:02:27,366 [Start Help Server] INFO  o.e.j.server.handler.ContextHandler - Started oeje8n.ContextHandler$CoreContextHandler@eeb2f2b{/help,/help,b=null,a=AVAILABLE,h=oeje8n.ContextHandler$CoreContextHandler$CoreToNestedHandler@5a1a9e5d{STARTED}}
2024-08-22 00:02:27,367 [Start Help Server] INFO  o.e.j.s.DefaultSessionIdManager - Session workerName=node0
2024-08-22 00:02:27,390 [Start Help Server] INFO  o.e.jetty.server.AbstractConnector - Started ServerConnector@12506623{HTTP/1.1, (http/1.1)}{127.0.0.1:54932}
2024-08-22 00:02:27,406 [Start Help Server] INFO  org.eclipse.jetty.server.Server - Started oejs.Server@1c1de76c{STARTING}[12.0.3,sto=0] @2629802ms
2024-08-22 00:04:10,194 [Worker-28: Building] INFO  o.a.m.s.f.DefaultMavenResourcesFiltering - Copying 1 resource from src\main\resources to target\classes
2024-08-22 00:04:10,199 [Worker-28: Building] INFO  o.a.m.s.f.DefaultMavenResourcesFiltering - Copying 0 resource from src\main\resources to target\classes
2024-08-22 00:04:10,202 [Worker-28: Building] INFO  o.a.m.s.f.DefaultMavenResourcesFiltering - skip non existing resourceDirectory C:\Users\May\OneDrive\Documents\PAPELES IMPORTANTES\TFG\tfg\src\test\resources
2024-08-22 00:06:40,370 [Worker-34: Building] INFO  o.a.m.s.f.DefaultMavenResourcesFiltering - Copying 1 resource from src\main\resources to target\classes
2024-08-22 00:06:40,377 [Worker-34: Building] INFO  o.a.m.s.f.DefaultMavenResourcesFiltering - skip non existing resourceDirectory C:\Users\May\OneDrive\Documents\PAPELES IMPORTANTES\TFG\tfg\src\test\resources
2024-08-22 00:25:11,665 [Worker-37: Building] INFO  o.e.m.c.i.l.LifecycleMappingFactory - Using org.eclipse.m2e.jdt.JarLifecycleMapping lifecycle mapping for MavenProject: trabajo:tfg:0.0.1-SNAPSHOT @ C:\Users\May\OneDrive\Documents\PAPELES IMPORTANTES\TFG\tfg\pom.xml.
2024-08-22 00:25:12,779 [Worker-37: Building] INFO  o.a.m.s.f.DefaultMavenResourcesFiltering - Copying 1 resource from src\main\resources to target\classes
2024-08-22 00:25:12,800 [Worker-37: Building] INFO  o.a.m.s.f.DefaultMavenResourcesFiltering - skip non existing resourceDirectory C:\Users\May\OneDrive\Documents\PAPELES IMPORTANTES\TFG\tfg\src\test\resources
2024-08-22 00:25:14,241 [Worker-43: Building] INFO  o.e.m.c.i.l.LifecycleMappingFactory - Using org.eclipse.m2e.jdt.JarLifecycleMapping lifecycle mapping for MavenProject: trabajo:tfg:0.0.1-SNAPSHOT @ C:\Users\May\OneDrive\Documents\PAPELES IMPORTANTES\TFG\tfg\pom.xml.
2024-08-22 00:25:15,169 [Worker-43: Building] INFO  o.a.m.s.f.DefaultMavenResourcesFiltering - Copying 1 resource from src\main\resources to target\classes
2024-08-22 00:25:15,181 [Worker-43: Building] INFO  o.a.m.s.f.DefaultMavenResourcesFiltering - skip non existing resourceDirectory C:\Users\May\OneDrive\Documents\PAPELES IMPORTANTES\TFG\tfg\src\test\resources
2024-08-22 00:26:07,573 [Worker-43: Launching New_configuration] INFO  o.eclipse.m2e.core.internal.Bundles - getClasspathEntries(Bundle=org.eclipse.m2e.maven.runtime_3.9.500.20231113-2345 [295])
2024-08-22 00:26:07,575 [Worker-43: Launching New_configuration] INFO  o.eclipse.m2e.core.internal.Bundles - 	Entry: C:\Users\May\.p2\pool\plugins\org.eclipse.m2e.maven.runtime_3.9.500.20231113-2345
2024-08-22 00:26:07,575 [Worker-43: Launching New_configuration] INFO  o.eclipse.m2e.core.internal.Bundles - 	Entry: C:\Users\May\.p2\pool\plugins\org.eclipse.m2e.maven.runtime_3.9.500.20231113-2345\jars\aopalliance-1.0.jar
2024-08-22 00:26:07,575 [Worker-43: Launching New_configuration] INFO  o.eclipse.m2e.core.internal.Bundles - 	Entry: C:\Users\May\.p2\pool\plugins\org.eclipse.m2e.maven.runtime_3.9.500.20231113-2345\jars\guice-5.1.0.jar
2024-08-22 00:26:07,576 [Worker-43: Launching New_configuration] INFO  o.eclipse.m2e.core.internal.Bundles - 	Entry: C:\Users\May\.p2\pool\plugins\org.eclipse.m2e.maven.runtime_3.9.500.20231113-2345\jars\httpclient-4.5.14.jar
2024-08-22 00:26:07,576 [Worker-43: Launching New_configuration] INFO  o.eclipse.m2e.core.internal.Bundles - 	Entry: C:\Users\May\.p2\pool\plugins\org.eclipse.m2e.maven.runtime_3.9.500.20231113-2345\jars\httpcore-4.4.16.jar
2024-08-22 00:26:07,576 [Worker-43: Launching New_configuration] INFO  o.eclipse.m2e.core.internal.Bundles - 	Entry: C:\Users\May\.p2\pool\plugins\org.eclipse.m2e.maven.runtime_3.9.500.20231113-2345\jars\jansi-2.4.0.jar
2024-08-22 00:26:07,576 [Worker-43: Launching New_configuration] INFO  o.eclipse.m2e.core.internal.Bundles - 	Entry: C:\Users\May\.p2\pool\plugins\org.eclipse.m2e.maven.runtime_3.9.500.20231113-2345\jars\jcl-over-slf4j-1.7.36.jar
2024-08-22 00:26:07,576 [Worker-43: Launching New_configuration] INFO  o.eclipse.m2e.core.internal.Bundles - 	Entry: C:\Users\May\.p2\pool\plugins\org.eclipse.m2e.maven.runtime_3.9.500.20231113-2345\jars\maven-artifact-3.9.5.jar
2024-08-22 00:26:07,576 [Worker-43: Launching New_configuration] INFO  o.eclipse.m2e.core.internal.Bundles - 	Entry: C:\Users\May\.p2\pool\plugins\org.eclipse.m2e.maven.runtime_3.9.500.20231113-2345\jars\maven-builder-support-3.9.5.jar
2024-08-22 00:26:07,576 [Worker-43: Launching New_configuration] INFO  o.eclipse.m2e.core.internal.Bundles - 	Entry: C:\Users\May\.p2\pool\plugins\org.eclipse.m2e.maven.runtime_3.9.500.20231113-2345\jars\maven-compat-3.9.5.jar
2024-08-22 00:26:07,577 [Worker-43: Launching New_configuration] INFO  o.eclipse.m2e.core.internal.Bundles - 	Entry: C:\Users\May\.p2\pool\plugins\org.eclipse.m2e.maven.runtime_3.9.500.20231113-2345\jars\maven-core-3.9.5.jar
2024-08-22 00:26:07,577 [Worker-43: Launching New_configuration] INFO  o.eclipse.m2e.core.internal.Bundles - 	Entry: C:\Users\May\.p2\pool\plugins\org.eclipse.m2e.maven.runtime_3.9.500.20231113-2345\jars\maven-embedder-3.9.5.jar
2024-08-22 00:26:07,577 [Worker-43: Launching New_configuration] INFO  o.eclipse.m2e.core.internal.Bundles - 	Entry: C:\Users\May\.p2\pool\plugins\org.eclipse.m2e.maven.runtime_3.9.500.20231113-2345\jars\maven-model-3.9.5.jar
2024-08-22 00:26:07,577 [Worker-43: Launching New_configuration] INFO  o.eclipse.m2e.core.internal.Bundles - 	Entry: C:\Users\May\.p2\pool\plugins\org.eclipse.m2e.maven.runtime_3.9.500.20231113-2345\jars\maven-model-builder-3.9.5.jar
2024-08-22 00:26:07,577 [Worker-43: Launching New_configuration] INFO  o.eclipse.m2e.core.internal.Bundles - 	Entry: C:\Users\May\.p2\pool\plugins\org.eclipse.m2e.maven.runtime_3.9.500.20231113-2345\jars\maven-plugin-api-3.9.5.jar
2024-08-22 00:26:07,577 [Worker-43: Launching New_configuration] INFO  o.eclipse.m2e.core.internal.Bundles - 	Entry: C:\Users\May\.p2\pool\plugins\org.eclipse.m2e.maven.runtime_3.9.500.20231113-2345\jars\maven-repository-metadata-3.9.5.jar
2024-08-22 00:26:07,577 [Worker-43: Launching New_configuration] INFO  o.eclipse.m2e.core.internal.Bundles - 	Entry: C:\Users\May\.p2\pool\plugins\org.eclipse.m2e.maven.runtime_3.9.500.20231113-2345\jars\maven-resolver-api-1.9.16.jar
2024-08-22 00:26:07,578 [Worker-43: Launching New_configuration] INFO  o.eclipse.m2e.core.internal.Bundles - 	Entry: C:\Users\May\.p2\pool\plugins\org.eclipse.m2e.maven.runtime_3.9.500.20231113-2345\jars\maven-resolver-connector-basic-1.9.16.jar
2024-08-22 00:26:07,578 [Worker-43: Launching New_configuration] INFO  o.eclipse.m2e.core.internal.Bundles - 	Entry: C:\Users\May\.p2\pool\plugins\org.eclipse.m2e.maven.runtime_3.9.500.20231113-2345\jars\maven-resolver-impl-1.9.16.jar
2024-08-22 00:26:07,578 [Worker-43: Launching New_configuration] INFO  o.eclipse.m2e.core.internal.Bundles - 	Entry: C:\Users\May\.p2\pool\plugins\org.eclipse.m2e.maven.runtime_3.9.500.20231113-2345\jars\maven-resolver-named-locks-1.9.16.jar
2024-08-22 00:26:07,578 [Worker-43: Launching New_configuration] INFO  o.eclipse.m2e.core.internal.Bundles - 	Entry: C:\Users\May\.p2\pool\plugins\org.eclipse.m2e.maven.runtime_3.9.500.20231113-2345\jars\maven-resolver-provider-3.9.5.jar
2024-08-22 00:26:07,578 [Worker-43: Launching New_configuration] INFO  o.eclipse.m2e.core.internal.Bundles - 	Entry: C:\Users\May\.p2\pool\plugins\org.eclipse.m2e.maven.runtime_3.9.500.20231113-2345\jars\maven-resolver-spi-1.9.16.jar
2024-08-22 00:26:07,578 [Worker-43: Launching New_configuration] INFO  o.eclipse.m2e.core.internal.Bundles - 	Entry: C:\Users\May\.p2\pool\plugins\org.eclipse.m2e.maven.runtime_3.9.500.20231113-2345\jars\maven-resolver-transport-file-1.9.16.jar
2024-08-22 00:26:07,578 [Worker-43: Launching New_configuration] INFO  o.eclipse.m2e.core.internal.Bundles - 	Entry: C:\Users\May\.p2\pool\plugins\org.eclipse.m2e.maven.runtime_3.9.500.20231113-2345\jars\maven-resolver-transport-http-1.9.16.jar
2024-08-22 00:26:07,579 [Worker-43: Launching New_configuration] INFO  o.eclipse.m2e.core.internal.Bundles - 	Entry: C:\Users\May\.p2\pool\plugins\org.eclipse.m2e.maven.runtime_3.9.500.20231113-2345\jars\maven-resolver-transport-wagon-1.9.16.jar
2024-08-22 00:26:07,579 [Worker-43: Launching New_configuration] INFO  o.eclipse.m2e.core.internal.Bundles - 	Entry: C:\Users\May\.p2\pool\plugins\org.eclipse.m2e.maven.runtime_3.9.500.20231113-2345\jars\maven-resolver-util-1.9.16.jar
2024-08-22 00:26:07,579 [Worker-43: Launching New_configuration] INFO  o.eclipse.m2e.core.internal.Bundles - 	Entry: C:\Users\May\.p2\pool\plugins\org.eclipse.m2e.maven.runtime_3.9.500.20231113-2345\jars\maven-settings-3.9.5.jar
2024-08-22 00:26:07,579 [Worker-43: Launching New_configuration] INFO  o.eclipse.m2e.core.internal.Bundles - 	Entry: C:\Users\May\.p2\pool\plugins\org.eclipse.m2e.maven.runtime_3.9.500.20231113-2345\jars\maven-settings-builder-3.9.5.jar
2024-08-22 00:26:07,579 [Worker-43: Launching New_configuration] INFO  o.eclipse.m2e.core.internal.Bundles - 	Entry: C:\Users\May\.p2\pool\plugins\org.eclipse.m2e.maven.runtime_3.9.500.20231113-2345\jars\maven-shared-utils-3.3.4.jar
2024-08-22 00:26:07,579 [Worker-43: Launching New_configuration] INFO  o.eclipse.m2e.core.internal.Bundles - 	Entry: C:\Users\May\.p2\pool\plugins\org.eclipse.m2e.maven.runtime_3.9.500.20231113-2345\jars\org.eclipse.sisu.inject-0.3.5.jar
2024-08-22 00:26:07,580 [Worker-43: Launching New_configuration] INFO  o.eclipse.m2e.core.internal.Bundles - 	Entry: C:\Users\May\.p2\pool\plugins\org.eclipse.m2e.maven.runtime_3.9.500.20231113-2345\jars\org.eclipse.sisu.plexus-0.3.5.jar
2024-08-22 00:26:07,580 [Worker-43: Launching New_configuration] INFO  o.eclipse.m2e.core.internal.Bundles - 	Entry: C:\Users\May\.p2\pool\plugins\org.eclipse.m2e.maven.runtime_3.9.500.20231113-2345\jars\plexus-build-api-0.0.7.jar
2024-08-22 00:26:07,580 [Worker-43: Launching New_configuration] INFO  o.eclipse.m2e.core.internal.Bundles - 	Entry: C:\Users\May\.p2\pool\plugins\org.eclipse.m2e.maven.runtime_3.9.500.20231113-2345\jars\plexus-cipher-2.0.jar
2024-08-22 00:26:07,580 [Worker-43: Launching New_configuration] INFO  o.eclipse.m2e.core.internal.Bundles - 	Entry: C:\Users\May\.p2\pool\plugins\org.eclipse.m2e.maven.runtime_3.9.500.20231113-2345\jars\plexus-classworlds-2.7.0.jar
2024-08-22 00:26:07,580 [Worker-43: Launching New_configuration] INFO  o.eclipse.m2e.core.internal.Bundles - 	Entry: C:\Users\May\.p2\pool\plugins\org.eclipse.m2e.maven.runtime_3.9.500.20231113-2345\jars\plexus-component-annotations-2.1.0.jar
2024-08-22 00:26:07,580 [Worker-43: Launching New_configuration] INFO  o.eclipse.m2e.core.internal.Bundles - 	Entry: C:\Users\May\.p2\pool\plugins\org.eclipse.m2e.maven.runtime_3.9.500.20231113-2345\jars\plexus-interpolation-1.26.jar
2024-08-22 00:26:07,580 [Worker-43: Launching New_configuration] INFO  o.eclipse.m2e.core.internal.Bundles - 	Entry: C:\Users\May\.p2\pool\plugins\org.eclipse.m2e.maven.runtime_3.9.500.20231113-2345\jars\plexus-sec-dispatcher-2.0.jar
2024-08-22 00:26:07,581 [Worker-43: Launching New_configuration] INFO  o.eclipse.m2e.core.internal.Bundles - 	Entry: C:\Users\May\.p2\pool\plugins\org.eclipse.m2e.maven.runtime_3.9.500.20231113-2345\jars\plexus-utils-3.5.1.jar
2024-08-22 00:26:07,581 [Worker-43: Launching New_configuration] INFO  o.eclipse.m2e.core.internal.Bundles - 	Entry: C:\Users\May\.p2\pool\plugins\org.eclipse.m2e.maven.runtime_3.9.500.20231113-2345\jars\wagon-file-3.5.3.jar
2024-08-22 00:26:07,581 [Worker-43: Launching New_configuration] INFO  o.eclipse.m2e.core.internal.Bundles - 	Entry: C:\Users\May\.p2\pool\plugins\org.eclipse.m2e.maven.runtime_3.9.500.20231113-2345\jars\wagon-http-3.5.3.jar
2024-08-22 00:26:07,581 [Worker-43: Launching New_configuration] INFO  o.eclipse.m2e.core.internal.Bundles - 	Entry: C:\Users\May\.p2\pool\plugins\org.eclipse.m2e.maven.runtime_3.9.500.20231113-2345\jars\wagon-http-shared-3.5.3.jar
2024-08-22 00:26:07,581 [Worker-43: Launching New_configuration] INFO  o.eclipse.m2e.core.internal.Bundles - 	Entry: C:\Users\May\.p2\pool\plugins\org.eclipse.m2e.maven.runtime_3.9.500.20231113-2345\jars\wagon-provider-api-3.5.3.jar
2024-08-22 00:26:07,582 [Worker-43: Launching New_configuration] INFO  o.eclipse.m2e.core.internal.Bundles - getClasspathEntries(Bundle=com.google.guava_32.1.3.jre [10])
2024-08-22 00:26:07,583 [Worker-43: Launching New_configuration] INFO  o.eclipse.m2e.core.internal.Bundles - 	Entry: C:\Users\May\.p2\pool\plugins\com.google.guava_32.1.3.jre.jar
2024-08-22 00:26:07,583 [Worker-43: Launching New_configuration] INFO  o.eclipse.m2e.core.internal.Bundles - getClasspathEntries(Bundle=slf4j.api_2.0.9 [515])
2024-08-22 00:26:07,583 [Worker-43: Launching New_configuration] INFO  o.eclipse.m2e.core.internal.Bundles - 	Entry: C:\Users\May\.p2\pool\plugins\slf4j.api_2.0.9.jar
2024-08-22 00:26:07,583 [Worker-43: Launching New_configuration] INFO  o.eclipse.m2e.core.internal.Bundles - getClasspathEntries(Bundle=jakarta.inject.jakarta.inject-api_1.0.5 [22])
2024-08-22 00:26:07,583 [Worker-43: Launching New_configuration] INFO  o.eclipse.m2e.core.internal.Bundles - 	Entry: C:\Users\May\.p2\pool\plugins\jakarta.inject.jakarta.inject-api_1.0.5.jar
2024-08-22 00:26:07,583 [Worker-43: Launching New_configuration] INFO  o.eclipse.m2e.core.internal.Bundles - getClasspathEntries(Bundle=jakarta.annotation-api_1.3.5 [20])
2024-08-22 00:26:07,584 [Worker-43: Launching New_configuration] INFO  o.eclipse.m2e.core.internal.Bundles - 	Entry: C:\Users\May\.p2\pool\plugins\jakarta.annotation-api_1.3.5.jar
2024-08-22 00:26:07,585 [Worker-43: Launching New_configuration] INFO  o.eclipse.m2e.core.internal.Bundles - getClasspathEntries(Bundle=org.apache.commons.cli_1.6.0 [46])
2024-08-22 00:26:07,585 [Worker-43: Launching New_configuration] INFO  o.eclipse.m2e.core.internal.Bundles - 	Entry: C:\Users\May\.p2\pool\plugins\org.apache.commons.cli_1.6.0.jar
2024-08-22 00:26:07,585 [Worker-43: Launching New_configuration] INFO  o.eclipse.m2e.core.internal.Bundles - getClasspathEntries(Bundle=org.apache.commons.commons-codec_1.16.0 [48])
2024-08-22 00:26:07,585 [Worker-43: Launching New_configuration] INFO  o.eclipse.m2e.core.internal.Bundles - 	Entry: C:\Users\May\.p2\pool\plugins\org.apache.commons.commons-codec_1.16.0.jar
2024-08-22 00:26:07,586 [Worker-43: Launching New_configuration] INFO  o.eclipse.m2e.core.internal.Bundles - getClasspathEntries(Bundle=org.apache.commons.lang3_3.13.0 [53])
2024-08-22 00:26:07,586 [Worker-43: Launching New_configuration] INFO  o.eclipse.m2e.core.internal.Bundles - 	Entry: C:\Users\May\.p2\pool\plugins\org.apache.commons.lang3_3.13.0.jar
2024-08-22 00:26:07,586 [Worker-43: Launching New_configuration] INFO  o.eclipse.m2e.core.internal.Bundles - getClasspathEntries(Bundle=com.google.guava.failureaccess_1.0.2 [11])
2024-08-22 00:26:07,586 [Worker-43: Launching New_configuration] INFO  o.eclipse.m2e.core.internal.Bundles - 	Entry: C:\Users\May\.p2\pool\plugins\com.google.guava.failureaccess_1.0.2.jar
2024-08-22 00:26:07,589 [Worker-43: Launching New_configuration] INFO  o.e.m.i.launch.MavenLaunchDelegate - Run build in "C:\Users\May\OneDrive\Documents\PAPELES IMPORTANTES\TFG\tfg":
2024-08-22 00:26:07,589 [Worker-43: Launching New_configuration] INFO  o.e.m.i.launch.MavenLaunchDelegate -  mvn  -B -Dstyle.color=always clean install
2024-08-22 00:27:13,953 [Stop Help Server] INFO  org.eclipse.jetty.server.Server - Stopped oejs.Server@1c1de76c{STOPPING}[12.0.3,sto=0]
2024-08-22 00:27:13,957 [Stop Help Server] INFO  o.e.jetty.server.AbstractConnector - Stopped ServerConnector@12506623{HTTP/1.1, (http/1.1)}{127.0.0.1:0}
2024-08-22 00:27:32,895 [Worker-5: Loading available Gradle versions] INFO  o.e.b.c.i.u.g.PublishedGradleVersions - Gradle version information cache is up-to-date. Trying to read.
2024-08-22 00:28:01,754 [Worker-17: Importing Maven projects] INFO  o.e.m.c.i.l.LifecycleMappingFactory - Using org.eclipse.m2e.jdt.JarLifecycleMapping lifecycle mapping for MavenProject: trabajo:tfg:0.0.1-SNAPSHOT @ C:\dev\Workspace\Backend\tfg\pom.xml.
2024-08-22 00:28:02,827 [Worker-17: Importing Maven projects] INFO  o.e.m.j.i.AbstractJavaProjectConfigurator - Adding source folder /tfg/src/main/java
2024-08-22 00:28:02,827 [Worker-17: Importing Maven projects] INFO  o.e.m.j.i.AbstractJavaProjectConfigurator - Adding resource folder /tfg/src/main/resources
2024-08-22 00:28:02,827 [Worker-17: Importing Maven projects] INFO  o.e.m.j.i.AbstractJavaProjectConfigurator - Adding resource folder /tfg/src/main/resources
2024-08-22 00:28:02,828 [Worker-17: Importing Maven projects] INFO  o.e.m.j.i.AbstractJavaProjectConfigurator - Adding source folder /tfg/src/test/java
2024-08-22 00:28:02,829 [Worker-17: Importing Maven projects] INFO  o.e.m.j.i.AbstractJavaProjectConfigurator - Adding resource folder /tfg/src/test/resources
2024-08-22 00:28:03,208 [Worker-17: Importing Maven projects] INFO  o.e.m.c.i.p.ProjectConfigurationManager - Imported and configured 1 project(s) in 3 sec
2024-08-22 00:28:04,252 [Worker-16: Building] INFO  o.a.m.s.f.DefaultMavenResourcesFiltering - Copying 1 resource from src\main\resources to target\classes
2024-08-22 00:28:04,275 [Worker-16: Building] INFO  o.a.m.s.f.DefaultMavenResourcesFiltering - skip non existing resourceDirectory C:\dev\Workspace\Backend\tfg\src\test\resources
2024-08-22 00:28:41,204 [Worker-10: Launching New_configuration] INFO  o.eclipse.m2e.core.internal.Bundles - getClasspathEntries(Bundle=org.eclipse.m2e.maven.runtime_3.9.500.20231113-2345 [295])
2024-08-22 00:28:41,205 [Worker-10: Launching New_configuration] INFO  o.eclipse.m2e.core.internal.Bundles - 	Entry: C:\Users\May\.p2\pool\plugins\org.eclipse.m2e.maven.runtime_3.9.500.20231113-2345
2024-08-22 00:28:41,205 [Worker-10: Launching New_configuration] INFO  o.eclipse.m2e.core.internal.Bundles - 	Entry: C:\Users\May\.p2\pool\plugins\org.eclipse.m2e.maven.runtime_3.9.500.20231113-2345\jars\aopalliance-1.0.jar
2024-08-22 00:28:41,206 [Worker-10: Launching New_configuration] INFO  o.eclipse.m2e.core.internal.Bundles - 	Entry: C:\Users\May\.p2\pool\plugins\org.eclipse.m2e.maven.runtime_3.9.500.20231113-2345\jars\guice-5.1.0.jar
2024-08-22 00:28:41,206 [Worker-10: Launching New_configuration] INFO  o.eclipse.m2e.core.internal.Bundles - 	Entry: C:\Users\May\.p2\pool\plugins\org.eclipse.m2e.maven.runtime_3.9.500.20231113-2345\jars\httpclient-4.5.14.jar
2024-08-22 00:28:41,206 [Worker-10: Launching New_configuration] INFO  o.eclipse.m2e.core.internal.Bundles - 	Entry: C:\Users\May\.p2\pool\plugins\org.eclipse.m2e.maven.runtime_3.9.500.20231113-2345\jars\httpcore-4.4.16.jar
2024-08-22 00:28:41,206 [Worker-10: Launching New_configuration] INFO  o.eclipse.m2e.core.internal.Bundles - 	Entry: C:\Users\May\.p2\pool\plugins\org.eclipse.m2e.maven.runtime_3.9.500.20231113-2345\jars\jansi-2.4.0.jar
2024-08-22 00:28:41,206 [Worker-10: Launching New_configuration] INFO  o.eclipse.m2e.core.internal.Bundles - 	Entry: C:\Users\May\.p2\pool\plugins\org.eclipse.m2e.maven.runtime_3.9.500.20231113-2345\jars\jcl-over-slf4j-1.7.36.jar
2024-08-22 00:28:41,206 [Worker-10: Launching New_configuration] INFO  o.eclipse.m2e.core.internal.Bundles - 	Entry: C:\Users\May\.p2\pool\plugins\org.eclipse.m2e.maven.runtime_3.9.500.20231113-2345\jars\maven-artifact-3.9.5.jar
2024-08-22 00:28:41,206 [Worker-10: Launching New_configuration] INFO  o.eclipse.m2e.core.internal.Bundles - 	Entry: C:\Users\May\.p2\pool\plugins\org.eclipse.m2e.maven.runtime_3.9.500.20231113-2345\jars\maven-builder-support-3.9.5.jar
2024-08-22 00:28:41,207 [Worker-10: Launching New_configuration] INFO  o.eclipse.m2e.core.internal.Bundles - 	Entry: C:\Users\May\.p2\pool\plugins\org.eclipse.m2e.maven.runtime_3.9.500.20231113-2345\jars\maven-compat-3.9.5.jar
2024-08-22 00:28:41,207 [Worker-10: Launching New_configuration] INFO  o.eclipse.m2e.core.internal.Bundles - 	Entry: C:\Users\May\.p2\pool\plugins\org.eclipse.m2e.maven.runtime_3.9.500.20231113-2345\jars\maven-core-3.9.5.jar
2024-08-22 00:28:41,207 [Worker-10: Launching New_configuration] INFO  o.eclipse.m2e.core.internal.Bundles - 	Entry: C:\Users\May\.p2\pool\plugins\org.eclipse.m2e.maven.runtime_3.9.500.20231113-2345\jars\maven-embedder-3.9.5.jar
2024-08-22 00:28:41,207 [Worker-10: Launching New_configuration] INFO  o.eclipse.m2e.core.internal.Bundles - 	Entry: C:\Users\May\.p2\pool\plugins\org.eclipse.m2e.maven.runtime_3.9.500.20231113-2345\jars\maven-model-3.9.5.jar
2024-08-22 00:28:41,207 [Worker-10: Launching New_configuration] INFO  o.eclipse.m2e.core.internal.Bundles - 	Entry: C:\Users\May\.p2\pool\plugins\org.eclipse.m2e.maven.runtime_3.9.500.20231113-2345\jars\maven-model-builder-3.9.5.jar
2024-08-22 00:28:41,207 [Worker-10: Launching New_configuration] INFO  o.eclipse.m2e.core.internal.Bundles - 	Entry: C:\Users\May\.p2\pool\plugins\org.eclipse.m2e.maven.runtime_3.9.500.20231113-2345\jars\maven-plugin-api-3.9.5.jar
2024-08-22 00:28:41,207 [Worker-10: Launching New_configuration] INFO  o.eclipse.m2e.core.internal.Bundles - 	Entry: C:\Users\May\.p2\pool\plugins\org.eclipse.m2e.maven.runtime_3.9.500.20231113-2345\jars\maven-repository-metadata-3.9.5.jar
2024-08-22 00:28:41,208 [Worker-10: Launching New_configuration] INFO  o.eclipse.m2e.core.internal.Bundles - 	Entry: C:\Users\May\.p2\pool\plugins\org.eclipse.m2e.maven.runtime_3.9.500.20231113-2345\jars\maven-resolver-api-1.9.16.jar
2024-08-22 00:28:41,208 [Worker-10: Launching New_configuration] INFO  o.eclipse.m2e.core.internal.Bundles - 	Entry: C:\Users\May\.p2\pool\plugins\org.eclipse.m2e.maven.runtime_3.9.500.20231113-2345\jars\maven-resolver-connector-basic-1.9.16.jar
2024-08-22 00:28:41,208 [Worker-10: Launching New_configuration] INFO  o.eclipse.m2e.core.internal.Bundles - 	Entry: C:\Users\May\.p2\pool\plugins\org.eclipse.m2e.maven.runtime_3.9.500.20231113-2345\jars\maven-resolver-impl-1.9.16.jar
2024-08-22 00:28:41,208 [Worker-10: Launching New_configuration] INFO  o.eclipse.m2e.core.internal.Bundles - 	Entry: C:\Users\May\.p2\pool\plugins\org.eclipse.m2e.maven.runtime_3.9.500.20231113-2345\jars\maven-resolver-named-locks-1.9.16.jar
2024-08-22 00:28:41,208 [Worker-10: Launching New_configuration] INFO  o.eclipse.m2e.core.internal.Bundles - 	Entry: C:\Users\May\.p2\pool\plugins\org.eclipse.m2e.maven.runtime_3.9.500.20231113-2345\jars\maven-resolver-provider-3.9.5.jar
2024-08-22 00:28:41,208 [Worker-10: Launching New_configuration] INFO  o.eclipse.m2e.core.internal.Bundles - 	Entry: C:\Users\May\.p2\pool\plugins\org.eclipse.m2e.maven.runtime_3.9.500.20231113-2345\jars\maven-resolver-spi-1.9.16.jar
2024-08-22 00:28:41,208 [Worker-10: Launching New_configuration] INFO  o.eclipse.m2e.core.internal.Bundles - 	Entry: C:\Users\May\.p2\pool\plugins\org.eclipse.m2e.maven.runtime_3.9.500.20231113-2345\jars\maven-resolver-transport-file-1.9.16.jar
2024-08-22 00:28:41,208 [Worker-10: Launching New_configuration] INFO  o.eclipse.m2e.core.internal.Bundles - 	Entry: C:\Users\May\.p2\pool\plugins\org.eclipse.m2e.maven.runtime_3.9.500.20231113-2345\jars\maven-resolver-transport-http-1.9.16.jar
2024-08-22 00:28:41,209 [Worker-10: Launching New_configuration] INFO  o.eclipse.m2e.core.internal.Bundles - 	Entry: C:\Users\May\.p2\pool\plugins\org.eclipse.m2e.maven.runtime_3.9.500.20231113-2345\jars\maven-resolver-transport-wagon-1.9.16.jar
2024-08-22 00:28:41,209 [Worker-10: Launching New_configuration] INFO  o.eclipse.m2e.core.internal.Bundles - 	Entry: C:\Users\May\.p2\pool\plugins\org.eclipse.m2e.maven.runtime_3.9.500.20231113-2345\jars\maven-resolver-util-1.9.16.jar
2024-08-22 00:28:41,209 [Worker-10: Launching New_configuration] INFO  o.eclipse.m2e.core.internal.Bundles - 	Entry: C:\Users\May\.p2\pool\plugins\org.eclipse.m2e.maven.runtime_3.9.500.20231113-2345\jars\maven-settings-3.9.5.jar
2024-08-22 00:28:41,209 [Worker-10: Launching New_configuration] INFO  o.eclipse.m2e.core.internal.Bundles - 	Entry: C:\Users\May\.p2\pool\plugins\org.eclipse.m2e.maven.runtime_3.9.500.20231113-2345\jars\maven-settings-builder-3.9.5.jar
2024-08-22 00:28:41,210 [Worker-10: Launching New_configuration] INFO  o.eclipse.m2e.core.internal.Bundles - 	Entry: C:\Users\May\.p2\pool\plugins\org.eclipse.m2e.maven.runtime_3.9.500.20231113-2345\jars\maven-shared-utils-3.3.4.jar
2024-08-22 00:28:41,210 [Worker-10: Launching New_configuration] INFO  o.eclipse.m2e.core.internal.Bundles - 	Entry: C:\Users\May\.p2\pool\plugins\org.eclipse.m2e.maven.runtime_3.9.500.20231113-2345\jars\org.eclipse.sisu.inject-0.3.5.jar
2024-08-22 00:28:41,210 [Worker-10: Launching New_configuration] INFO  o.eclipse.m2e.core.internal.Bundles - 	Entry: C:\Users\May\.p2\pool\plugins\org.eclipse.m2e.maven.runtime_3.9.500.20231113-2345\jars\org.eclipse.sisu.plexus-0.3.5.jar
2024-08-22 00:28:41,210 [Worker-10: Launching New_configuration] INFO  o.eclipse.m2e.core.internal.Bundles - 	Entry: C:\Users\May\.p2\pool\plugins\org.eclipse.m2e.maven.runtime_3.9.500.20231113-2345\jars\plexus-build-api-0.0.7.jar
2024-08-22 00:28:41,210 [Worker-10: Launching New_configuration] INFO  o.eclipse.m2e.core.internal.Bundles - 	Entry: C:\Users\May\.p2\pool\plugins\org.eclipse.m2e.maven.runtime_3.9.500.20231113-2345\jars\plexus-cipher-2.0.jar
2024-08-22 00:28:41,210 [Worker-10: Launching New_configuration] INFO  o.eclipse.m2e.core.internal.Bundles - 	Entry: C:\Users\May\.p2\pool\plugins\org.eclipse.m2e.maven.runtime_3.9.500.20231113-2345\jars\plexus-classworlds-2.7.0.jar
2024-08-22 00:28:41,211 [Worker-10: Launching New_configuration] INFO  o.eclipse.m2e.core.internal.Bundles - 	Entry: C:\Users\May\.p2\pool\plugins\org.eclipse.m2e.maven.runtime_3.9.500.20231113-2345\jars\plexus-component-annotations-2.1.0.jar
2024-08-22 00:28:41,211 [Worker-10: Launching New_configuration] INFO  o.eclipse.m2e.core.internal.Bundles - 	Entry: C:\Users\May\.p2\pool\plugins\org.eclipse.m2e.maven.runtime_3.9.500.20231113-2345\jars\plexus-interpolation-1.26.jar
2024-08-22 00:28:41,211 [Worker-10: Launching New_configuration] INFO  o.eclipse.m2e.core.internal.Bundles - 	Entry: C:\Users\May\.p2\pool\plugins\org.eclipse.m2e.maven.runtime_3.9.500.20231113-2345\jars\plexus-sec-dispatcher-2.0.jar
2024-08-22 00:28:41,211 [Worker-10: Launching New_configuration] INFO  o.eclipse.m2e.core.internal.Bundles - 	Entry: C:\Users\May\.p2\pool\plugins\org.eclipse.m2e.maven.runtime_3.9.500.20231113-2345\jars\plexus-utils-3.5.1.jar
2024-08-22 00:28:41,211 [Worker-10: Launching New_configuration] INFO  o.eclipse.m2e.core.internal.Bundles - 	Entry: C:\Users\May\.p2\pool\plugins\org.eclipse.m2e.maven.runtime_3.9.500.20231113-2345\jars\wagon-file-3.5.3.jar
2024-08-22 00:28:41,211 [Worker-10: Launching New_configuration] INFO  o.eclipse.m2e.core.internal.Bundles - 	Entry: C:\Users\May\.p2\pool\plugins\org.eclipse.m2e.maven.runtime_3.9.500.20231113-2345\jars\wagon-http-3.5.3.jar
2024-08-22 00:28:41,211 [Worker-10: Launching New_configuration] INFO  o.eclipse.m2e.core.internal.Bundles - 	Entry: C:\Users\May\.p2\pool\plugins\org.eclipse.m2e.maven.runtime_3.9.500.20231113-2345\jars\wagon-http-shared-3.5.3.jar
2024-08-22 00:28:41,212 [Worker-10: Launching New_configuration] INFO  o.eclipse.m2e.core.internal.Bundles - 	Entry: C:\Users\May\.p2\pool\plugins\org.eclipse.m2e.maven.runtime_3.9.500.20231113-2345\jars\wagon-provider-api-3.5.3.jar
2024-08-22 00:28:41,213 [Worker-10: Launching New_configuration] INFO  o.eclipse.m2e.core.internal.Bundles - getClasspathEntries(Bundle=com.google.guava_32.1.3.jre [10])
2024-08-22 00:28:41,213 [Worker-10: Launching New_configuration] INFO  o.eclipse.m2e.core.internal.Bundles - 	Entry: C:\Users\May\.p2\pool\plugins\com.google.guava_32.1.3.jre.jar
2024-08-22 00:28:41,213 [Worker-10: Launching New_configuration] INFO  o.eclipse.m2e.core.internal.Bundles - getClasspathEntries(Bundle=slf4j.api_2.0.9 [515])
2024-08-22 00:28:41,213 [Worker-10: Launching New_configuration] INFO  o.eclipse.m2e.core.internal.Bundles - 	Entry: C:\Users\May\.p2\pool\plugins\slf4j.api_2.0.9.jar
2024-08-22 00:28:41,213 [Worker-10: Launching New_configuration] INFO  o.eclipse.m2e.core.internal.Bundles - getClasspathEntries(Bundle=jakarta.inject.jakarta.inject-api_1.0.5 [22])
2024-08-22 00:28:41,214 [Worker-10: Launching New_configuration] INFO  o.eclipse.m2e.core.internal.Bundles - 	Entry: C:\Users\May\.p2\pool\plugins\jakarta.inject.jakarta.inject-api_1.0.5.jar
2024-08-22 00:28:41,214 [Worker-10: Launching New_configuration] INFO  o.eclipse.m2e.core.internal.Bundles - getClasspathEntries(Bundle=jakarta.annotation-api_1.3.5 [20])
2024-08-22 00:28:41,214 [Worker-10: Launching New_configuration] INFO  o.eclipse.m2e.core.internal.Bundles - 	Entry: C:\Users\May\.p2\pool\plugins\jakarta.annotation-api_1.3.5.jar
2024-08-22 00:28:41,214 [Worker-10: Launching New_configuration] INFO  o.eclipse.m2e.core.internal.Bundles - getClasspathEntries(Bundle=org.apache.commons.cli_1.6.0 [46])
2024-08-22 00:28:41,214 [Worker-10: Launching New_configuration] INFO  o.eclipse.m2e.core.internal.Bundles - 	Entry: C:\Users\May\.p2\pool\plugins\org.apache.commons.cli_1.6.0.jar
2024-08-22 00:28:41,214 [Worker-10: Launching New_configuration] INFO  o.eclipse.m2e.core.internal.Bundles - getClasspathEntries(Bundle=org.apache.commons.commons-codec_1.16.0 [48])
2024-08-22 00:28:41,215 [Worker-10: Launching New_configuration] INFO  o.eclipse.m2e.core.internal.Bundles - 	Entry: C:\Users\May\.p2\pool\plugins\org.apache.commons.commons-codec_1.16.0.jar
2024-08-22 00:28:41,215 [Worker-10: Launching New_configuration] INFO  o.eclipse.m2e.core.internal.Bundles - getClasspathEntries(Bundle=org.apache.commons.lang3_3.13.0 [53])
2024-08-22 00:28:41,215 [Worker-10: Launching New_configuration] INFO  o.eclipse.m2e.core.internal.Bundles - 	Entry: C:\Users\May\.p2\pool\plugins\org.apache.commons.lang3_3.13.0.jar
2024-08-22 00:28:41,215 [Worker-10: Launching New_configuration] INFO  o.eclipse.m2e.core.internal.Bundles - getClasspathEntries(Bundle=com.google.guava.failureaccess_1.0.2 [11])
2024-08-22 00:28:41,215 [Worker-10: Launching New_configuration] INFO  o.eclipse.m2e.core.internal.Bundles - 	Entry: C:\Users\May\.p2\pool\plugins\com.google.guava.failureaccess_1.0.2.jar
2024-08-22 00:28:41,217 [Worker-10: Launching New_configuration] INFO  o.e.m.i.launch.MavenLaunchDelegate - Run build in "C:\dev\Workspace\Backend\tfg":
2024-08-22 00:28:41,219 [Worker-10: Launching New_configuration] INFO  o.e.m.i.launch.MavenLaunchDelegate -  mvn  -B -Dstyle.color=always clean install
2024-08-22 00:30:16,321 [Worker-6: Building] INFO  o.a.m.s.f.DefaultMavenResourcesFiltering - Copying 1 resource from src\main\resources to target\classes
2024-08-22 00:30:16,328 [Worker-6: Building] INFO  o.a.m.s.f.DefaultMavenResourcesFiltering - skip non existing resourceDirectory C:\dev\Workspace\Backend\tfg\src\test\resources
2024-08-22 00:32:12,930 [Worker-17: Building] INFO  o.a.m.s.f.DefaultMavenResourcesFiltering - Copying 1 resource from src\main\resources to target\classes
2024-08-22 00:32:12,941 [Worker-17: Building] INFO  o.a.m.s.f.DefaultMavenResourcesFiltering - skip non existing resourceDirectory C:\dev\Workspace\Backend\tfg\src\test\resources
2024-08-22 00:32:58,118 [Worker-18: Launching New_configuration] INFO  o.eclipse.m2e.core.internal.Bundles - getClasspathEntries(Bundle=org.eclipse.m2e.maven.runtime_3.9.500.20231113-2345 [295])
2024-08-22 00:32:58,119 [Worker-18: Launching New_configuration] INFO  o.eclipse.m2e.core.internal.Bundles - 	Entry: C:\Users\May\.p2\pool\plugins\org.eclipse.m2e.maven.runtime_3.9.500.20231113-2345
2024-08-22 00:32:58,119 [Worker-18: Launching New_configuration] INFO  o.eclipse.m2e.core.internal.Bundles - 	Entry: C:\Users\May\.p2\pool\plugins\org.eclipse.m2e.maven.runtime_3.9.500.20231113-2345\jars\aopalliance-1.0.jar
2024-08-22 00:32:58,119 [Worker-18: Launching New_configuration] INFO  o.eclipse.m2e.core.internal.Bundles - 	Entry: C:\Users\May\.p2\pool\plugins\org.eclipse.m2e.maven.runtime_3.9.500.20231113-2345\jars\guice-5.1.0.jar
2024-08-22 00:32:58,119 [Worker-18: Launching New_configuration] INFO  o.eclipse.m2e.core.internal.Bundles - 	Entry: C:\Users\May\.p2\pool\plugins\org.eclipse.m2e.maven.runtime_3.9.500.20231113-2345\jars\httpclient-4.5.14.jar
2024-08-22 00:32:58,119 [Worker-18: Launching New_configuration] INFO  o.eclipse.m2e.core.internal.Bundles - 	Entry: C:\Users\May\.p2\pool\plugins\org.eclipse.m2e.maven.runtime_3.9.500.20231113-2345\jars\httpcore-4.4.16.jar
2024-08-22 00:32:58,119 [Worker-18: Launching New_configuration] INFO  o.eclipse.m2e.core.internal.Bundles - 	Entry: C:\Users\May\.p2\pool\plugins\org.eclipse.m2e.maven.runtime_3.9.500.20231113-2345\jars\jansi-2.4.0.jar
2024-08-22 00:32:58,119 [Worker-18: Launching New_configuration] INFO  o.eclipse.m2e.core.internal.Bundles - 	Entry: C:\Users\May\.p2\pool\plugins\org.eclipse.m2e.maven.runtime_3.9.500.20231113-2345\jars\jcl-over-slf4j-1.7.36.jar
2024-08-22 00:32:58,120 [Worker-18: Launching New_configuration] INFO  o.eclipse.m2e.core.internal.Bundles - 	Entry: C:\Users\May\.p2\pool\plugins\org.eclipse.m2e.maven.runtime_3.9.500.20231113-2345\jars\maven-artifact-3.9.5.jar
2024-08-22 00:32:58,120 [Worker-18: Launching New_configuration] INFO  o.eclipse.m2e.core.internal.Bundles - 	Entry: C:\Users\May\.p2\pool\plugins\org.eclipse.m2e.maven.runtime_3.9.500.20231113-2345\jars\maven-builder-support-3.9.5.jar
2024-08-22 00:32:58,120 [Worker-18: Launching New_configuration] INFO  o.eclipse.m2e.core.internal.Bundles - 	Entry: C:\Users\May\.p2\pool\plugins\org.eclipse.m2e.maven.runtime_3.9.500.20231113-2345\jars\maven-compat-3.9.5.jar
2024-08-22 00:32:58,120 [Worker-18: Launching New_configuration] INFO  o.eclipse.m2e.core.internal.Bundles - 	Entry: C:\Users\May\.p2\pool\plugins\org.eclipse.m2e.maven.runtime_3.9.500.20231113-2345\jars\maven-core-3.9.5.jar
2024-08-22 00:32:58,120 [Worker-18: Launching New_configuration] INFO  o.eclipse.m2e.core.internal.Bundles - 	Entry: C:\Users\May\.p2\pool\plugins\org.eclipse.m2e.maven.runtime_3.9.500.20231113-2345\jars\maven-embedder-3.9.5.jar
2024-08-22 00:32:58,120 [Worker-18: Launching New_configuration] INFO  o.eclipse.m2e.core.internal.Bundles - 	Entry: C:\Users\May\.p2\pool\plugins\org.eclipse.m2e.maven.runtime_3.9.500.20231113-2345\jars\maven-model-3.9.5.jar
2024-08-22 00:32:58,120 [Worker-18: Launching New_configuration] INFO  o.eclipse.m2e.core.internal.Bundles - 	Entry: C:\Users\May\.p2\pool\plugins\org.eclipse.m2e.maven.runtime_3.9.500.20231113-2345\jars\maven-model-builder-3.9.5.jar
2024-08-22 00:32:58,121 [Worker-18: Launching New_configuration] INFO  o.eclipse.m2e.core.internal.Bundles - 	Entry: C:\Users\May\.p2\pool\plugins\org.eclipse.m2e.maven.runtime_3.9.500.20231113-2345\jars\maven-plugin-api-3.9.5.jar
2024-08-22 00:32:58,121 [Worker-18: Launching New_configuration] INFO  o.eclipse.m2e.core.internal.Bundles - 	Entry: C:\Users\May\.p2\pool\plugins\org.eclipse.m2e.maven.runtime_3.9.500.20231113-2345\jars\maven-repository-metadata-3.9.5.jar
2024-08-22 00:32:58,121 [Worker-18: Launching New_configuration] INFO  o.eclipse.m2e.core.internal.Bundles - 	Entry: C:\Users\May\.p2\pool\plugins\org.eclipse.m2e.maven.runtime_3.9.500.20231113-2345\jars\maven-resolver-api-1.9.16.jar
2024-08-22 00:32:58,121 [Worker-18: Launching New_configuration] INFO  o.eclipse.m2e.core.internal.Bundles - 	Entry: C:\Users\May\.p2\pool\plugins\org.eclipse.m2e.maven.runtime_3.9.500.20231113-2345\jars\maven-resolver-connector-basic-1.9.16.jar
2024-08-22 00:32:58,121 [Worker-18: Launching New_configuration] INFO  o.eclipse.m2e.core.internal.Bundles - 	Entry: C:\Users\May\.p2\pool\plugins\org.eclipse.m2e.maven.runtime_3.9.500.20231113-2345\jars\maven-resolver-impl-1.9.16.jar
2024-08-22 00:32:58,121 [Worker-18: Launching New_configuration] INFO  o.eclipse.m2e.core.internal.Bundles - 	Entry: C:\Users\May\.p2\pool\plugins\org.eclipse.m2e.maven.runtime_3.9.500.20231113-2345\jars\maven-resolver-named-locks-1.9.16.jar
2024-08-22 00:32:58,121 [Worker-18: Launching New_configuration] INFO  o.eclipse.m2e.core.internal.Bundles - 	Entry: C:\Users\May\.p2\pool\plugins\org.eclipse.m2e.maven.runtime_3.9.500.20231113-2345\jars\maven-resolver-provider-3.9.5.jar
2024-08-22 00:32:58,121 [Worker-18: Launching New_configuration] INFO  o.eclipse.m2e.core.internal.Bundles - 	Entry: C:\Users\May\.p2\pool\plugins\org.eclipse.m2e.maven.runtime_3.9.500.20231113-2345\jars\maven-resolver-spi-1.9.16.jar
2024-08-22 00:32:58,122 [Worker-18: Launching New_configuration] INFO  o.eclipse.m2e.core.internal.Bundles - 	Entry: C:\Users\May\.p2\pool\plugins\org.eclipse.m2e.maven.runtime_3.9.500.20231113-2345\jars\maven-resolver-transport-file-1.9.16.jar
2024-08-22 00:32:58,122 [Worker-18: Launching New_configuration] INFO  o.eclipse.m2e.core.internal.Bundles - 	Entry: C:\Users\May\.p2\pool\plugins\org.eclipse.m2e.maven.runtime_3.9.500.20231113-2345\jars\maven-resolver-transport-http-1.9.16.jar
2024-08-22 00:32:58,122 [Worker-18: Launching New_configuration] INFO  o.eclipse.m2e.core.internal.Bundles - 	Entry: C:\Users\May\.p2\pool\plugins\org.eclipse.m2e.maven.runtime_3.9.500.20231113-2345\jars\maven-resolver-transport-wagon-1.9.16.jar
2024-08-22 00:32:58,122 [Worker-18: Launching New_configuration] INFO  o.eclipse.m2e.core.internal.Bundles - 	Entry: C:\Users\May\.p2\pool\plugins\org.eclipse.m2e.maven.runtime_3.9.500.20231113-2345\jars\maven-resolver-util-1.9.16.jar
2024-08-22 00:32:58,122 [Worker-18: Launching New_configuration] INFO  o.eclipse.m2e.core.internal.Bundles - 	Entry: C:\Users\May\.p2\pool\plugins\org.eclipse.m2e.maven.runtime_3.9.500.20231113-2345\jars\maven-settings-3.9.5.jar
2024-08-22 00:32:58,122 [Worker-18: Launching New_configuration] INFO  o.eclipse.m2e.core.internal.Bundles - 	Entry: C:\Users\May\.p2\pool\plugins\org.eclipse.m2e.maven.runtime_3.9.500.20231113-2345\jars\maven-settings-builder-3.9.5.jar
2024-08-22 00:32:58,122 [Worker-18: Launching New_configuration] INFO  o.eclipse.m2e.core.internal.Bundles - 	Entry: C:\Users\May\.p2\pool\plugins\org.eclipse.m2e.maven.runtime_3.9.500.20231113-2345\jars\maven-shared-utils-3.3.4.jar
2024-08-22 00:32:58,123 [Worker-18: Launching New_configuration] INFO  o.eclipse.m2e.core.internal.Bundles - 	Entry: C:\Users\May\.p2\pool\plugins\org.eclipse.m2e.maven.runtime_3.9.500.20231113-2345\jars\org.eclipse.sisu.inject-0.3.5.jar
2024-08-22 00:32:58,123 [Worker-18: Launching New_configuration] INFO  o.eclipse.m2e.core.internal.Bundles - 	Entry: C:\Users\May\.p2\pool\plugins\org.eclipse.m2e.maven.runtime_3.9.500.20231113-2345\jars\org.eclipse.sisu.plexus-0.3.5.jar
2024-08-22 00:32:58,123 [Worker-18: Launching New_configuration] INFO  o.eclipse.m2e.core.internal.Bundles - 	Entry: C:\Users\May\.p2\pool\plugins\org.eclipse.m2e.maven.runtime_3.9.500.20231113-2345\jars\plexus-build-api-0.0.7.jar
2024-08-22 00:32:58,123 [Worker-18: Launching New_configuration] INFO  o.eclipse.m2e.core.internal.Bundles - 	Entry: C:\Users\May\.p2\pool\plugins\org.eclipse.m2e.maven.runtime_3.9.500.20231113-2345\jars\plexus-cipher-2.0.jar
2024-08-22 00:32:58,123 [Worker-18: Launching New_configuration] INFO  o.eclipse.m2e.core.internal.Bundles - 	Entry: C:\Users\May\.p2\pool\plugins\org.eclipse.m2e.maven.runtime_3.9.500.20231113-2345\jars\plexus-classworlds-2.7.0.jar
2024-08-22 00:32:58,123 [Worker-18: Launching New_configuration] INFO  o.eclipse.m2e.core.internal.Bundles - 	Entry: C:\Users\May\.p2\pool\plugins\org.eclipse.m2e.maven.runtime_3.9.500.20231113-2345\jars\plexus-component-annotations-2.1.0.jar
2024-08-22 00:32:58,123 [Worker-18: Launching New_configuration] INFO  o.eclipse.m2e.core.internal.Bundles - 	Entry: C:\Users\May\.p2\pool\plugins\org.eclipse.m2e.maven.runtime_3.9.500.20231113-2345\jars\plexus-interpolation-1.26.jar
2024-08-22 00:32:58,123 [Worker-18: Launching New_configuration] INFO  o.eclipse.m2e.core.internal.Bundles - 	Entry: C:\Users\May\.p2\pool\plugins\org.eclipse.m2e.maven.runtime_3.9.500.20231113-2345\jars\plexus-sec-dispatcher-2.0.jar
2024-08-22 00:32:58,124 [Worker-18: Launching New_configuration] INFO  o.eclipse.m2e.core.internal.Bundles - 	Entry: C:\Users\May\.p2\pool\plugins\org.eclipse.m2e.maven.runtime_3.9.500.20231113-2345\jars\plexus-utils-3.5.1.jar
2024-08-22 00:32:58,124 [Worker-18: Launching New_configuration] INFO  o.eclipse.m2e.core.internal.Bundles - 	Entry: C:\Users\May\.p2\pool\plugins\org.eclipse.m2e.maven.runtime_3.9.500.20231113-2345\jars\wagon-file-3.5.3.jar
2024-08-22 00:32:58,124 [Worker-18: Launching New_configuration] INFO  o.eclipse.m2e.core.internal.Bundles - 	Entry: C:\Users\May\.p2\pool\plugins\org.eclipse.m2e.maven.runtime_3.9.500.20231113-2345\jars\wagon-http-3.5.3.jar
2024-08-22 00:32:58,124 [Worker-18: Launching New_configuration] INFO  o.eclipse.m2e.core.internal.Bundles - 	Entry: C:\Users\May\.p2\pool\plugins\org.eclipse.m2e.maven.runtime_3.9.500.20231113-2345\jars\wagon-http-shared-3.5.3.jar
2024-08-22 00:32:58,125 [Worker-18: Launching New_configuration] INFO  o.eclipse.m2e.core.internal.Bundles - 	Entry: C:\Users\May\.p2\pool\plugins\org.eclipse.m2e.maven.runtime_3.9.500.20231113-2345\jars\wagon-provider-api-3.5.3.jar
2024-08-22 00:32:58,125 [Worker-18: Launching New_configuration] INFO  o.eclipse.m2e.core.internal.Bundles - getClasspathEntries(Bundle=com.google.guava_32.1.3.jre [10])
2024-08-22 00:32:58,125 [Worker-18: Launching New_configuration] INFO  o.eclipse.m2e.core.internal.Bundles - 	Entry: C:\Users\May\.p2\pool\plugins\com.google.guava_32.1.3.jre.jar
2024-08-22 00:32:58,126 [Worker-18: Launching New_configuration] INFO  o.eclipse.m2e.core.internal.Bundles - getClasspathEntries(Bundle=slf4j.api_2.0.9 [515])
2024-08-22 00:32:58,126 [Worker-18: Launching New_configuration] INFO  o.eclipse.m2e.core.internal.Bundles - 	Entry: C:\Users\May\.p2\pool\plugins\slf4j.api_2.0.9.jar
2024-08-22 00:32:58,126 [Worker-18: Launching New_configuration] INFO  o.eclipse.m2e.core.internal.Bundles - getClasspathEntries(Bundle=jakarta.inject.jakarta.inject-api_1.0.5 [22])
2024-08-22 00:32:58,126 [Worker-18: Launching New_configuration] INFO  o.eclipse.m2e.core.internal.Bundles - 	Entry: C:\Users\May\.p2\pool\plugins\jakarta.inject.jakarta.inject-api_1.0.5.jar
2024-08-22 00:32:58,126 [Worker-18: Launching New_configuration] INFO  o.eclipse.m2e.core.internal.Bundles - getClasspathEntries(Bundle=jakarta.annotation-api_1.3.5 [20])
2024-08-22 00:32:58,127 [Worker-18: Launching New_configuration] INFO  o.eclipse.m2e.core.internal.Bundles - 	Entry: C:\Users\May\.p2\pool\plugins\jakarta.annotation-api_1.3.5.jar
2024-08-22 00:32:58,127 [Worker-18: Launching New_configuration] INFO  o.eclipse.m2e.core.internal.Bundles - getClasspathEntries(Bundle=org.apache.commons.cli_1.6.0 [46])
2024-08-22 00:32:58,127 [Worker-18: Launching New_configuration] INFO  o.eclipse.m2e.core.internal.Bundles - 	Entry: C:\Users\May\.p2\pool\plugins\org.apache.commons.cli_1.6.0.jar
2024-08-22 00:32:58,127 [Worker-18: Launching New_configuration] INFO  o.eclipse.m2e.core.internal.Bundles - getClasspathEntries(Bundle=org.apache.commons.commons-codec_1.16.0 [48])
2024-08-22 00:32:58,127 [Worker-18: Launching New_configuration] INFO  o.eclipse.m2e.core.internal.Bundles - 	Entry: C:\Users\May\.p2\pool\plugins\org.apache.commons.commons-codec_1.16.0.jar
2024-08-22 00:32:58,127 [Worker-18: Launching New_configuration] INFO  o.eclipse.m2e.core.internal.Bundles - getClasspathEntries(Bundle=org.apache.commons.lang3_3.13.0 [53])
2024-08-22 00:32:58,128 [Worker-18: Launching New_configuration] INFO  o.eclipse.m2e.core.internal.Bundles - 	Entry: C:\Users\May\.p2\pool\plugins\org.apache.commons.lang3_3.13.0.jar
2024-08-22 00:32:58,128 [Worker-18: Launching New_configuration] INFO  o.eclipse.m2e.core.internal.Bundles - getClasspathEntries(Bundle=com.google.guava.failureaccess_1.0.2 [11])
2024-08-22 00:32:58,128 [Worker-18: Launching New_configuration] INFO  o.eclipse.m2e.core.internal.Bundles - 	Entry: C:\Users\May\.p2\pool\plugins\com.google.guava.failureaccess_1.0.2.jar
2024-08-22 00:32:58,129 [Worker-18: Launching New_configuration] INFO  o.e.m.i.launch.MavenLaunchDelegate - Run build in "C:\dev\Workspace\Backend\tfg":
2024-08-22 00:32:58,129 [Worker-18: Launching New_configuration] INFO  o.e.m.i.launch.MavenLaunchDelegate -  mvn  -B -Dstyle.color=always clean install
2024-08-22 00:33:58,146 [Worker-18: Launching New_configuration] INFO  o.eclipse.m2e.core.internal.Bundles - getClasspathEntries(Bundle=org.eclipse.m2e.maven.runtime_3.9.500.20231113-2345 [295])
2024-08-22 00:33:58,148 [Worker-18: Launching New_configuration] INFO  o.eclipse.m2e.core.internal.Bundles - 	Entry: C:\Users\May\.p2\pool\plugins\org.eclipse.m2e.maven.runtime_3.9.500.20231113-2345
2024-08-22 00:33:58,148 [Worker-18: Launching New_configuration] INFO  o.eclipse.m2e.core.internal.Bundles - 	Entry: C:\Users\May\.p2\pool\plugins\org.eclipse.m2e.maven.runtime_3.9.500.20231113-2345\jars\aopalliance-1.0.jar
2024-08-22 00:33:58,148 [Worker-18: Launching New_configuration] INFO  o.eclipse.m2e.core.internal.Bundles - 	Entry: C:\Users\May\.p2\pool\plugins\org.eclipse.m2e.maven.runtime_3.9.500.20231113-2345\jars\guice-5.1.0.jar
2024-08-22 00:33:58,148 [Worker-18: Launching New_configuration] INFO  o.eclipse.m2e.core.internal.Bundles - 	Entry: C:\Users\May\.p2\pool\plugins\org.eclipse.m2e.maven.runtime_3.9.500.20231113-2345\jars\httpclient-4.5.14.jar
2024-08-22 00:33:58,148 [Worker-18: Launching New_configuration] INFO  o.eclipse.m2e.core.internal.Bundles - 	Entry: C:\Users\May\.p2\pool\plugins\org.eclipse.m2e.maven.runtime_3.9.500.20231113-2345\jars\httpcore-4.4.16.jar
2024-08-22 00:33:58,148 [Worker-18: Launching New_configuration] INFO  o.eclipse.m2e.core.internal.Bundles - 	Entry: C:\Users\May\.p2\pool\plugins\org.eclipse.m2e.maven.runtime_3.9.500.20231113-2345\jars\jansi-2.4.0.jar
2024-08-22 00:33:58,148 [Worker-18: Launching New_configuration] INFO  o.eclipse.m2e.core.internal.Bundles - 	Entry: C:\Users\May\.p2\pool\plugins\org.eclipse.m2e.maven.runtime_3.9.500.20231113-2345\jars\jcl-over-slf4j-1.7.36.jar
2024-08-22 00:33:58,148 [Worker-18: Launching New_configuration] INFO  o.eclipse.m2e.core.internal.Bundles - 	Entry: C:\Users\May\.p2\pool\plugins\org.eclipse.m2e.maven.runtime_3.9.500.20231113-2345\jars\maven-artifact-3.9.5.jar
2024-08-22 00:33:58,148 [Worker-18: Launching New_configuration] INFO  o.eclipse.m2e.core.internal.Bundles - 	Entry: C:\Users\May\.p2\pool\plugins\org.eclipse.m2e.maven.runtime_3.9.500.20231113-2345\jars\maven-builder-support-3.9.5.jar
2024-08-22 00:33:58,149 [Worker-18: Launching New_configuration] INFO  o.eclipse.m2e.core.internal.Bundles - 	Entry: C:\Users\May\.p2\pool\plugins\org.eclipse.m2e.maven.runtime_3.9.500.20231113-2345\jars\maven-compat-3.9.5.jar
2024-08-22 00:33:58,149 [Worker-18: Launching New_configuration] INFO  o.eclipse.m2e.core.internal.Bundles - 	Entry: C:\Users\May\.p2\pool\plugins\org.eclipse.m2e.maven.runtime_3.9.500.20231113-2345\jars\maven-core-3.9.5.jar
2024-08-22 00:33:58,149 [Worker-18: Launching New_configuration] INFO  o.eclipse.m2e.core.internal.Bundles - 	Entry: C:\Users\May\.p2\pool\plugins\org.eclipse.m2e.maven.runtime_3.9.500.20231113-2345\jars\maven-embedder-3.9.5.jar
2024-08-22 00:33:58,149 [Worker-18: Launching New_configuration] INFO  o.eclipse.m2e.core.internal.Bundles - 	Entry: C:\Users\May\.p2\pool\plugins\org.eclipse.m2e.maven.runtime_3.9.500.20231113-2345\jars\maven-model-3.9.5.jar
2024-08-22 00:33:58,149 [Worker-18: Launching New_configuration] INFO  o.eclipse.m2e.core.internal.Bundles - 	Entry: C:\Users\May\.p2\pool\plugins\org.eclipse.m2e.maven.runtime_3.9.500.20231113-2345\jars\maven-model-builder-3.9.5.jar
2024-08-22 00:33:58,149 [Worker-18: Launching New_configuration] INFO  o.eclipse.m2e.core.internal.Bundles - 	Entry: C:\Users\May\.p2\pool\plugins\org.eclipse.m2e.maven.runtime_3.9.500.20231113-2345\jars\maven-plugin-api-3.9.5.jar
2024-08-22 00:33:58,149 [Worker-18: Launching New_configuration] INFO  o.eclipse.m2e.core.internal.Bundles - 	Entry: C:\Users\May\.p2\pool\plugins\org.eclipse.m2e.maven.runtime_3.9.500.20231113-2345\jars\maven-repository-metadata-3.9.5.jar
2024-08-22 00:33:58,150 [Worker-18: Launching New_configuration] INFO  o.eclipse.m2e.core.internal.Bundles - 	Entry: C:\Users\May\.p2\pool\plugins\org.eclipse.m2e.maven.runtime_3.9.500.20231113-2345\jars\maven-resolver-api-1.9.16.jar
2024-08-22 00:33:58,150 [Worker-18: Launching New_configuration] INFO  o.eclipse.m2e.core.internal.Bundles - 	Entry: C:\Users\May\.p2\pool\plugins\org.eclipse.m2e.maven.runtime_3.9.500.20231113-2345\jars\maven-resolver-connector-basic-1.9.16.jar
2024-08-22 00:33:58,150 [Worker-18: Launching New_configuration] INFO  o.eclipse.m2e.core.internal.Bundles - 	Entry: C:\Users\May\.p2\pool\plugins\org.eclipse.m2e.maven.runtime_3.9.500.20231113-2345\jars\maven-resolver-impl-1.9.16.jar
2024-08-22 00:33:58,150 [Worker-18: Launching New_configuration] INFO  o.eclipse.m2e.core.internal.Bundles - 	Entry: C:\Users\May\.p2\pool\plugins\org.eclipse.m2e.maven.runtime_3.9.500.20231113-2345\jars\maven-resolver-named-locks-1.9.16.jar
2024-08-22 00:33:58,150 [Worker-18: Launching New_configuration] INFO  o.eclipse.m2e.core.internal.Bundles - 	Entry: C:\Users\May\.p2\pool\plugins\org.eclipse.m2e.maven.runtime_3.9.500.20231113-2345\jars\maven-resolver-provider-3.9.5.jar
2024-08-22 00:33:58,150 [Worker-18: Launching New_configuration] INFO  o.eclipse.m2e.core.internal.Bundles - 	Entry: C:\Users\May\.p2\pool\plugins\org.eclipse.m2e.maven.runtime_3.9.500.20231113-2345\jars\maven-resolver-spi-1.9.16.jar
2024-08-22 00:33:58,150 [Worker-18: Launching New_configuration] INFO  o.eclipse.m2e.core.internal.Bundles - 	Entry: C:\Users\May\.p2\pool\plugins\org.eclipse.m2e.maven.runtime_3.9.500.20231113-2345\jars\maven-resolver-transport-file-1.9.16.jar
2024-08-22 00:33:58,150 [Worker-18: Launching New_configuration] INFO  o.eclipse.m2e.core.internal.Bundles - 	Entry: C:\Users\May\.p2\pool\plugins\org.eclipse.m2e.maven.runtime_3.9.500.20231113-2345\jars\maven-resolver-transport-http-1.9.16.jar
2024-08-22 00:33:58,151 [Worker-18: Launching New_configuration] INFO  o.eclipse.m2e.core.internal.Bundles - 	Entry: C:\Users\May\.p2\pool\plugins\org.eclipse.m2e.maven.runtime_3.9.500.20231113-2345\jars\maven-resolver-transport-wagon-1.9.16.jar
2024-08-22 00:33:58,151 [Worker-18: Launching New_configuration] INFO  o.eclipse.m2e.core.internal.Bundles - 	Entry: C:\Users\May\.p2\pool\plugins\org.eclipse.m2e.maven.runtime_3.9.500.20231113-2345\jars\maven-resolver-util-1.9.16.jar
2024-08-22 00:33:58,151 [Worker-18: Launching New_configuration] INFO  o.eclipse.m2e.core.internal.Bundles - 	Entry: C:\Users\May\.p2\pool\plugins\org.eclipse.m2e.maven.runtime_3.9.500.20231113-2345\jars\maven-settings-3.9.5.jar
2024-08-22 00:33:58,151 [Worker-18: Launching New_configuration] INFO  o.eclipse.m2e.core.internal.Bundles - 	Entry: C:\Users\May\.p2\pool\plugins\org.eclipse.m2e.maven.runtime_3.9.500.20231113-2345\jars\maven-settings-builder-3.9.5.jar
2024-08-22 00:33:58,151 [Worker-18: Launching New_configuration] INFO  o.eclipse.m2e.core.internal.Bundles - 	Entry: C:\Users\May\.p2\pool\plugins\org.eclipse.m2e.maven.runtime_3.9.500.20231113-2345\jars\maven-shared-utils-3.3.4.jar
2024-08-22 00:33:58,151 [Worker-18: Launching New_configuration] INFO  o.eclipse.m2e.core.internal.Bundles - 	Entry: C:\Users\May\.p2\pool\plugins\org.eclipse.m2e.maven.runtime_3.9.500.20231113-2345\jars\org.eclipse.sisu.inject-0.3.5.jar
2024-08-22 00:33:58,151 [Worker-18: Launching New_configuration] INFO  o.eclipse.m2e.core.internal.Bundles - 	Entry: C:\Users\May\.p2\pool\plugins\org.eclipse.m2e.maven.runtime_3.9.500.20231113-2345\jars\org.eclipse.sisu.plexus-0.3.5.jar
2024-08-22 00:33:58,151 [Worker-18: Launching New_configuration] INFO  o.eclipse.m2e.core.internal.Bundles - 	Entry: C:\Users\May\.p2\pool\plugins\org.eclipse.m2e.maven.runtime_3.9.500.20231113-2345\jars\plexus-build-api-0.0.7.jar
2024-08-22 00:33:58,151 [Worker-18: Launching New_configuration] INFO  o.eclipse.m2e.core.internal.Bundles - 	Entry: C:\Users\May\.p2\pool\plugins\org.eclipse.m2e.maven.runtime_3.9.500.20231113-2345\jars\plexus-cipher-2.0.jar
2024-08-22 00:33:58,152 [Worker-18: Launching New_configuration] INFO  o.eclipse.m2e.core.internal.Bundles - 	Entry: C:\Users\May\.p2\pool\plugins\org.eclipse.m2e.maven.runtime_3.9.500.20231113-2345\jars\plexus-classworlds-2.7.0.jar
2024-08-22 00:33:58,152 [Worker-18: Launching New_configuration] INFO  o.eclipse.m2e.core.internal.Bundles - 	Entry: C:\Users\May\.p2\pool\plugins\org.eclipse.m2e.maven.runtime_3.9.500.20231113-2345\jars\plexus-component-annotations-2.1.0.jar
2024-08-22 00:33:58,152 [Worker-18: Launching New_configuration] INFO  o.eclipse.m2e.core.internal.Bundles - 	Entry: C:\Users\May\.p2\pool\plugins\org.eclipse.m2e.maven.runtime_3.9.500.20231113-2345\jars\plexus-interpolation-1.26.jar
2024-08-22 00:33:58,152 [Worker-18: Launching New_configuration] INFO  o.eclipse.m2e.core.internal.Bundles - 	Entry: C:\Users\May\.p2\pool\plugins\org.eclipse.m2e.maven.runtime_3.9.500.20231113-2345\jars\plexus-sec-dispatcher-2.0.jar
2024-08-22 00:33:58,152 [Worker-18: Launching New_configuration] INFO  o.eclipse.m2e.core.internal.Bundles - 	Entry: C:\Users\May\.p2\pool\plugins\org.eclipse.m2e.maven.runtime_3.9.500.20231113-2345\jars\plexus-utils-3.5.1.jar
2024-08-22 00:33:58,152 [Worker-18: Launching New_configuration] INFO  o.eclipse.m2e.core.internal.Bundles - 	Entry: C:\Users\May\.p2\pool\plugins\org.eclipse.m2e.maven.runtime_3.9.500.20231113-2345\jars\wagon-file-3.5.3.jar
2024-08-22 00:33:58,152 [Worker-18: Launching New_configuration] INFO  o.eclipse.m2e.core.internal.Bundles - 	Entry: C:\Users\May\.p2\pool\plugins\org.eclipse.m2e.maven.runtime_3.9.500.20231113-2345\jars\wagon-http-3.5.3.jar
2024-08-22 00:33:58,152 [Worker-18: Launching New_configuration] INFO  o.eclipse.m2e.core.internal.Bundles - 	Entry: C:\Users\May\.p2\pool\plugins\org.eclipse.m2e.maven.runtime_3.9.500.20231113-2345\jars\wagon-http-shared-3.5.3.jar
2024-08-22 00:33:58,153 [Worker-18: Launching New_configuration] INFO  o.eclipse.m2e.core.internal.Bundles - 	Entry: C:\Users\May\.p2\pool\plugins\org.eclipse.m2e.maven.runtime_3.9.500.20231113-2345\jars\wagon-provider-api-3.5.3.jar
2024-08-22 00:33:58,153 [Worker-18: Launching New_configuration] INFO  o.eclipse.m2e.core.internal.Bundles - getClasspathEntries(Bundle=com.google.guava_32.1.3.jre [10])
2024-08-22 00:33:58,153 [Worker-18: Launching New_configuration] INFO  o.eclipse.m2e.core.internal.Bundles - 	Entry: C:\Users\May\.p2\pool\plugins\com.google.guava_32.1.3.jre.jar
2024-08-22 00:33:58,153 [Worker-18: Launching New_configuration] INFO  o.eclipse.m2e.core.internal.Bundles - getClasspathEntries(Bundle=slf4j.api_2.0.9 [515])
2024-08-22 00:33:58,153 [Worker-18: Launching New_configuration] INFO  o.eclipse.m2e.core.internal.Bundles - 	Entry: C:\Users\May\.p2\pool\plugins\slf4j.api_2.0.9.jar
2024-08-22 00:33:58,154 [Worker-18: Launching New_configuration] INFO  o.eclipse.m2e.core.internal.Bundles - getClasspathEntries(Bundle=jakarta.inject.jakarta.inject-api_1.0.5 [22])
2024-08-22 00:33:58,154 [Worker-18: Launching New_configuration] INFO  o.eclipse.m2e.core.internal.Bundles - 	Entry: C:\Users\May\.p2\pool\plugins\jakarta.inject.jakarta.inject-api_1.0.5.jar
2024-08-22 00:33:58,154 [Worker-18: Launching New_configuration] INFO  o.eclipse.m2e.core.internal.Bundles - getClasspathEntries(Bundle=jakarta.annotation-api_1.3.5 [20])
2024-08-22 00:33:58,154 [Worker-18: Launching New_configuration] INFO  o.eclipse.m2e.core.internal.Bundles - 	Entry: C:\Users\May\.p2\pool\plugins\jakarta.annotation-api_1.3.5.jar
2024-08-22 00:33:58,154 [Worker-18: Launching New_configuration] INFO  o.eclipse.m2e.core.internal.Bundles - getClasspathEntries(Bundle=org.apache.commons.cli_1.6.0 [46])
2024-08-22 00:33:58,154 [Worker-18: Launching New_configuration] INFO  o.eclipse.m2e.core.internal.Bundles - 	Entry: C:\Users\May\.p2\pool\plugins\org.apache.commons.cli_1.6.0.jar
2024-08-22 00:33:58,154 [Worker-18: Launching New_configuration] INFO  o.eclipse.m2e.core.internal.Bundles - getClasspathEntries(Bundle=org.apache.commons.commons-codec_1.16.0 [48])
2024-08-22 00:33:58,155 [Worker-18: Launching New_configuration] INFO  o.eclipse.m2e.core.internal.Bundles - 	Entry: C:\Users\May\.p2\pool\plugins\org.apache.commons.commons-codec_1.16.0.jar
2024-08-22 00:33:58,155 [Worker-18: Launching New_configuration] INFO  o.eclipse.m2e.core.internal.Bundles - getClasspathEntries(Bundle=org.apache.commons.lang3_3.13.0 [53])
2024-08-22 00:33:58,155 [Worker-18: Launching New_configuration] INFO  o.eclipse.m2e.core.internal.Bundles - 	Entry: C:\Users\May\.p2\pool\plugins\org.apache.commons.lang3_3.13.0.jar
2024-08-22 00:33:58,155 [Worker-18: Launching New_configuration] INFO  o.eclipse.m2e.core.internal.Bundles - getClasspathEntries(Bundle=com.google.guava.failureaccess_1.0.2 [11])
2024-08-22 00:33:58,156 [Worker-18: Launching New_configuration] INFO  o.eclipse.m2e.core.internal.Bundles - 	Entry: C:\Users\May\.p2\pool\plugins\com.google.guava.failureaccess_1.0.2.jar
2024-08-22 00:33:58,156 [Worker-18: Launching New_configuration] INFO  o.e.m.i.launch.MavenLaunchDelegate - Run build in "C:\dev\Workspace\Backend\tfg":
2024-08-22 00:33:58,157 [Worker-18: Launching New_configuration] INFO  o.e.m.i.launch.MavenLaunchDelegate -  mvn  -B -Dstyle.color=always clean install
2024-08-22 00:35:31,349 [Worker-25: Building] INFO  o.a.m.s.f.DefaultMavenResourcesFiltering - Copying 1 resource from src\main\resources to target\classes
2024-08-22 00:35:31,356 [Worker-25: Building] INFO  o.a.m.s.f.DefaultMavenResourcesFiltering - Copying 0 resource from src\main\resources to target\classes
2024-08-22 00:35:31,358 [Worker-25: Building] INFO  o.a.m.s.f.DefaultMavenResourcesFiltering - skip non existing resourceDirectory C:\dev\Workspace\Backend\tfg\src\test\resources
2024-08-22 00:35:45,245 [Worker-25: Building] INFO  o.a.m.s.f.DefaultMavenResourcesFiltering - Copying 1 resource from src\main\resources to target\classes
2024-08-22 00:35:45,264 [Worker-25: Building] INFO  o.a.m.s.f.DefaultMavenResourcesFiltering - Copying 0 resource from src\main\resources to target\classes
2024-08-22 00:35:45,267 [Worker-25: Building] INFO  o.a.m.s.f.DefaultMavenResourcesFiltering - skip non existing resourceDirectory C:\dev\Workspace\Backend\tfg\src\test\resources
2024-08-22 00:35:49,004 [Worker-27: Building] INFO  o.a.m.s.f.DefaultMavenResourcesFiltering - Copying 1 resource from src\main\resources to target\classes
2024-08-22 00:35:49,023 [Worker-27: Building] INFO  o.a.m.s.f.DefaultMavenResourcesFiltering - Copying 0 resource from src\main\resources to target\classes
2024-08-22 00:35:49,026 [Worker-27: Building] INFO  o.a.m.s.f.DefaultMavenResourcesFiltering - skip non existing resourceDirectory C:\dev\Workspace\Backend\tfg\src\test\resources
2024-08-22 00:35:57,906 [Worker-25: Building] INFO  o.a.m.s.f.DefaultMavenResourcesFiltering - Copying 1 resource from src\main\resources to target\classes
2024-08-22 00:35:57,911 [Worker-25: Building] INFO  o.a.m.s.f.DefaultMavenResourcesFiltering - skip non existing resourceDirectory C:\dev\Workspace\Backend\tfg\src\test\resources
2024-08-22 00:36:01,240 [Worker-27: Building] INFO  o.a.m.s.f.DefaultMavenResourcesFiltering - Copying 1 resource from src\main\resources to target\classes
2024-08-22 00:36:01,244 [Worker-27: Building] INFO  o.a.m.s.f.DefaultMavenResourcesFiltering - skip non existing resourceDirectory C:\dev\Workspace\Backend\tfg\src\test\resources
2024-08-22 00:36:10,754 [Worker-27: Building] INFO  o.a.m.s.f.DefaultMavenResourcesFiltering - Copying 1 resource from src\main\resources to target\classes
2024-08-22 00:36:10,757 [Worker-27: Building] INFO  o.a.m.s.f.DefaultMavenResourcesFiltering - Copying 0 resource from src\main\resources to target\classes
2024-08-22 00:36:10,760 [Worker-27: Building] INFO  o.a.m.s.f.DefaultMavenResourcesFiltering - skip non existing resourceDirectory C:\dev\Workspace\Backend\tfg\src\test\resources
2024-08-22 00:36:41,163 [Worker-25: Building] INFO  o.a.m.s.f.DefaultMavenResourcesFiltering - Copying 1 resource from src\main\resources to target\classes
2024-08-22 00:36:41,168 [Worker-25: Building] INFO  o.a.m.s.f.DefaultMavenResourcesFiltering - skip non existing resourceDirectory C:\dev\Workspace\Backend\tfg\src\test\resources
2024-08-22 00:36:46,730 [Worker-25: Building] INFO  o.a.m.s.f.DefaultMavenResourcesFiltering - Copying 1 resource from src\main\resources to target\classes
2024-08-22 00:36:46,734 [Worker-25: Building] INFO  o.a.m.s.f.DefaultMavenResourcesFiltering - skip non existing resourceDirectory C:\dev\Workspace\Backend\tfg\src\test\resources
2024-08-22 00:36:51,952 [Worker-27: Building] INFO  o.a.m.s.f.DefaultMavenResourcesFiltering - Copying 1 resource from src\main\resources to target\classes
2024-08-22 00:36:51,967 [Worker-27: Building] INFO  o.a.m.s.f.DefaultMavenResourcesFiltering - skip non existing resourceDirectory C:\dev\Workspace\Backend\tfg\src\test\resources
2024-08-22 00:36:57,601 [Worker-25: Building] INFO  o.a.m.s.f.DefaultMavenResourcesFiltering - Copying 1 resource from src\main\resources to target\classes
2024-08-22 00:36:57,619 [Worker-25: Building] INFO  o.a.m.s.f.DefaultMavenResourcesFiltering - skip non existing resourceDirectory C:\dev\Workspace\Backend\tfg\src\test\resources
2024-08-22 00:36:59,678 [Worker-25: Building] INFO  o.a.m.s.f.DefaultMavenResourcesFiltering - Copying 1 resource from src\main\resources to target\classes
2024-08-22 00:36:59,696 [Worker-25: Building] INFO  o.a.m.s.f.DefaultMavenResourcesFiltering - Copying 0 resource from src\main\resources to target\classes
2024-08-22 00:36:59,698 [Worker-25: Building] INFO  o.a.m.s.f.DefaultMavenResourcesFiltering - skip non existing resourceDirectory C:\dev\Workspace\Backend\tfg\src\test\resources
2024-08-22 00:37:42,798 [Worker-26: Building] INFO  o.a.m.s.f.DefaultMavenResourcesFiltering - Copying 1 resource from src\main\resources to target\classes
2024-08-22 00:37:42,813 [Worker-26: Building] INFO  o.a.m.s.f.DefaultMavenResourcesFiltering - Copying 0 resource from src\main\resources to target\classes
2024-08-22 00:37:42,819 [Worker-26: Building] INFO  o.a.m.s.f.DefaultMavenResourcesFiltering - skip non existing resourceDirectory C:\dev\Workspace\Backend\tfg\src\test\resources
2024-08-22 00:49:24,271 [Worker-29: Building] INFO  o.a.m.s.f.DefaultMavenResourcesFiltering - Copying 1 resource from src\main\resources to target\classes
2024-08-22 00:49:24,289 [Worker-29: Building] INFO  o.a.m.s.f.DefaultMavenResourcesFiltering - Copying 0 resource from src\main\resources to target\classes
2024-08-22 00:49:24,291 [Worker-29: Building] INFO  o.a.m.s.f.DefaultMavenResourcesFiltering - skip non existing resourceDirectory C:\dev\Workspace\Backend\tfg\src\test\resources
2024-08-22 15:40:32,167 [Worker-3: Loading available Gradle versions] INFO  o.e.b.c.i.u.g.PublishedGradleVersions - Gradle version information cache is up-to-date. Trying to read.
2024-08-22 15:41:28,944 [main] INFO  o.e.m2e.actions.ExecutePomAction - Creating new launch configuration
2024-08-22 15:41:43,914 [Worker-15: Launching tfg] INFO  o.eclipse.m2e.core.internal.Bundles - getClasspathEntries(Bundle=org.eclipse.m2e.maven.runtime_3.9.500.20231113-2345 [295])
2024-08-22 15:41:43,915 [Worker-15: Launching tfg] INFO  o.eclipse.m2e.core.internal.Bundles - 	Entry: C:\Users\May\.p2\pool\plugins\org.eclipse.m2e.maven.runtime_3.9.500.20231113-2345
2024-08-22 15:41:43,916 [Worker-15: Launching tfg] INFO  o.eclipse.m2e.core.internal.Bundles - 	Entry: C:\Users\May\.p2\pool\plugins\org.eclipse.m2e.maven.runtime_3.9.500.20231113-2345\jars\aopalliance-1.0.jar
2024-08-22 15:41:43,916 [Worker-15: Launching tfg] INFO  o.eclipse.m2e.core.internal.Bundles - 	Entry: C:\Users\May\.p2\pool\plugins\org.eclipse.m2e.maven.runtime_3.9.500.20231113-2345\jars\guice-5.1.0.jar
2024-08-22 15:41:43,916 [Worker-15: Launching tfg] INFO  o.eclipse.m2e.core.internal.Bundles - 	Entry: C:\Users\May\.p2\pool\plugins\org.eclipse.m2e.maven.runtime_3.9.500.20231113-2345\jars\httpclient-4.5.14.jar
2024-08-22 15:41:43,917 [Worker-15: Launching tfg] INFO  o.eclipse.m2e.core.internal.Bundles - 	Entry: C:\Users\May\.p2\pool\plugins\org.eclipse.m2e.maven.runtime_3.9.500.20231113-2345\jars\httpcore-4.4.16.jar
2024-08-22 15:41:43,917 [Worker-15: Launching tfg] INFO  o.eclipse.m2e.core.internal.Bundles - 	Entry: C:\Users\May\.p2\pool\plugins\org.eclipse.m2e.maven.runtime_3.9.500.20231113-2345\jars\jansi-2.4.0.jar
2024-08-22 15:41:43,917 [Worker-15: Launching tfg] INFO  o.eclipse.m2e.core.internal.Bundles - 	Entry: C:\Users\May\.p2\pool\plugins\org.eclipse.m2e.maven.runtime_3.9.500.20231113-2345\jars\jcl-over-slf4j-1.7.36.jar
2024-08-22 15:41:43,917 [Worker-15: Launching tfg] INFO  o.eclipse.m2e.core.internal.Bundles - 	Entry: C:\Users\May\.p2\pool\plugins\org.eclipse.m2e.maven.runtime_3.9.500.20231113-2345\jars\maven-artifact-3.9.5.jar
2024-08-22 15:41:43,917 [Worker-15: Launching tfg] INFO  o.eclipse.m2e.core.internal.Bundles - 	Entry: C:\Users\May\.p2\pool\plugins\org.eclipse.m2e.maven.runtime_3.9.500.20231113-2345\jars\maven-builder-support-3.9.5.jar
2024-08-22 15:41:43,918 [Worker-15: Launching tfg] INFO  o.eclipse.m2e.core.internal.Bundles - 	Entry: C:\Users\May\.p2\pool\plugins\org.eclipse.m2e.maven.runtime_3.9.500.20231113-2345\jars\maven-compat-3.9.5.jar
2024-08-22 15:41:43,918 [Worker-15: Launching tfg] INFO  o.eclipse.m2e.core.internal.Bundles - 	Entry: C:\Users\May\.p2\pool\plugins\org.eclipse.m2e.maven.runtime_3.9.500.20231113-2345\jars\maven-core-3.9.5.jar
2024-08-22 15:41:43,918 [Worker-15: Launching tfg] INFO  o.eclipse.m2e.core.internal.Bundles - 	Entry: C:\Users\May\.p2\pool\plugins\org.eclipse.m2e.maven.runtime_3.9.500.20231113-2345\jars\maven-embedder-3.9.5.jar
2024-08-22 15:41:43,918 [Worker-15: Launching tfg] INFO  o.eclipse.m2e.core.internal.Bundles - 	Entry: C:\Users\May\.p2\pool\plugins\org.eclipse.m2e.maven.runtime_3.9.500.20231113-2345\jars\maven-model-3.9.5.jar
2024-08-22 15:41:43,918 [Worker-15: Launching tfg] INFO  o.eclipse.m2e.core.internal.Bundles - 	Entry: C:\Users\May\.p2\pool\plugins\org.eclipse.m2e.maven.runtime_3.9.500.20231113-2345\jars\maven-model-builder-3.9.5.jar
2024-08-22 15:41:43,918 [Worker-15: Launching tfg] INFO  o.eclipse.m2e.core.internal.Bundles - 	Entry: C:\Users\May\.p2\pool\plugins\org.eclipse.m2e.maven.runtime_3.9.500.20231113-2345\jars\maven-plugin-api-3.9.5.jar
2024-08-22 15:41:43,918 [Worker-15: Launching tfg] INFO  o.eclipse.m2e.core.internal.Bundles - 	Entry: C:\Users\May\.p2\pool\plugins\org.eclipse.m2e.maven.runtime_3.9.500.20231113-2345\jars\maven-repository-metadata-3.9.5.jar
2024-08-22 15:41:43,918 [Worker-15: Launching tfg] INFO  o.eclipse.m2e.core.internal.Bundles - 	Entry: C:\Users\May\.p2\pool\plugins\org.eclipse.m2e.maven.runtime_3.9.500.20231113-2345\jars\maven-resolver-api-1.9.16.jar
2024-08-22 15:41:43,919 [Worker-15: Launching tfg] INFO  o.eclipse.m2e.core.internal.Bundles - 	Entry: C:\Users\May\.p2\pool\plugins\org.eclipse.m2e.maven.runtime_3.9.500.20231113-2345\jars\maven-resolver-connector-basic-1.9.16.jar
2024-08-22 15:41:43,919 [Worker-15: Launching tfg] INFO  o.eclipse.m2e.core.internal.Bundles - 	Entry: C:\Users\May\.p2\pool\plugins\org.eclipse.m2e.maven.runtime_3.9.500.20231113-2345\jars\maven-resolver-impl-1.9.16.jar
2024-08-22 15:41:43,919 [Worker-15: Launching tfg] INFO  o.eclipse.m2e.core.internal.Bundles - 	Entry: C:\Users\May\.p2\pool\plugins\org.eclipse.m2e.maven.runtime_3.9.500.20231113-2345\jars\maven-resolver-named-locks-1.9.16.jar
2024-08-22 15:41:43,919 [Worker-15: Launching tfg] INFO  o.eclipse.m2e.core.internal.Bundles - 	Entry: C:\Users\May\.p2\pool\plugins\org.eclipse.m2e.maven.runtime_3.9.500.20231113-2345\jars\maven-resolver-provider-3.9.5.jar
2024-08-22 15:41:43,919 [Worker-15: Launching tfg] INFO  o.eclipse.m2e.core.internal.Bundles - 	Entry: C:\Users\May\.p2\pool\plugins\org.eclipse.m2e.maven.runtime_3.9.500.20231113-2345\jars\maven-resolver-spi-1.9.16.jar
2024-08-22 15:41:43,919 [Worker-15: Launching tfg] INFO  o.eclipse.m2e.core.internal.Bundles - 	Entry: C:\Users\May\.p2\pool\plugins\org.eclipse.m2e.maven.runtime_3.9.500.20231113-2345\jars\maven-resolver-transport-file-1.9.16.jar
2024-08-22 15:41:43,919 [Worker-15: Launching tfg] INFO  o.eclipse.m2e.core.internal.Bundles - 	Entry: C:\Users\May\.p2\pool\plugins\org.eclipse.m2e.maven.runtime_3.9.500.20231113-2345\jars\maven-resolver-transport-http-1.9.16.jar
2024-08-22 15:41:43,920 [Worker-15: Launching tfg] INFO  o.eclipse.m2e.core.internal.Bundles - 	Entry: C:\Users\May\.p2\pool\plugins\org.eclipse.m2e.maven.runtime_3.9.500.20231113-2345\jars\maven-resolver-transport-wagon-1.9.16.jar
2024-08-22 15:41:43,920 [Worker-15: Launching tfg] INFO  o.eclipse.m2e.core.internal.Bundles - 	Entry: C:\Users\May\.p2\pool\plugins\org.eclipse.m2e.maven.runtime_3.9.500.20231113-2345\jars\maven-resolver-util-1.9.16.jar
2024-08-22 15:41:43,920 [Worker-15: Launching tfg] INFO  o.eclipse.m2e.core.internal.Bundles - 	Entry: C:\Users\May\.p2\pool\plugins\org.eclipse.m2e.maven.runtime_3.9.500.20231113-2345\jars\maven-settings-3.9.5.jar
2024-08-22 15:41:43,920 [Worker-15: Launching tfg] INFO  o.eclipse.m2e.core.internal.Bundles - 	Entry: C:\Users\May\.p2\pool\plugins\org.eclipse.m2e.maven.runtime_3.9.500.20231113-2345\jars\maven-settings-builder-3.9.5.jar
2024-08-22 15:41:43,920 [Worker-15: Launching tfg] INFO  o.eclipse.m2e.core.internal.Bundles - 	Entry: C:\Users\May\.p2\pool\plugins\org.eclipse.m2e.maven.runtime_3.9.500.20231113-2345\jars\maven-shared-utils-3.3.4.jar
2024-08-22 15:41:43,920 [Worker-15: Launching tfg] INFO  o.eclipse.m2e.core.internal.Bundles - 	Entry: C:\Users\May\.p2\pool\plugins\org.eclipse.m2e.maven.runtime_3.9.500.20231113-2345\jars\org.eclipse.sisu.inject-0.3.5.jar
2024-08-22 15:41:43,920 [Worker-15: Launching tfg] INFO  o.eclipse.m2e.core.internal.Bundles - 	Entry: C:\Users\May\.p2\pool\plugins\org.eclipse.m2e.maven.runtime_3.9.500.20231113-2345\jars\org.eclipse.sisu.plexus-0.3.5.jar
2024-08-22 15:41:43,921 [Worker-15: Launching tfg] INFO  o.eclipse.m2e.core.internal.Bundles - 	Entry: C:\Users\May\.p2\pool\plugins\org.eclipse.m2e.maven.runtime_3.9.500.20231113-2345\jars\plexus-build-api-0.0.7.jar
2024-08-22 15:41:43,921 [Worker-15: Launching tfg] INFO  o.eclipse.m2e.core.internal.Bundles - 	Entry: C:\Users\May\.p2\pool\plugins\org.eclipse.m2e.maven.runtime_3.9.500.20231113-2345\jars\plexus-cipher-2.0.jar
2024-08-22 15:41:43,921 [Worker-15: Launching tfg] INFO  o.eclipse.m2e.core.internal.Bundles - 	Entry: C:\Users\May\.p2\pool\plugins\org.eclipse.m2e.maven.runtime_3.9.500.20231113-2345\jars\plexus-classworlds-2.7.0.jar
2024-08-22 15:41:43,921 [Worker-15: Launching tfg] INFO  o.eclipse.m2e.core.internal.Bundles - 	Entry: C:\Users\May\.p2\pool\plugins\org.eclipse.m2e.maven.runtime_3.9.500.20231113-2345\jars\plexus-component-annotations-2.1.0.jar
2024-08-22 15:41:43,921 [Worker-15: Launching tfg] INFO  o.eclipse.m2e.core.internal.Bundles - 	Entry: C:\Users\May\.p2\pool\plugins\org.eclipse.m2e.maven.runtime_3.9.500.20231113-2345\jars\plexus-interpolation-1.26.jar
2024-08-22 15:41:43,922 [Worker-15: Launching tfg] INFO  o.eclipse.m2e.core.internal.Bundles - 	Entry: C:\Users\May\.p2\pool\plugins\org.eclipse.m2e.maven.runtime_3.9.500.20231113-2345\jars\plexus-sec-dispatcher-2.0.jar
2024-08-22 15:41:43,922 [Worker-15: Launching tfg] INFO  o.eclipse.m2e.core.internal.Bundles - 	Entry: C:\Users\May\.p2\pool\plugins\org.eclipse.m2e.maven.runtime_3.9.500.20231113-2345\jars\plexus-utils-3.5.1.jar
2024-08-22 15:41:43,922 [Worker-15: Launching tfg] INFO  o.eclipse.m2e.core.internal.Bundles - 	Entry: C:\Users\May\.p2\pool\plugins\org.eclipse.m2e.maven.runtime_3.9.500.20231113-2345\jars\wagon-file-3.5.3.jar
2024-08-22 15:41:43,922 [Worker-15: Launching tfg] INFO  o.eclipse.m2e.core.internal.Bundles - 	Entry: C:\Users\May\.p2\pool\plugins\org.eclipse.m2e.maven.runtime_3.9.500.20231113-2345\jars\wagon-http-3.5.3.jar
2024-08-22 15:41:43,922 [Worker-15: Launching tfg] INFO  o.eclipse.m2e.core.internal.Bundles - 	Entry: C:\Users\May\.p2\pool\plugins\org.eclipse.m2e.maven.runtime_3.9.500.20231113-2345\jars\wagon-http-shared-3.5.3.jar
2024-08-22 15:41:43,922 [Worker-15: Launching tfg] INFO  o.eclipse.m2e.core.internal.Bundles - 	Entry: C:\Users\May\.p2\pool\plugins\org.eclipse.m2e.maven.runtime_3.9.500.20231113-2345\jars\wagon-provider-api-3.5.3.jar
2024-08-22 15:41:43,924 [Worker-15: Launching tfg] INFO  o.eclipse.m2e.core.internal.Bundles - getClasspathEntries(Bundle=com.google.guava_32.1.3.jre [10])
2024-08-22 15:41:43,924 [Worker-15: Launching tfg] INFO  o.eclipse.m2e.core.internal.Bundles - 	Entry: C:\Users\May\.p2\pool\plugins\com.google.guava_32.1.3.jre.jar
2024-08-22 15:41:43,924 [Worker-15: Launching tfg] INFO  o.eclipse.m2e.core.internal.Bundles - getClasspathEntries(Bundle=slf4j.api_2.0.9 [515])
2024-08-22 15:41:43,924 [Worker-15: Launching tfg] INFO  o.eclipse.m2e.core.internal.Bundles - 	Entry: C:\Users\May\.p2\pool\plugins\slf4j.api_2.0.9.jar
2024-08-22 15:41:43,924 [Worker-15: Launching tfg] INFO  o.eclipse.m2e.core.internal.Bundles - getClasspathEntries(Bundle=jakarta.inject.jakarta.inject-api_1.0.5 [22])
2024-08-22 15:41:43,925 [Worker-15: Launching tfg] INFO  o.eclipse.m2e.core.internal.Bundles - 	Entry: C:\Users\May\.p2\pool\plugins\jakarta.inject.jakarta.inject-api_1.0.5.jar
2024-08-22 15:41:43,925 [Worker-15: Launching tfg] INFO  o.eclipse.m2e.core.internal.Bundles - getClasspathEntries(Bundle=jakarta.annotation-api_1.3.5 [20])
2024-08-22 15:41:43,926 [Worker-15: Launching tfg] INFO  o.eclipse.m2e.core.internal.Bundles - 	Entry: C:\Users\May\.p2\pool\plugins\jakarta.annotation-api_1.3.5.jar
2024-08-22 15:41:43,926 [Worker-15: Launching tfg] INFO  o.eclipse.m2e.core.internal.Bundles - getClasspathEntries(Bundle=org.apache.commons.cli_1.6.0 [46])
2024-08-22 15:41:43,927 [Worker-15: Launching tfg] INFO  o.eclipse.m2e.core.internal.Bundles - 	Entry: C:\Users\May\.p2\pool\plugins\org.apache.commons.cli_1.6.0.jar
2024-08-22 15:41:43,927 [Worker-15: Launching tfg] INFO  o.eclipse.m2e.core.internal.Bundles - getClasspathEntries(Bundle=org.apache.commons.commons-codec_1.16.0 [48])
2024-08-22 15:41:43,927 [Worker-15: Launching tfg] INFO  o.eclipse.m2e.core.internal.Bundles - 	Entry: C:\Users\May\.p2\pool\plugins\org.apache.commons.commons-codec_1.16.0.jar
2024-08-22 15:41:43,927 [Worker-15: Launching tfg] INFO  o.eclipse.m2e.core.internal.Bundles - getClasspathEntries(Bundle=org.apache.commons.lang3_3.13.0 [53])
2024-08-22 15:41:43,927 [Worker-15: Launching tfg] INFO  o.eclipse.m2e.core.internal.Bundles - 	Entry: C:\Users\May\.p2\pool\plugins\org.apache.commons.lang3_3.13.0.jar
2024-08-22 15:41:43,928 [Worker-15: Launching tfg] INFO  o.eclipse.m2e.core.internal.Bundles - getClasspathEntries(Bundle=com.google.guava.failureaccess_1.0.2 [11])
2024-08-22 15:41:43,928 [Worker-15: Launching tfg] INFO  o.eclipse.m2e.core.internal.Bundles - 	Entry: C:\Users\May\.p2\pool\plugins\com.google.guava.failureaccess_1.0.2.jar
2024-08-22 15:41:43,931 [Worker-15: Launching tfg] INFO  o.e.m.i.launch.MavenLaunchDelegate - Run build in "C:\dev\Workspace\Backend\tfg":
2024-08-22 15:41:43,931 [Worker-15: Launching tfg] INFO  o.e.m.i.launch.MavenLaunchDelegate -  mvn  -B -Dstyle.color=always 
2024-08-22 15:42:30,047 [main] INFO  o.e.m2e.actions.ExecutePomAction - Creating new launch configuration
2024-08-22 15:51:02,817 [Worker-4: Loading available Gradle versions] INFO  o.e.b.c.i.u.g.PublishedGradleVersions - Gradle version information cache is up-to-date. Trying to read.
2024-08-22 15:57:53,894 [Worker-2: Loading available Gradle versions] INFO  o.e.b.c.i.u.g.PublishedGradleVersions - Gradle version information cache is up-to-date. Trying to read.
2024-08-22 15:58:06,376 [Worker-2: Building] INFO  o.a.m.s.f.DefaultMavenResourcesFiltering - Copying 1 resource from src\main\resources to target\classes
2024-08-22 15:58:06,390 [Worker-2: Building] INFO  o.a.m.s.f.DefaultMavenResourcesFiltering - Copying 0 resource from src\main\resources to target\classes
2024-08-22 15:58:06,394 [Worker-2: Building] INFO  o.a.m.s.f.DefaultMavenResourcesFiltering - skip non existing resourceDirectory C:\Users\May\Downloads\Enviar\src\test\resources
2024-08-22 15:58:07,724 [Worker-2: Building] INFO  o.a.m.s.f.DefaultMavenResourcesFiltering - Copying 1 resource from src\main\resources to target\classes
2024-08-22 15:58:07,735 [Worker-2: Building] INFO  o.a.m.s.f.DefaultMavenResourcesFiltering - Copying 0 resource from src\main\resources to target\classes
2024-08-22 15:58:07,739 [Worker-2: Building] INFO  o.a.m.s.f.DefaultMavenResourcesFiltering - skip non existing resourceDirectory C:\Users\May\Downloads\Pedir\src\test\resources
2024-08-22 15:58:09,095 [Worker-2: Building] INFO  o.a.m.s.f.DefaultMavenResourcesFiltering - Copying 1 resource from src\main\resources to target\classes
2024-08-22 15:58:09,115 [Worker-2: Building] INFO  o.a.m.s.f.DefaultMavenResourcesFiltering - Copying 0 resource from src\main\resources to target\classes
2024-08-22 15:58:09,121 [Worker-2: Building] INFO  o.a.m.s.f.DefaultMavenResourcesFiltering - skip non existing resourceDirectory C:\dev\Workspace\Backend\tfg\src\test\resources
2024-08-22 16:04:23,171 [Worker-23: Building] INFO  o.a.m.s.f.DefaultMavenResourcesFiltering - Copying 1 resource from src\main\resources to target\classes
2024-08-22 16:04:23,184 [Worker-23: Building] INFO  o.a.m.s.f.DefaultMavenResourcesFiltering - Copying 0 resource from src\main\resources to target\classes
2024-08-22 16:04:23,188 [Worker-23: Building] INFO  o.a.m.s.f.DefaultMavenResourcesFiltering - skip non existing resourceDirectory C:\dev\Workspace\Backend\tfg\src\test\resources
2024-08-22 16:13:10,645 [Start Help Server] INFO  org.eclipse.jetty.server.Server - jetty-12.0.3; built: 2023-10-27T03:25:22.284Z; git: a873259fd5af141dedaa6c7fa8fe8fbdedce0d61; jvm 21.0.1+12-LTS-29
2024-08-22 16:13:10,685 [Start Help Server] INFO  o.e.j.server.handler.ContextHandler - Started oeje8n.ContextHandler$CoreContextHandler@6eb830d0{/help,/help,b=null,a=AVAILABLE,h=oeje8n.ContextHandler$CoreContextHandler$CoreToNestedHandler@4b6955b7{STARTED}}
2024-08-22 16:13:10,685 [Start Help Server] INFO  o.e.j.s.DefaultSessionIdManager - Session workerName=node0
2024-08-22 16:13:10,705 [Start Help Server] INFO  o.e.jetty.server.AbstractConnector - Started ServerConnector@53eb1df7{HTTP/1.1, (http/1.1)}{127.0.0.1:55987}
2024-08-22 16:13:10,716 [Start Help Server] INFO  org.eclipse.jetty.server.Server - Started oejs.Server@13171ebc{STARTING}[12.0.3,sto=0] @1048344ms
2024-08-22 16:13:48,167 [Worker-26: Launching tfg - TfgApplication] INFO  o.a.m.s.f.DefaultMavenResourcesFiltering - Copying 1 resource from src\main\resources to target\classes
2024-08-22 16:13:48,177 [Worker-26: Launching tfg - TfgApplication] INFO  o.a.m.s.f.DefaultMavenResourcesFiltering - Copying 0 resource from src\main\resources to target\classes
2024-08-22 16:13:48,180 [Worker-26: Launching tfg - TfgApplication] INFO  o.a.m.s.f.DefaultMavenResourcesFiltering - skip non existing resourceDirectory C:\dev\Workspace\Backend\tfg\src\test\resources
2024-08-22 16:14:58,887 [Worker-27: Building] INFO  o.e.m.c.i.l.LifecycleMappingFactory - Using org.eclipse.m2e.jdt.JarLifecycleMapping lifecycle mapping for MavenProject: trabajo:tfg:0.0.1-SNAPSHOT @ C:\dev\Workspace\Backend\tfg\pom.xml.
2024-08-22 16:14:59,860 [Worker-27: Building] INFO  o.a.m.s.f.DefaultMavenResourcesFiltering - Copying 0 resource from src\main\resources to target\classes
2024-08-22 16:14:59,861 [Worker-27: Building] INFO  o.a.m.s.f.DefaultMavenResourcesFiltering - Copying 0 resource from src\main\resources to target\classes
2024-08-22 16:14:59,888 [Worker-27: Building] INFO  o.a.m.s.f.DefaultMavenResourcesFiltering - skip non existing resourceDirectory C:\dev\Workspace\Backend\tfg\src\test\resources
2024-08-22 16:20:56,243 [Worker-27: Building] INFO  o.a.m.s.f.DefaultMavenResourcesFiltering - Copying 1 resource from src\main\resources to target\classes
2024-08-22 16:20:56,256 [Worker-27: Building] INFO  o.a.m.s.f.DefaultMavenResourcesFiltering - Copying 0 resource from src\main\resources to target\classes
2024-08-22 16:20:56,260 [Worker-27: Building] INFO  o.a.m.s.f.DefaultMavenResourcesFiltering - skip non existing resourceDirectory C:\dev\Workspace\Backend\tfg\src\test\resources
2024-08-22 16:20:59,551 [Worker-30: Launching tfg - TfgApplication] INFO  o.a.m.s.f.DefaultMavenResourcesFiltering - Copying 1 resource from src\main\resources to target\classes
2024-08-22 16:20:59,559 [Worker-30: Launching tfg - TfgApplication] INFO  o.a.m.s.f.DefaultMavenResourcesFiltering - Copying 0 resource from src\main\resources to target\classes
2024-08-22 16:20:59,562 [Worker-30: Launching tfg - TfgApplication] INFO  o.a.m.s.f.DefaultMavenResourcesFiltering - skip non existing resourceDirectory C:\dev\Workspace\Backend\tfg\src\test\resources
2024-08-22 16:27:35,252 [Worker-34: Building] INFO  o.a.m.s.f.DefaultMavenResourcesFiltering - Copying 1 resource from src\main\resources to target\classes
2024-08-22 16:27:35,256 [Worker-34: Building] INFO  o.a.m.s.f.DefaultMavenResourcesFiltering - Copying 0 resource from src\main\resources to target\classes
2024-08-22 16:27:35,258 [Worker-34: Building] INFO  o.a.m.s.f.DefaultMavenResourcesFiltering - skip non existing resourceDirectory C:\dev\Workspace\Backend\tfg\src\test\resources
2024-08-22 16:28:19,589 [Worker-37: Building] INFO  o.a.m.s.f.DefaultMavenResourcesFiltering - Copying 1 resource from src\main\resources to target\classes
2024-08-22 16:28:19,606 [Worker-37: Building] INFO  o.a.m.s.f.DefaultMavenResourcesFiltering - Copying 0 resource from src\main\resources to target\classes
2024-08-22 16:28:19,610 [Worker-37: Building] INFO  o.a.m.s.f.DefaultMavenResourcesFiltering - skip non existing resourceDirectory C:\dev\Workspace\Backend\tfg\src\test\resources
2024-08-22 16:28:21,977 [Worker-34: Building] INFO  o.a.m.s.f.DefaultMavenResourcesFiltering - Copying 1 resource from src\main\resources to target\classes
2024-08-22 16:28:21,980 [Worker-34: Building] INFO  o.a.m.s.f.DefaultMavenResourcesFiltering - Copying 0 resource from src\main\resources to target\classes
2024-08-22 16:28:21,982 [Worker-34: Building] INFO  o.a.m.s.f.DefaultMavenResourcesFiltering - skip non existing resourceDirectory C:\dev\Workspace\Backend\tfg\src\test\resources
2024-08-22 16:30:11,801 [Worker-39: Building] INFO  o.a.m.s.f.DefaultMavenResourcesFiltering - Copying 1 resource from src\main\resources to target\classes
2024-08-22 16:30:11,806 [Worker-39: Building] INFO  o.a.m.s.f.DefaultMavenResourcesFiltering - Copying 0 resource from src\main\resources to target\classes
2024-08-22 16:30:11,808 [Worker-39: Building] INFO  o.a.m.s.f.DefaultMavenResourcesFiltering - skip non existing resourceDirectory C:\dev\Workspace\Backend\tfg\src\test\resources
2024-08-22 16:31:29,570 [Worker-38: Building] INFO  o.a.m.s.f.DefaultMavenResourcesFiltering - Copying 1 resource from src\main\resources to target\classes
2024-08-22 16:31:29,575 [Worker-38: Building] INFO  o.a.m.s.f.DefaultMavenResourcesFiltering - Copying 0 resource from src\main\resources to target\classes
2024-08-22 16:31:29,578 [Worker-38: Building] INFO  o.a.m.s.f.DefaultMavenResourcesFiltering - skip non existing resourceDirectory C:\dev\Workspace\Backend\tfg\src\test\resources
2024-08-22 16:32:01,888 [Worker-29: Building] INFO  o.a.m.s.f.DefaultMavenResourcesFiltering - Copying 1 resource from src\main\resources to target\classes
2024-08-22 16:32:01,891 [Worker-29: Building] INFO  o.a.m.s.f.DefaultMavenResourcesFiltering - Copying 0 resource from src\main\resources to target\classes
2024-08-22 16:32:01,893 [Worker-29: Building] INFO  o.a.m.s.f.DefaultMavenResourcesFiltering - skip non existing resourceDirectory C:\dev\Workspace\Backend\tfg\src\test\resources
2024-08-22 16:32:18,319 [Worker-40: Building] INFO  o.a.m.s.f.DefaultMavenResourcesFiltering - Copying 1 resource from src\main\resources to target\classes
2024-08-22 16:32:18,322 [Worker-40: Building] INFO  o.a.m.s.f.DefaultMavenResourcesFiltering - Copying 0 resource from src\main\resources to target\classes
2024-08-22 16:32:18,325 [Worker-40: Building] INFO  o.a.m.s.f.DefaultMavenResourcesFiltering - skip non existing resourceDirectory C:\dev\Workspace\Backend\tfg\src\test\resources
2024-08-22 16:32:26,081 [Worker-36: Building] INFO  o.a.m.s.f.DefaultMavenResourcesFiltering - Copying 1 resource from src\main\resources to target\classes
2024-08-22 16:32:26,084 [Worker-36: Building] INFO  o.a.m.s.f.DefaultMavenResourcesFiltering - Copying 0 resource from src\main\resources to target\classes
2024-08-22 16:32:26,086 [Worker-36: Building] INFO  o.a.m.s.f.DefaultMavenResourcesFiltering - skip non existing resourceDirectory C:\dev\Workspace\Backend\tfg\src\test\resources
2024-08-22 16:32:48,804 [Worker-35: Building] INFO  o.a.m.s.f.DefaultMavenResourcesFiltering - Copying 1 resource from src\main\resources to target\classes
2024-08-22 16:32:48,807 [Worker-35: Building] INFO  o.a.m.s.f.DefaultMavenResourcesFiltering - Copying 0 resource from src\main\resources to target\classes
2024-08-22 16:32:48,809 [Worker-35: Building] INFO  o.a.m.s.f.DefaultMavenResourcesFiltering - skip non existing resourceDirectory C:\dev\Workspace\Backend\tfg\src\test\resources
2024-08-22 16:33:47,606 [Worker-36: Building] INFO  o.a.m.s.f.DefaultMavenResourcesFiltering - Copying 1 resource from src\main\resources to target\classes
2024-08-22 16:33:47,608 [Worker-36: Building] INFO  o.a.m.s.f.DefaultMavenResourcesFiltering - Copying 0 resource from src\main\resources to target\classes
2024-08-22 16:33:47,610 [Worker-36: Building] INFO  o.a.m.s.f.DefaultMavenResourcesFiltering - skip non existing resourceDirectory C:\dev\Workspace\Backend\tfg\src\test\resources
2024-08-22 16:34:02,908 [Worker-29: Building] INFO  o.a.m.s.f.DefaultMavenResourcesFiltering - Copying 1 resource from src\main\resources to target\classes
2024-08-22 16:34:02,912 [Worker-29: Building] INFO  o.a.m.s.f.DefaultMavenResourcesFiltering - Copying 0 resource from src\main\resources to target\classes
2024-08-22 16:34:02,914 [Worker-29: Building] INFO  o.a.m.s.f.DefaultMavenResourcesFiltering - skip non existing resourceDirectory C:\dev\Workspace\Backend\tfg\src\test\resources
2024-08-22 16:38:13,640 [Worker-36: Building] INFO  o.a.m.s.f.DefaultMavenResourcesFiltering - Copying 1 resource from src\main\resources to target\classes
2024-08-22 16:38:13,646 [Worker-36: Building] INFO  o.a.m.s.f.DefaultMavenResourcesFiltering - Copying 0 resource from src\main\resources to target\classes
2024-08-22 16:38:13,649 [Worker-36: Building] INFO  o.a.m.s.f.DefaultMavenResourcesFiltering - skip non existing resourceDirectory C:\dev\Workspace\Backend\tfg\src\test\resources
2024-08-22 16:38:22,048 [Worker-40: Building] INFO  o.a.m.s.f.DefaultMavenResourcesFiltering - Copying 1 resource from src\main\resources to target\classes
2024-08-22 16:38:22,051 [Worker-40: Building] INFO  o.a.m.s.f.DefaultMavenResourcesFiltering - Copying 0 resource from src\main\resources to target\classes
2024-08-22 16:38:22,053 [Worker-40: Building] INFO  o.a.m.s.f.DefaultMavenResourcesFiltering - skip non existing resourceDirectory C:\dev\Workspace\Backend\tfg\src\test\resources
2024-08-22 16:38:33,531 [Worker-34: Building] INFO  o.a.m.s.f.DefaultMavenResourcesFiltering - Copying 1 resource from src\main\resources to target\classes
2024-08-22 16:38:33,536 [Worker-34: Building] INFO  o.a.m.s.f.DefaultMavenResourcesFiltering - Copying 0 resource from src\main\resources to target\classes
2024-08-22 16:38:33,538 [Worker-34: Building] INFO  o.a.m.s.f.DefaultMavenResourcesFiltering - skip non existing resourceDirectory C:\dev\Workspace\Backend\tfg\src\test\resources
2024-08-22 16:38:37,399 [Worker-29: Building] INFO  o.a.m.s.f.DefaultMavenResourcesFiltering - Copying 1 resource from src\main\resources to target\classes
2024-08-22 16:38:37,402 [Worker-29: Building] INFO  o.a.m.s.f.DefaultMavenResourcesFiltering - Copying 0 resource from src\main\resources to target\classes
2024-08-22 16:38:37,404 [Worker-29: Building] INFO  o.a.m.s.f.DefaultMavenResourcesFiltering - skip non existing resourceDirectory C:\dev\Workspace\Backend\tfg\src\test\resources
2024-08-22 16:39:36,471 [Worker-38: Building] INFO  o.a.m.s.f.DefaultMavenResourcesFiltering - Copying 1 resource from src\main\resources to target\classes
2024-08-22 16:39:36,474 [Worker-38: Building] INFO  o.a.m.s.f.DefaultMavenResourcesFiltering - Copying 0 resource from src\main\resources to target\classes
2024-08-22 16:39:36,476 [Worker-38: Building] INFO  o.a.m.s.f.DefaultMavenResourcesFiltering - skip non existing resourceDirectory C:\dev\Workspace\Backend\tfg\src\test\resources
2024-08-22 16:39:46,003 [Worker-40: Building] INFO  o.a.m.s.f.DefaultMavenResourcesFiltering - Copying 1 resource from src\main\resources to target\classes
2024-08-22 16:39:46,007 [Worker-40: Building] INFO  o.a.m.s.f.DefaultMavenResourcesFiltering - Copying 0 resource from src\main\resources to target\classes
2024-08-22 16:39:46,010 [Worker-40: Building] INFO  o.a.m.s.f.DefaultMavenResourcesFiltering - skip non existing resourceDirectory C:\dev\Workspace\Backend\tfg\src\test\resources
2024-08-22 16:39:54,356 [Worker-29: Building] INFO  o.a.m.s.f.DefaultMavenResourcesFiltering - Copying 1 resource from src\main\resources to target\classes
2024-08-22 16:39:54,361 [Worker-29: Building] INFO  o.a.m.s.f.DefaultMavenResourcesFiltering - Copying 0 resource from src\main\resources to target\classes
2024-08-22 16:39:54,363 [Worker-29: Building] INFO  o.a.m.s.f.DefaultMavenResourcesFiltering - skip non existing resourceDirectory C:\dev\Workspace\Backend\tfg\src\test\resources
2024-08-22 16:41:18,064 [Worker-29: Building] INFO  o.a.m.s.f.DefaultMavenResourcesFiltering - Copying 1 resource from src\main\resources to target\classes
2024-08-22 16:41:18,068 [Worker-29: Building] INFO  o.a.m.s.f.DefaultMavenResourcesFiltering - Copying 0 resource from src\main\resources to target\classes
2024-08-22 16:41:18,070 [Worker-29: Building] INFO  o.a.m.s.f.DefaultMavenResourcesFiltering - skip non existing resourceDirectory C:\dev\Workspace\Backend\tfg\src\test\resources
2024-08-22 16:41:36,222 [Worker-40: Building] INFO  o.a.m.s.f.DefaultMavenResourcesFiltering - Copying 1 resource from src\main\resources to target\classes
2024-08-22 16:41:36,225 [Worker-40: Building] INFO  o.a.m.s.f.DefaultMavenResourcesFiltering - Copying 0 resource from src\main\resources to target\classes
2024-08-22 16:41:36,227 [Worker-40: Building] INFO  o.a.m.s.f.DefaultMavenResourcesFiltering - skip non existing resourceDirectory C:\dev\Workspace\Backend\tfg\src\test\resources
2024-08-22 16:43:59,566 [Worker-38: Building] INFO  o.a.m.s.f.DefaultMavenResourcesFiltering - Copying 1 resource from src\main\resources to target\classes
2024-08-22 16:43:59,569 [Worker-38: Building] INFO  o.a.m.s.f.DefaultMavenResourcesFiltering - Copying 0 resource from src\main\resources to target\classes
2024-08-22 16:43:59,571 [Worker-38: Building] INFO  o.a.m.s.f.DefaultMavenResourcesFiltering - skip non existing resourceDirectory C:\dev\Workspace\Backend\tfg\src\test\resources
2024-08-22 16:44:22,229 [Worker-40: Building] INFO  o.a.m.s.f.DefaultMavenResourcesFiltering - Copying 1 resource from src\main\resources to target\classes
2024-08-22 16:44:22,232 [Worker-40: Building] INFO  o.a.m.s.f.DefaultMavenResourcesFiltering - Copying 0 resource from src\main\resources to target\classes
2024-08-22 16:44:22,234 [Worker-40: Building] INFO  o.a.m.s.f.DefaultMavenResourcesFiltering - skip non existing resourceDirectory C:\dev\Workspace\Backend\tfg\src\test\resources
2024-08-22 16:44:48,284 [Worker-39: Building] INFO  o.a.m.s.f.DefaultMavenResourcesFiltering - Copying 1 resource from src\main\resources to target\classes
2024-08-22 16:44:48,286 [Worker-39: Building] INFO  o.a.m.s.f.DefaultMavenResourcesFiltering - Copying 0 resource from src\main\resources to target\classes
2024-08-22 16:44:48,288 [Worker-39: Building] INFO  o.a.m.s.f.DefaultMavenResourcesFiltering - skip non existing resourceDirectory C:\dev\Workspace\Backend\tfg\src\test\resources
2024-08-22 22:55:57,908 [Worker-88: Building] INFO  o.a.m.s.f.DefaultMavenResourcesFiltering - Copying 1 resource from src\main\resources to target\classes
2024-08-22 22:55:57,916 [Worker-88: Building] INFO  o.a.m.s.f.DefaultMavenResourcesFiltering - Copying 0 resource from src\main\resources to target\classes
2024-08-22 22:55:57,922 [Worker-88: Building] INFO  o.a.m.s.f.DefaultMavenResourcesFiltering - skip non existing resourceDirectory C:\dev\Workspace\Backend\tfg\src\test\resources
2024-08-22 23:16:04,219 [Worker-98: Building] INFO  o.e.m.c.i.l.LifecycleMappingFactory - Using org.eclipse.m2e.jdt.JarLifecycleMapping lifecycle mapping for MavenProject: trabajo:tfg:0.0.1-SNAPSHOT @ C:\dev\Workspace\Backend\tfg\pom.xml.
2024-08-22 23:16:05,377 [Worker-98: Building] INFO  o.a.m.s.f.DefaultMavenResourcesFiltering - Copying 0 resource from src\main\resources to target\classes
2024-08-22 23:16:05,379 [Worker-98: Building] INFO  o.a.m.s.f.DefaultMavenResourcesFiltering - Copying 0 resource from src\main\resources to target\classes
2024-08-22 23:16:05,384 [Worker-98: Building] INFO  o.a.m.s.f.DefaultMavenResourcesFiltering - skip non existing resourceDirectory C:\dev\Workspace\Backend\tfg\src\test\resources
2024-08-23 00:04:14,279 [Worker-107: Building] INFO  o.a.m.s.f.DefaultMavenResourcesFiltering - Copying 1 resource from src\main\resources to target\classes
2024-08-23 00:04:14,299 [Worker-107: Building] INFO  o.a.m.s.f.DefaultMavenResourcesFiltering - Copying 0 resource from src\main\resources to target\classes
2024-08-23 00:04:14,303 [Worker-107: Building] INFO  o.a.m.s.f.DefaultMavenResourcesFiltering - skip non existing resourceDirectory C:\dev\Workspace\Backend\tfg\src\test\resources
2024-08-23 00:05:07,269 [Worker-108: Building] INFO  o.a.m.s.f.DefaultMavenResourcesFiltering - Copying 1 resource from src\main\resources to target\classes
2024-08-23 00:05:07,351 [Worker-108: Building] INFO  o.a.m.s.f.DefaultMavenResourcesFiltering - Copying 0 resource from src\main\resources to target\classes
2024-08-23 00:05:07,360 [Worker-108: Building] INFO  o.a.m.s.f.DefaultMavenResourcesFiltering - skip non existing resourceDirectory C:\dev\Workspace\Backend\tfg\src\test\resources
2024-08-23 00:05:31,243 [Worker-108: Building] INFO  o.a.m.s.f.DefaultMavenResourcesFiltering - Copying 1 resource from src\main\resources to target\classes
2024-08-23 00:05:31,249 [Worker-108: Building] INFO  o.a.m.s.f.DefaultMavenResourcesFiltering - Copying 0 resource from src\main\resources to target\classes
2024-08-23 00:05:31,252 [Worker-108: Building] INFO  o.a.m.s.f.DefaultMavenResourcesFiltering - skip non existing resourceDirectory C:\dev\Workspace\Backend\tfg\src\test\resources
2024-08-23 00:05:36,964 [Worker-107: Building] INFO  o.a.m.s.f.DefaultMavenResourcesFiltering - Copying 1 resource from src\main\resources to target\classes
2024-08-23 00:05:36,969 [Worker-107: Building] INFO  o.a.m.s.f.DefaultMavenResourcesFiltering - Copying 0 resource from src\main\resources to target\classes
2024-08-23 00:05:36,973 [Worker-107: Building] INFO  o.a.m.s.f.DefaultMavenResourcesFiltering - skip non existing resourceDirectory C:\dev\Workspace\Backend\tfg\src\test\resources
2024-08-23 00:21:30,167 [Worker-108: Building] INFO  o.a.m.s.f.DefaultMavenResourcesFiltering - Copying 1 resource from src\main\resources to target\classes
2024-08-23 00:21:30,187 [Worker-108: Building] INFO  o.a.m.s.f.DefaultMavenResourcesFiltering - Copying 0 resource from src\main\resources to target\classes
2024-08-23 00:21:30,191 [Worker-108: Building] INFO  o.a.m.s.f.DefaultMavenResourcesFiltering - skip non existing resourceDirectory C:\dev\Workspace\Backend\tfg\src\test\resources
2024-08-23 00:21:52,371 [Worker-108: Building] INFO  o.a.m.s.f.DefaultMavenResourcesFiltering - Copying 1 resource from src\main\resources to target\classes
2024-08-23 00:21:52,447 [Worker-108: Building] INFO  o.a.m.s.f.DefaultMavenResourcesFiltering - Copying 0 resource from src\main\resources to target\classes
2024-08-23 00:21:52,454 [Worker-108: Building] INFO  o.a.m.s.f.DefaultMavenResourcesFiltering - skip non existing resourceDirectory C:\dev\Workspace\Backend\tfg\src\test\resources
2024-08-23 00:22:32,173 [Worker-108: Building] INFO  o.a.m.s.f.DefaultMavenResourcesFiltering - Copying 1 resource from src\main\resources to target\classes
2024-08-23 00:22:32,182 [Worker-108: Building] INFO  o.a.m.s.f.DefaultMavenResourcesFiltering - Copying 0 resource from src\main\resources to target\classes
2024-08-23 00:22:32,185 [Worker-108: Building] INFO  o.a.m.s.f.DefaultMavenResourcesFiltering - skip non existing resourceDirectory C:\dev\Workspace\Backend\tfg\src\test\resources
2024-08-23 00:35:29,930 [Worker-116: Building] INFO  o.a.m.s.f.DefaultMavenResourcesFiltering - Copying 1 resource from src\main\resources to target\classes
2024-08-23 00:35:29,938 [Worker-116: Building] INFO  o.a.m.s.f.DefaultMavenResourcesFiltering - Copying 0 resource from src\main\resources to target\classes
2024-08-23 00:35:29,942 [Worker-116: Building] INFO  o.a.m.s.f.DefaultMavenResourcesFiltering - skip non existing resourceDirectory C:\dev\Workspace\Backend\tfg\src\test\resources
2024-08-23 00:35:31,435 [Worker-116: Building] INFO  o.a.m.s.f.DefaultMavenResourcesFiltering - Copying 1 resource from src\main\resources to target\classes
2024-08-23 00:35:31,441 [Worker-116: Building] INFO  o.a.m.s.f.DefaultMavenResourcesFiltering - Copying 0 resource from src\main\resources to target\classes
2024-08-23 00:35:31,444 [Worker-116: Building] INFO  o.a.m.s.f.DefaultMavenResourcesFiltering - skip non existing resourceDirectory C:\dev\Workspace\Backend\tfg\src\test\resources
2024-08-23 00:37:56,102 [Worker-121: Building] INFO  o.a.m.s.f.DefaultMavenResourcesFiltering - Copying 1 resource from src\main\resources to target\classes
2024-08-23 00:37:56,108 [Worker-121: Building] INFO  o.a.m.s.f.DefaultMavenResourcesFiltering - Copying 0 resource from src\main\resources to target\classes
2024-08-23 00:37:56,110 [Worker-121: Building] INFO  o.a.m.s.f.DefaultMavenResourcesFiltering - skip non existing resourceDirectory C:\dev\Workspace\Backend\tfg\src\test\resources
2024-08-23 00:42:28,123 [Worker-118: Building] INFO  o.a.m.s.f.DefaultMavenResourcesFiltering - Copying 1 resource from src\main\resources to target\classes
2024-08-23 00:42:28,127 [Worker-118: Building] INFO  o.a.m.s.f.DefaultMavenResourcesFiltering - Copying 0 resource from src\main\resources to target\classes
2024-08-23 00:42:28,130 [Worker-118: Building] INFO  o.a.m.s.f.DefaultMavenResourcesFiltering - skip non existing resourceDirectory C:\dev\Workspace\Backend\tfg\src\test\resources
2024-08-23 00:47:58,849 [Worker-129: Building] INFO  o.e.m.c.i.l.LifecycleMappingFactory - Using org.eclipse.m2e.jdt.JarLifecycleMapping lifecycle mapping for MavenProject: trabajo:tfg:0.0.1-SNAPSHOT @ C:\dev\Workspace\Backend\tfg\pom.xml.
2024-08-23 00:48:00,057 [Worker-129: Building] INFO  o.a.m.s.f.DefaultMavenResourcesFiltering - Copying 0 resource from src\main\resources to target\classes
2024-08-23 00:48:00,059 [Worker-129: Building] INFO  o.a.m.s.f.DefaultMavenResourcesFiltering - Copying 0 resource from src\main\resources to target\classes
2024-08-23 00:48:00,063 [Worker-129: Building] INFO  o.a.m.s.f.DefaultMavenResourcesFiltering - skip non existing resourceDirectory C:\dev\Workspace\Backend\tfg\src\test\resources
2024-08-23 00:48:17,299 [Worker-131: Building] INFO  o.e.m.c.i.l.LifecycleMappingFactory - Using org.eclipse.m2e.jdt.JarLifecycleMapping lifecycle mapping for MavenProject: trabajo:tfg:0.0.1-SNAPSHOT @ C:\dev\Workspace\Backend\tfg\pom.xml.
2024-08-23 00:48:18,305 [Worker-131: Building] INFO  o.a.m.s.f.DefaultMavenResourcesFiltering - Copying 1 resource from src\main\resources to target\classes
2024-08-23 00:48:18,318 [Worker-131: Building] INFO  o.a.m.s.f.DefaultMavenResourcesFiltering - Copying 0 resource from src\main\resources to target\classes
2024-08-23 00:48:18,322 [Worker-131: Building] INFO  o.a.m.s.f.DefaultMavenResourcesFiltering - skip non existing resourceDirectory C:\dev\Workspace\Backend\tfg\src\test\resources
2024-08-23 00:54:58,123 [Worker-134: Launching tfg - TfgApplication] INFO  o.a.m.s.f.DefaultMavenResourcesFiltering - Copying 1 resource from src\main\resources to target\classes
2024-08-23 00:54:58,125 [Worker-134: Launching tfg - TfgApplication] INFO  o.a.m.s.f.DefaultMavenResourcesFiltering - Copying 0 resource from src\main\resources to target\classes
2024-08-23 00:54:58,127 [Worker-134: Launching tfg - TfgApplication] INFO  o.a.m.s.f.DefaultMavenResourcesFiltering - skip non existing resourceDirectory C:\dev\Workspace\Backend\tfg\src\test\resources
2024-08-23 00:57:09,881 [Worker-133: Building] INFO  o.e.m.c.i.l.LifecycleMappingFactory - Using org.eclipse.m2e.jdt.JarLifecycleMapping lifecycle mapping for MavenProject: trabajo:tfg:0.0.1-SNAPSHOT @ C:\dev\Workspace\Backend\tfg\pom.xml.
2024-08-23 00:57:10,700 [Worker-133: Building] INFO  o.a.m.s.f.DefaultMavenResourcesFiltering - Copying 0 resource from src\main\resources to target\classes
2024-08-23 00:57:10,701 [Worker-133: Building] INFO  o.a.m.s.f.DefaultMavenResourcesFiltering - Copying 0 resource from src\main\resources to target\classes
2024-08-23 00:57:10,704 [Worker-133: Building] INFO  o.a.m.s.f.DefaultMavenResourcesFiltering - skip non existing resourceDirectory C:\dev\Workspace\Backend\tfg\src\test\resources
2024-08-23 00:57:34,660 [Worker-136: Building] INFO  o.a.m.s.f.DefaultMavenResourcesFiltering - Copying 1 resource from src\main\resources to target\classes
2024-08-23 00:57:34,678 [Worker-136: Building] INFO  o.a.m.s.f.DefaultMavenResourcesFiltering - Copying 0 resource from src\main\resources to target\classes
2024-08-23 00:57:34,680 [Worker-136: Building] INFO  o.a.m.s.f.DefaultMavenResourcesFiltering - skip non existing resourceDirectory C:\dev\Workspace\Backend\tfg\src\test\resources
2024-08-23 00:57:50,888 [Worker-137: Building] INFO  o.a.m.s.f.DefaultMavenResourcesFiltering - Copying 1 resource from src\main\resources to target\classes
2024-08-23 00:57:50,895 [Worker-137: Building] INFO  o.a.m.s.f.DefaultMavenResourcesFiltering - Copying 0 resource from src\main\resources to target\classes
2024-08-23 00:57:50,897 [Worker-137: Building] INFO  o.a.m.s.f.DefaultMavenResourcesFiltering - skip non existing resourceDirectory C:\dev\Workspace\Backend\tfg\src\test\resources
2024-08-23 00:57:58,349 [Worker-137: Building] INFO  o.a.m.s.f.DefaultMavenResourcesFiltering - Copying 1 resource from src\main\resources to target\classes
2024-08-23 00:57:58,354 [Worker-137: Building] INFO  o.a.m.s.f.DefaultMavenResourcesFiltering - Copying 0 resource from src\main\resources to target\classes
2024-08-23 00:57:58,356 [Worker-137: Building] INFO  o.a.m.s.f.DefaultMavenResourcesFiltering - skip non existing resourceDirectory C:\dev\Workspace\Backend\tfg\src\test\resources
2024-08-23 00:58:14,751 [Worker-137: Building] INFO  o.e.m.c.i.l.LifecycleMappingFactory - Using org.eclipse.m2e.jdt.JarLifecycleMapping lifecycle mapping for MavenProject: trabajo:tfg:0.0.1-SNAPSHOT @ C:\dev\Workspace\Backend\tfg\pom.xml.
2024-08-23 00:58:15,274 [Worker-137: Building] INFO  o.e.m.c.i.e.AbstractTransferListenerAdapter - Downloading https://repo.maven.apache.org/maven2/commons-codec/commons-codec/1.16.0/commons-codec-1.16.0.pom
2024-08-23 00:58:15,289 [Worker-137: Building] INFO  o.e.m.c.i.e.AbstractTransferListenerAdapter - Downloaded https://repo.maven.apache.org/maven2/commons-codec/commons-codec/1.16.0/commons-codec-1.16.0.pom
2024-08-23 00:58:15,485 [Worker-137: Building] INFO  o.e.m.c.i.e.AbstractTransferListenerAdapter - Downloading https://repo.maven.apache.org/maven2/commons-codec/commons-codec/1.16.0/commons-codec-1.16.0.jar
2024-08-23 00:58:15,533 [Worker-137: Building] INFO  o.e.m.c.i.e.AbstractTransferListenerAdapter - Downloaded https://repo.maven.apache.org/maven2/commons-codec/commons-codec/1.16.0/commons-codec-1.16.0.jar
2024-08-23 00:58:15,959 [Worker-137: Building] INFO  o.a.m.s.f.DefaultMavenResourcesFiltering - Copying 0 resource from src\main\resources to target\classes
2024-08-23 00:58:15,960 [Worker-137: Building] INFO  o.a.m.s.f.DefaultMavenResourcesFiltering - Copying 0 resource from src\main\resources to target\classes
2024-08-23 00:58:15,964 [Worker-137: Building] INFO  o.a.m.s.f.DefaultMavenResourcesFiltering - skip non existing resourceDirectory C:\dev\Workspace\Backend\tfg\src\test\resources
2024-08-23 00:58:16,906 [Worker-137: Download sources and javadoc] INFO  o.e.m.c.i.e.AbstractTransferListenerAdapter - Downloading https://repo.maven.apache.org/maven2/commons-codec/commons-codec/1.16.0/commons-codec-1.16.0-sources.jar
2024-08-23 00:58:16,934 [Worker-137: Download sources and javadoc] INFO  o.e.m.c.i.e.AbstractTransferListenerAdapter - Downloaded https://repo.maven.apache.org/maven2/commons-codec/commons-codec/1.16.0/commons-codec-1.16.0-sources.jar
2024-08-23 00:58:16,936 [Worker-137: Download sources and javadoc] INFO  o.e.m.j.internal.DownloadSourcesJob - Downloaded sources for commons-codec:commons-codec:1.16.0
2024-08-23 00:58:16,948 [Worker-137: Download sources and javadoc] INFO  o.e.m.c.i.e.AbstractTransferListenerAdapter - Downloading https://repo.maven.apache.org/maven2/commons-codec/commons-codec/1.16.0/commons-codec-1.16.0-javadoc.jar
2024-08-23 00:58:16,977 [Worker-137: Download sources and javadoc] INFO  o.e.m.c.i.e.AbstractTransferListenerAdapter - Downloaded https://repo.maven.apache.org/maven2/commons-codec/commons-codec/1.16.0/commons-codec-1.16.0-javadoc.jar
2024-08-23 00:58:16,980 [Worker-137: Download sources and javadoc] INFO  o.e.m.j.internal.DownloadSourcesJob - Downloaded javadoc for commons-codec:commons-codec:1.16.0
2024-08-23 00:58:19,978 [Worker-135: Building] INFO  o.e.m.c.i.l.LifecycleMappingFactory - Using org.eclipse.m2e.jdt.JarLifecycleMapping lifecycle mapping for MavenProject: trabajo:tfg:0.0.1-SNAPSHOT @ C:\dev\Workspace\Backend\tfg\pom.xml.
2024-08-23 00:58:20,777 [Worker-135: Building] INFO  o.a.m.s.f.DefaultMavenResourcesFiltering - Copying 1 resource from src\main\resources to target\classes
2024-08-23 00:58:20,788 [Worker-135: Building] INFO  o.a.m.s.f.DefaultMavenResourcesFiltering - Copying 0 resource from src\main\resources to target\classes
2024-08-23 00:58:20,792 [Worker-135: Building] INFO  o.a.m.s.f.DefaultMavenResourcesFiltering - skip non existing resourceDirectory C:\dev\Workspace\Backend\tfg\src\test\resources
2024-08-23 00:59:04,341 [Worker-136: Building] INFO  o.a.m.s.f.DefaultMavenResourcesFiltering - Copying 1 resource from src\main\resources to target\classes
2024-08-23 00:59:04,345 [Worker-136: Building] INFO  o.a.m.s.f.DefaultMavenResourcesFiltering - Copying 0 resource from src\main\resources to target\classes
2024-08-23 00:59:04,347 [Worker-136: Building] INFO  o.a.m.s.f.DefaultMavenResourcesFiltering - skip non existing resourceDirectory C:\dev\Workspace\Backend\tfg\src\test\resources
2024-08-23 01:00:00,408 [Worker-136: Launching tfg - TfgApplication] INFO  o.a.m.s.f.DefaultMavenResourcesFiltering - Copying 1 resource from src\main\resources to target\classes
2024-08-23 01:00:00,413 [Worker-136: Launching tfg - TfgApplication] INFO  o.a.m.s.f.DefaultMavenResourcesFiltering - Copying 0 resource from src\main\resources to target\classes
2024-08-23 01:00:00,415 [Worker-136: Launching tfg - TfgApplication] INFO  o.a.m.s.f.DefaultMavenResourcesFiltering - skip non existing resourceDirectory C:\dev\Workspace\Backend\tfg\src\test\resources
2024-08-23 01:00:12,921 [Worker-137: Building] INFO  o.a.m.s.f.DefaultMavenResourcesFiltering - Copying 1 resource from src\main\resources to target\classes
2024-08-23 01:00:12,924 [Worker-137: Building] INFO  o.a.m.s.f.DefaultMavenResourcesFiltering - Copying 0 resource from src\main\resources to target\classes
2024-08-23 01:00:12,926 [Worker-137: Building] INFO  o.a.m.s.f.DefaultMavenResourcesFiltering - skip non existing resourceDirectory C:\dev\Workspace\Backend\tfg\src\test\resources
2024-08-23 01:00:36,297 [Worker-133: Building] INFO  o.a.m.s.f.DefaultMavenResourcesFiltering - Copying 1 resource from src\main\resources to target\classes
2024-08-23 01:00:36,300 [Worker-133: Building] INFO  o.a.m.s.f.DefaultMavenResourcesFiltering - Copying 0 resource from src\main\resources to target\classes
2024-08-23 01:00:36,302 [Worker-133: Building] INFO  o.a.m.s.f.DefaultMavenResourcesFiltering - skip non existing resourceDirectory C:\dev\Workspace\Backend\tfg\src\test\resources
2024-08-23 01:00:48,920 [Worker-131: Building] INFO  o.a.m.s.f.DefaultMavenResourcesFiltering - Copying 1 resource from src\main\resources to target\classes
2024-08-23 01:00:48,923 [Worker-131: Building] INFO  o.a.m.s.f.DefaultMavenResourcesFiltering - Copying 0 resource from src\main\resources to target\classes
2024-08-23 01:00:48,924 [Worker-131: Building] INFO  o.a.m.s.f.DefaultMavenResourcesFiltering - skip non existing resourceDirectory C:\dev\Workspace\Backend\tfg\src\test\resources
2024-08-23 01:00:59,455 [Worker-135: Building] INFO  o.a.m.s.f.DefaultMavenResourcesFiltering - Copying 1 resource from src\main\resources to target\classes
2024-08-23 01:00:59,458 [Worker-135: Building] INFO  o.a.m.s.f.DefaultMavenResourcesFiltering - Copying 0 resource from src\main\resources to target\classes
2024-08-23 01:00:59,460 [Worker-135: Building] INFO  o.a.m.s.f.DefaultMavenResourcesFiltering - skip non existing resourceDirectory C:\dev\Workspace\Backend\tfg\src\test\resources
2024-08-23 01:03:31,401 [Worker-133: Building] INFO  o.a.m.s.f.DefaultMavenResourcesFiltering - Copying 1 resource from src\main\resources to target\classes
2024-08-23 01:03:31,405 [Worker-133: Building] INFO  o.a.m.s.f.DefaultMavenResourcesFiltering - Copying 0 resource from src\main\resources to target\classes
2024-08-23 01:03:31,407 [Worker-133: Building] INFO  o.a.m.s.f.DefaultMavenResourcesFiltering - skip non existing resourceDirectory C:\dev\Workspace\Backend\tfg\src\test\resources
2024-08-23 01:03:37,961 [Worker-133: Building] INFO  o.a.m.s.f.DefaultMavenResourcesFiltering - Copying 1 resource from src\main\resources to target\classes
2024-08-23 01:03:37,965 [Worker-133: Building] INFO  o.a.m.s.f.DefaultMavenResourcesFiltering - Copying 0 resource from src\main\resources to target\classes
2024-08-23 01:03:37,967 [Worker-133: Building] INFO  o.a.m.s.f.DefaultMavenResourcesFiltering - skip non existing resourceDirectory C:\dev\Workspace\Backend\tfg\src\test\resources
2024-08-23 01:04:26,536 [Worker-135: Building] INFO  o.a.m.s.f.DefaultMavenResourcesFiltering - Copying 1 resource from src\main\resources to target\classes
2024-08-23 01:04:26,540 [Worker-135: Building] INFO  o.a.m.s.f.DefaultMavenResourcesFiltering - Copying 0 resource from src\main\resources to target\classes
2024-08-23 01:04:26,542 [Worker-135: Building] INFO  o.a.m.s.f.DefaultMavenResourcesFiltering - skip non existing resourceDirectory C:\dev\Workspace\Backend\tfg\src\test\resources
2024-08-23 01:07:01,915 [Worker-139: Building] INFO  o.a.m.s.f.DefaultMavenResourcesFiltering - Copying 1 resource from src\main\resources to target\classes
2024-08-23 01:07:01,920 [Worker-139: Building] INFO  o.a.m.s.f.DefaultMavenResourcesFiltering - Copying 0 resource from src\main\resources to target\classes
2024-08-23 01:07:01,922 [Worker-139: Building] INFO  o.a.m.s.f.DefaultMavenResourcesFiltering - skip non existing resourceDirectory C:\dev\Workspace\Backend\tfg\src\test\resources
2024-08-23 01:07:28,731 [Worker-133: Building] INFO  o.a.m.s.f.DefaultMavenResourcesFiltering - Copying 1 resource from src\main\resources to target\classes
2024-08-23 01:07:28,735 [Worker-133: Building] INFO  o.a.m.s.f.DefaultMavenResourcesFiltering - Copying 0 resource from src\main\resources to target\classes
2024-08-23 01:07:28,737 [Worker-133: Building] INFO  o.a.m.s.f.DefaultMavenResourcesFiltering - skip non existing resourceDirectory C:\dev\Workspace\Backend\tfg\src\test\resources
2024-08-23 01:07:53,733 [Worker-139: Building] INFO  o.a.m.s.f.DefaultMavenResourcesFiltering - Copying 1 resource from src\main\resources to target\classes
2024-08-23 01:07:53,736 [Worker-139: Building] INFO  o.a.m.s.f.DefaultMavenResourcesFiltering - Copying 0 resource from src\main\resources to target\classes
2024-08-23 01:07:53,737 [Worker-139: Building] INFO  o.a.m.s.f.DefaultMavenResourcesFiltering - skip non existing resourceDirectory C:\dev\Workspace\Backend\tfg\src\test\resources
2024-08-23 01:21:12,819 [Worker-144: Building] INFO  o.a.m.s.f.DefaultMavenResourcesFiltering - Copying 1 resource from src\main\resources to target\classes
2024-08-23 01:21:12,837 [Worker-144: Building] INFO  o.a.m.s.f.DefaultMavenResourcesFiltering - Copying 0 resource from src\main\resources to target\classes
2024-08-23 01:21:12,839 [Worker-144: Building] INFO  o.a.m.s.f.DefaultMavenResourcesFiltering - skip non existing resourceDirectory C:\dev\Workspace\Backend\tfg\src\test\resources
2024-08-23 01:24:11,690 [Worker-146: Building] INFO  o.a.m.s.f.DefaultMavenResourcesFiltering - Copying 1 resource from src\main\resources to target\classes
2024-08-23 01:24:11,694 [Worker-146: Building] INFO  o.a.m.s.f.DefaultMavenResourcesFiltering - Copying 0 resource from src\main\resources to target\classes
2024-08-23 01:24:11,696 [Worker-146: Building] INFO  o.a.m.s.f.DefaultMavenResourcesFiltering - skip non existing resourceDirectory C:\dev\Workspace\Backend\tfg\src\test\resources
2024-08-23 01:38:56,981 [Worker-154: Building] INFO  o.a.m.s.f.DefaultMavenResourcesFiltering - Copying 1 resource from src\main\resources to target\classes
2024-08-23 01:38:56,986 [Worker-154: Building] INFO  o.a.m.s.f.DefaultMavenResourcesFiltering - Copying 0 resource from src\main\resources to target\classes
2024-08-23 01:38:56,988 [Worker-154: Building] INFO  o.a.m.s.f.DefaultMavenResourcesFiltering - skip non existing resourceDirectory C:\dev\Workspace\Backend\tfg\src\test\resources
2024-08-23 02:10:21,075 [Worker-161: Building] INFO  o.a.m.s.f.DefaultMavenResourcesFiltering - Copying 1 resource from src\main\resources to target\classes
2024-08-23 02:10:21,094 [Worker-161: Building] INFO  o.a.m.s.f.DefaultMavenResourcesFiltering - Copying 0 resource from src\main\resources to target\classes
2024-08-23 02:10:21,097 [Worker-161: Building] INFO  o.a.m.s.f.DefaultMavenResourcesFiltering - skip non existing resourceDirectory C:\dev\Workspace\Backend\tfg\src\test\resources
2024-08-23 02:11:05,587 [Worker-161: Building] INFO  o.a.m.s.f.DefaultMavenResourcesFiltering - Copying 1 resource from src\main\resources to target\classes
2024-08-23 02:11:05,591 [Worker-161: Building] INFO  o.a.m.s.f.DefaultMavenResourcesFiltering - Copying 0 resource from src\main\resources to target\classes
2024-08-23 02:11:05,593 [Worker-161: Building] INFO  o.a.m.s.f.DefaultMavenResourcesFiltering - skip non existing resourceDirectory C:\dev\Workspace\Backend\tfg\src\test\resources
2024-08-23 02:16:30,721 [Worker-165: Building] INFO  o.a.m.s.f.DefaultMavenResourcesFiltering - Copying 1 resource from src\main\resources to target\classes
2024-08-23 02:16:30,725 [Worker-165: Building] INFO  o.a.m.s.f.DefaultMavenResourcesFiltering - Copying 0 resource from src\main\resources to target\classes
2024-08-23 02:16:30,726 [Worker-165: Building] INFO  o.a.m.s.f.DefaultMavenResourcesFiltering - skip non existing resourceDirectory C:\dev\Workspace\Backend\tfg\src\test\resources
2024-08-23 02:21:25,340 [Worker-160: Building] INFO  o.a.m.s.f.DefaultMavenResourcesFiltering - Copying 1 resource from src\main\resources to target\classes
2024-08-23 02:21:25,345 [Worker-160: Building] INFO  o.a.m.s.f.DefaultMavenResourcesFiltering - Copying 0 resource from src\main\resources to target\classes
2024-08-23 02:21:25,347 [Worker-160: Building] INFO  o.a.m.s.f.DefaultMavenResourcesFiltering - skip non existing resourceDirectory C:\dev\Workspace\Backend\tfg\src\test\resources
2024-08-23 02:23:56,816 [Worker-160: Launching tfg - TfgApplication] INFO  o.a.m.s.f.DefaultMavenResourcesFiltering - Copying 1 resource from src\main\resources to target\classes
2024-08-23 02:23:56,822 [Worker-160: Launching tfg - TfgApplication] INFO  o.a.m.s.f.DefaultMavenResourcesFiltering - Copying 0 resource from src\main\resources to target\classes
2024-08-23 02:23:56,824 [Worker-160: Launching tfg - TfgApplication] INFO  o.a.m.s.f.DefaultMavenResourcesFiltering - skip non existing resourceDirectory C:\dev\Workspace\Backend\tfg\src\test\resources
2024-08-23 02:26:56,423 [Worker-171: Building] INFO  o.a.m.s.f.DefaultMavenResourcesFiltering - Copying 1 resource from src\main\resources to target\classes
2024-08-23 02:26:56,427 [Worker-171: Building] INFO  o.a.m.s.f.DefaultMavenResourcesFiltering - Copying 0 resource from src\main\resources to target\classes
2024-08-23 02:26:56,429 [Worker-171: Building] INFO  o.a.m.s.f.DefaultMavenResourcesFiltering - skip non existing resourceDirectory C:\dev\Workspace\Backend\tfg\src\test\resources
